match_id,match_date,home_team_id,away_team_id,competition_id,season_id,home_avg_goals_scored_l5,home_avg_goals_conceded_l5,home_win_rate_l5,away_avg_goals_scored_l5,away_avg_goals_conceded_l5,away_win_rate_l5,h2h_home_wins,h2h_away_wins,h2h_avg_goals,h2h_avg_xg,result,home_avg_xg_l5,home_avg_xga_l5,home_shots_per_game_l5,home_shots_on_target_l5,home_possession_l5,home_pass_accuracy_l5,home_corners_l5,home_yellow_cards_l5,home_red_cards_l5,home_clean_sheets_l5,home_btts_pct_l5,home_winning_streak,home_losing_streak,home_unbeaten_streak,home_home_win_rate,home_away_win_rate,home_days_since_last_match,home_matches_in_14_days,away_avg_xg_l5,away_avg_xga_l5,away_shots_per_game_l5,away_shots_on_target_l5,away_possession_l5,away_pass_accuracy_l5,away_corners_l5,away_yellow_cards_l5,away_red_cards_l5,away_clean_sheets_l5,away_btts_pct_l5,away_winning_streak,away_losing_streak,away_unbeaten_streak,away_home_win_rate,away_away_win_rate,away_days_since_last_match,away_matches_in_14_days
3888704,1958-06-24,781,771,0,0,0.0,0.0,0.0,0.0,0.0,0.0,0,0,0.0,0.0,Home Win,0.0,0.0,0.0,0.0,0.0,0.0,0.0,0.0,0.0,0.0,0.0,0.0,0.0,0.0,0.0,0.0,0.0,0.0,0.0,0.0,0.0,0.0,0.0,0.0,0.0,0.0,0.0,0.0,0.0,0.0,0.0,0.0,0.0,0.0,0.0,0.0
3888705,1958-06-29,781,790,0,0,5.0,2.0,1.0,0.0,0.0,0.0,0,0,0.0,0.0,Home Win,4.815325868,1.4712429085,41.0,16.0,54.86111111111112,0.759493670886076,8.0,0.0,0.0,0.0,1.0,1.0,0.0,1.0,1.0,0.0,5.0,1.0,0.0,0.0,0.0,0.0,0.0,0.0,0.0,0.0,0.0,0.0,0.0,0.0,0.0,0.0,0.0,0.0,0.0,0.0
3888854,1962-05-30,781,794,0,0,5.0,2.0,1.0,0.0,0.0,0.0,0,0,0.0,0.0,Home Win,4.0782917503,1.12776673325,33.5,13.5,54.742383512544805,0.7498255756005183,10.5,0.0,0.0,0.0,1.0,2.0,0.0,2.0,1.0,0.0,1431.0,0.0,0.0,0.0,0.0,0.0,0.0,0.0,0.0,0.0,0.0,0.0,0.0,0.0,0.0,0.0,0.0,0.0,0.0,0.0
3888699,1970-06-03,781,17469,0,0,4.0,1.3333333333333333,1.0,0.0,0.0,0.0,0,0,0.0,0.0,Home Win,3.5054578272000003,1.0503506501666668,33.666666666666664,13.0,54.52538638703837,0.7677291656590226,9.333333333333334,0.0,0.0,1.0,0.6666666666666666,3.0,0.0,3.0,1.0,0.0,2926.0,0.0,0.0,0.0,0.0,0.0,0.0,0.0,0.0,0.0,0.0,0.0,0.0,0.0,0.0,0.0,0.0,0.0,0.0,0.0
3888700,1970-06-07,781,768,0,0,4.0,1.25,1.0,0.0,0.0,0.0,0,0,0.0,0.0,Home Win,3.5824215874250003,1.39213842105,32.5,12.5,54.127735442452696,0.7842157654146982,7.75,0.5,0.0,1.0,0.75,4.0,0.0,4.0,1.0,0.0,4.0,1.0,0.0,0.0,0.0,0.0,0.0,0.0,0.0,0.0,0.0,0.0,0.0,0.0,0.0,0.0,0.0,0.0,0.0,0.0
3889217,1970-06-09,781,905,0,0,3.4,1.0,1.0,0.0,0.0,0.0,0,0,0.0,0.0,Home Win,3.0393158602400003,1.42122254884,30.0,11.2,53.45730727847094,0.799674037993673,7.4,0.4,0.0,2.0,0.6,5.0,0.0,5.0,1.0,0.0,2.0,2.0,0.0,0.0,0.0,0.0,0.0,0.0,0.0,0.0,0.0,0.0,0.0,0.0,0.0,0.0,0.0,0.0,0.0,0.0
3889218,1970-06-14,781,784,0,0,3.0,1.0,1.0,0.0,0.0,0.0,0,0,0.0,0.0,Home Win,2.5199881322800004,1.36036164394,26.2,9.4,53.62461993996965,0.8223055752152053,7.4,0.4,0.0,2.0,0.6,6.0,0.0,6.0,1.0,0.0,5.0,3.0,0.0,0.0,0.0,0.0,0.0,0.0,0.0,0.0,0.0,0.0,0.0,0.0,0.0,0.0,0.0,0.0,0.0,0.0
3888701,1970-06-17,781,783,0,0,2.8,1.0,1.0,0.0,0.0,0.0,0,0,0.0,0.0,Home Win,2.58285236568,1.38789993142,27.0,9.6,53.01849101822226,0.8455888201880697,6.4,0.4,0.0,2.0,0.6,7.0,0.0,7.0,1.0,0.0,3.0,4.0,0.0,0.0,0.0,0.0,0.0,0.0,0.0,0.0,0.0,0.0,0.0,0.0,0.0,0.0,0.0,0.0,0.0,0.0
3888702,1970-06-21,781,914,0,0,3.0,1.2,1.0,0.0,0.0,0.0,0,0,0.0,0.0,Home Win,2.39426104714,1.37728761848,24.8,8.8,53.62195691598729,0.8576848983131982,6.0,0.6,0.0,1.0,0.8,8.0,0.0,8.0,1.0,0.0,4.0,4.0,0.0,0.0,0.0,0.0,0.0,0.0,0.0,0.0,0.0,0.0,0.0,0.0,0.0,0.0,0.0,0.0,0.0,0.0
3888711,1971-06-02,806,952,0,0,0.0,0.0,0.0,0.0,0.0,0.0,0,0,0.0,0.0,Home Win,0.0,0.0,0.0,0.0,0.0,0.0,0.0,0.0,0.0,0.0,0.0,0.0,0.0,0.0,0.0,0.0,0.0,0.0,0.0,0.0,0.0,0.0,0.0,0.0,0.0,0.0,0.0,0.0,0.0,0.0,0.0,0.0,0.0,0.0,0.0,0.0
3750235,1972-05-31,806,238,0,0,2.0,0.0,1.0,0.0,0.0,0.0,0,0,0.0,0.0,Home Win,2.084321901,0.7718429139999999,20.0,8.0,47.680690399137,0.7171945701357466,7.0,0.0,0.0,1.0,0.0,1.0,0.0,1.0,1.0,0.0,364.0,0.0,0.0,0.0,0.0,0.0,0.0,0.0,0.0,0.0,0.0,0.0,0.0,0.0,0.0,0.0,0.0,0.0,0.0,0.0
3888706,1973-05-30,806,224,0,0,2.0,0.0,1.0,0.0,0.0,0.0,0,0,0.0,0.0,Home Win,1.86020937125,0.604261196,22.5,10.0,52.7360507210409,0.7450091746644762,8.0,0.0,0.0,2.0,0.0,2.0,0.0,2.0,1.0,0.0,364.0,0.0,0.0,0.0,0.0,0.0,0.0,0.0,0.0,0.0,0.0,0.0,0.0,0.0,0.0,0.0,0.0,0.0,0.0,0.0
3888716,1974-06-19,941,790,0,0,0.0,0.0,0.0,2.0,5.0,0.0,0,0,0.0,0.0,Draw,0.0,0.0,0.0,0.0,0.0,0.0,0.0,0.0,0.0,0.0,0.0,0.0,0.0,0.0,0.0,0.0,0.0,0.0,0.784290558,3.3412576326,6.0,3.0,45.376344086021504,0.6682464454976303,8.0,0.0,0.0,0.0,1.0,0.0,1.0,0.0,0.0,0.0,5834.0,0.0
3750180,1974-06-22,2721,770,0,0,0.0,0.0,0.0,0.0,0.0,0.0,0,0,0.0,0.0,Home Win,0.0,0.0,0.0,0.0,0.0,0.0,0.0,0.0,0.0,0.0,0.0,0.0,0.0,0.0,0.0,0.0,0.0,0.0,0.0,0.0,0.0,0.0,0.0,0.0,0.0,0.0,0.0,0.0,0.0,0.0,0.0,0.0,0.0,0.0,0.0,0.0
3888717,1974-06-26,941,779,0,0,0.0,0.0,0.0,0.0,0.0,0.0,0,0,0.0,0.0,Home Win,2.572981466,0.686347812,30.0,7.0,61.57697121401752,0.7682926829268293,5.0,1.0,0.0,1.0,0.0,0.0,0.0,1.0,0.0,0.0,7.0,1.0,0.0,0.0,0.0,0.0,0.0,0.0,0.0,0.0,0.0,0.0,0.0,0.0,0.0,0.0,0.0,0.0,0.0,0.0
3888718,1974-06-30,2721,941,0,0,1.0,0.0,1.0,2.0,0.0,0.5,0,0,0.0,0.0,Away Win,1.067245984,1.790322849,13.0,4.0,38.49009900990099,0.7459807073954984,3.0,3.0,0.0,1.0,0.0,1.0,0.0,1.0,1.0,0.0,8.0,1.0,2.5201074393000003,0.4091780859999999,24.0,7.5,59.76698023066467,0.8006584008326169,5.0,1.5,0.0,2.0,0.0,1.0,0.0,2.0,0.5,0.0,4.0,2.0
3888719,1974-07-03,941,781,0,0,2.0,0.0,0.6666666666666666,3.0,1.2,1.0,0,0,0.0,0.0,Home Win,1.9573383345333333,0.3412653519333333,20.666666666666668,6.0,60.42532235884811,0.8034151243646018,5.333333333333333,1.0,0.0,3.0,0.0,2.0,0.0,3.0,0.5,1.0,3.0,3.0,2.1852628543000003,1.22083017184,24.4,8.2,55.11192347117122,0.8608011654193162,6.2,0.4,0.0,1.0,0.8,9.0,0.0,9.0,1.0,0.0,1473.0,0.0
3888720,1974-07-07,941,770,0,0,2.0,0.0,0.75,0.0,1.0,0.0,0,0,0.0,0.0,Away Win,1.6564760819000002,0.4965913815999999,18.5,6.0,58.1722526387013,0.7960074320683773,4.75,1.25,0.0,4.0,0.0,3.0,0.0,4.0,0.6666666666666666,1.0,4.0,3.0,1.790322849,1.067245984,28.0,5.0,61.50990099009901,0.8148893360160966,10.0,0.0,0.0,0.0,0.0,0.0,1.0,0.0,0.0,0.0,15.0,0.0
3888754,1978-04-19,217,208,0,0,0.0,0.0,0.0,0.0,0.0,0.0,0,0,0.0,0.0,Home Win,0.0,0.0,0.0,0.0,0.0,0.0,0.0,0.0,0.0,0.0,0.0,0.0,0.0,0.0,0.0,0.0,0.0,0.0,0.0,0.0,0.0,0.0,0.0,0.0,0.0,0.0,0.0,0.0,0.0,0.0,0.0,0.0,0.0,0.0,0.0,0.0
3888787,1979-09-07,9763,17403,0,0,0.0,0.0,0.0,0.0,0.0,0.0,0,0,0.0,0.0,Home Win,0.0,0.0,0.0,0.0,0.0,0.0,0.0,0.0,0.0,0.0,0.0,0.0,0.0,0.0,0.0,0.0,0.0,0.0,0.0,0.0,0.0,0.0,0.0,0.0,0.0,0.0,0.0,0.0,0.0,0.0,0.0,0.0,0.0,0.0,0.0,0.0
3888721,1983-06-04,217,220,0,0,3.0,1.0,1.0,0.0,0.0,0.0,0,0,0.0,0.0,Home Win,1.4074092678,0.5440168902000001,13.0,5.0,47.93388429752066,0.7183908045977011,1.0,2.0,0.0,0.0,1.0,1.0,0.0,1.0,1.0,0.0,1872.0,0.0,0.0,0.0,0.0,0.0,0.0,0.0,0.0,0.0,0.0,0.0,0.0,0.0,0.0,0.0,0.0,0.0,0.0,0.0
3750248,1984-05-05,215,217,0,0,0.0,0.0,0.0,2.5,1.0,1.0,0,0,0.0,0.0,Home Win,0.0,0.0,0.0,0.0,0.0,0.0,0.0,0.0,0.0,0.0,0.0,0.0,0.0,0.0,0.0,0.0,0.0,0.0,1.6291248072500002,0.8712788421000002,14.0,6.5,47.05562716405085,0.7433013625637512,3.5,2.0,0.0,0.0,1.0,2.0,0.0,2.0,1.0,0.0,336.0,0.0
3750191,1986-06-22,779,768,0,0,0.0,4.0,0.0,0.0,1.0,0.0,0,0,0.0,0.0,Home Win,0.13200836,2.4672334126,3.0,1.0,42.04301075268817,0.7672634271099744,1.0,1.0,0.0,0.0,0.0,0.0,1.0,0.0,0.0,0.0,4379.0,0.0,1.53755906,0.8668929515000001,21.0,5.0,49.22440537745605,0.8235294117647058,4.0,1.0,0.0,0.0,0.0,0.0,1.0,0.0,0.0,0.0,5859.0,0.0
3889148,1986-06-25,779,782,0,0,1.0,2.5,0.5,0.0,0.0,0.0,0,0,0.0,0.0,Home Win,0.8733128,1.67632883375,9.0,2.0,46.54161633334824,0.7790121483375959,2.5,1.0,0.0,0.0,0.5,1.0,0.0,1.0,1.0,0.0,3.0,1.0,0.0,0.0,0.0,0.0,0.0,0.0,0.0,0.0,0.0,0.0,0.0,0.0,0.0,0.0,0.0,0.0,0.0,0.0
3889149,1986-06-29,779,770,0,0,1.3333333333333333,1.6666666666666667,0.6666666666666666,1.0,1.0,0.5,0,0,0.0,0.0,Home Win,1.1894324166666668,1.4621930195666666,12.0,3.333333333333333,48.81601655595904,0.7995774204256539,3.6666666666666665,1.0,0.0,1.0,0.3333333333333333,2.0,0.0,2.0,1.0,0.0,4.0,2.0,1.5999786035,1.548371902,19.0,4.5,52.38145651914589,0.7807037209328394,10.0,0.5,0.0,0.0,0.5,1.0,0.0,1.0,0.0,0.5,4375.0,0.0
3793185,1990-06-24,781,779,0,0,2.8,1.6,0.8,1.75,1.75,0.75,0,0,0.0,0.0,Away Win,2.20439815812,1.06409622464,23.2,7.2,54.67419585101027,0.843309583157849,5.2,1.0,0.2,0.0,0.8,0.0,1.0,0.0,1.0,0.0,5835.0,0.0,1.2199569872500002,1.461885482425,11.5,3.75,48.336399141356,0.7873753730115481,4.75,1.75,0.0,1.0,0.5,3.0,0.0,3.0,1.0,0.0,1456.0,0.0
3750240,1999-11-23,239,39,0,0,0.0,0.0,0.0,0.0,0.0,0.0,0,0,0.0,0.0,Home Win,0.0,0.0,0.0,0.0,0.0,0.0,0.0,0.0,0.0,0.0,0.0,0.0,0.0,0.0,0.0,0.0,0.0,0.0,0.0,0.0,0.0,0.0,0.0,0.0,0.0,0.0,0.0,0.0,0.0,0.0,0.0,0.0,0.0,0.0,0.0,0.0
3749493,2003-08-16,1,29,0,0,0.0,0.0,0.0,0.0,0.0,0.0,0,0,0.0,0.0,Home Win,0.0,0.0,0.0,0.0,0.0,0.0,0.0,0.0,0.0,0.0,0.0,0.0,0.0,0.0,0.0,0.0,0.0,0.0,0.0,0.0,0.0,0.0,0.0,0.0,0.0,0.0,0.0,0.0,0.0,0.0,0.0,0.0,0.0,0.0,0.0,0.0
3749358,2003-08-24,47,1,0,0,0.0,0.0,0.0,2.0,1.0,1.0,0,0,0.0,0.0,Away Win,0.0,0.0,0.0,0.0,0.0,0.0,0.0,0.0,0.0,0.0,0.0,0.0,0.0,0.0,0.0,0.0,0.0,0.0,2.121151807,1.2674833119999998,14.0,4.0,52.55292652552927,0.7701421800947867,6.0,1.0,1.0,0.0,1.0,1.0,0.0,1.0,1.0,0.0,8.0,1.0
3749108,2003-08-27,1,59,0,0,3.0,0.5,1.0,0.0,0.0,0.0,0,0,0.0,0.0,Home Win,2.4427219895,0.8214599510999998,14.0,6.5,54.43435799960673,0.8079682863090756,5.5,0.5,0.5,1.0,0.5,2.0,0.0,2.0,1.0,1.0,3.0,2.0,0.0,0.0,0.0,0.0,0.0,0.0,0.0,0.0,0.0,0.0,0.0,0.0,0.0,0.0,0.0,0.0,0.0,0.0
3749454,2003-08-31,36,1,0,0,0.0,0.0,0.0,2.6666666666666665,0.3333333333333333,1.0,0,0,0.0,0.0,Away Win,0.0,0.0,0.0,0.0,0.0,0.0,0.0,0.0,0.0,0.0,0.0,0.0,0.0,0.0,0.0,0.0,0.0,0.0,2.313239588333333,0.6453171643999999,16.0,6.0,55.79547170475257,0.8026656880371782,4.333333333333333,1.3333333333333333,0.3333333333333333,2.0,0.3333333333333333,3.0,0.0,3.0,1.0,1.0,4.0,2.0
3749296,2003-09-13,1,105,0,0,2.5,0.5,1.0,0.0,0.0,0.0,0,0,0.0,0.0,Draw,2.0709288075,0.650751989175,14.75,5.75,55.6414244956959,0.7897248977968367,4.5,1.75,0.25,2.0,0.5,4.0,0.0,4.0,1.0,1.0,13.0,1.0,0.0,0.0,0.0,0.0,0.0,0.0,0.0,0.0,0.0,0.0,0.0,0.0,0.0,0.0,0.0,0.0,0.0,0.0
3749552,2003-09-21,39,1,0,0,0.0,2.0,0.0,2.2,0.6,0.8,0,0,0.0,0.0,Draw,0.961947799,0.9177297355,13.0,2.0,65.89371980676329,0.7976539589442815,2.0,3.0,0.0,0.0,0.0,0.0,1.0,0.0,0.0,0.0,1398.0,0.0,2.11596211646,0.7760042329,15.2,6.0,56.45239193300532,0.7867701335016573,5.2,1.8,0.2,2.0,0.6,0.0,0.0,5.0,0.6666666666666666,1.0,8.0,1.0
3749528,2003-09-26,1,37,0,0,1.8,0.4,0.6,0.0,0.0,0.0,0,0,0.0,0.0,Home Win,1.73338345786,0.7341446179,13.8,5.4,55.65439334742375,0.7902927178908632,4.6,2.2,0.0,3.0,0.4,0.0,0.0,6.0,0.6666666666666666,0.6666666666666666,5.0,2.0,0.0,0.0,0.0,0.0,0.0,0.0,0.0,0.0,0.0,0.0,0.0,0.0,0.0,0.0,0.0,0.0,0.0,0.0
3749253,2003-10-04,24,1,0,0,0.0,0.0,0.0,1.6,0.8,0.6,0,0,0.0,0.0,Away Win,0.0,0.0,0.0,0.0,0.0,0.0,0.0,0.0,0.0,0.0,0.0,0.0,0.0,0.0,0.0,0.0,0.0,0.0,1.62550901638,0.8516387812599999,14.2,4.6,54.76879748073437,0.7674955857479367,4.2,2.2,0.0,2.0,0.6,1.0,0.0,7.0,0.75,0.6666666666666666,8.0,2.0
3749079,2003-10-18,1,33,0,0,1.6,1.0,0.6,0.0,0.0,0.0,0,0,0.0,0.0,Home Win,1.3417189071200002,1.0560165515800002,12.6,4.8,52.76031549158462,0.7617949841954639,4.4,2.0,0.0,1.0,0.8,2.0,0.0,8.0,0.75,0.75,14.0,1.0,0.0,0.0,0.0,0.0,0.0,0.0,0.0,0.0,0.0,0.0,0.0,0.0,0.0,0.0,0.0,0.0,0.0,0.0
3749526,2003-10-26,75,1,0,0,0.0,0.0,0.0,1.6,1.0,0.6,0,0,0.0,0.0,Draw,0.0,0.0,0.0,0.0,0.0,0.0,0.0,0.0,0.0,0.0,0.0,0.0,0.0,0.0,0.0,0.0,0.0,0.0,1.4462648643200002,0.97525113648,13.4,5.0,52.03790684507864,0.7704380081920661,4.6,1.6,0.0,1.0,0.8,3.0,0.0,9.0,0.8,0.75,8.0,1.0
3749346,2003-11-01,101,1,0,0,0.0,0.0,0.0,1.6,1.0,0.6,0,0,0.0,0.0,Away Win,0.0,0.0,0.0,0.0,0.0,0.0,0.0,0.0,0.0,0.0,0.0,0.0,0.0,0.0,0.0,0.0,0.0,0.0,1.0518266293400005,0.93809115012,12.2,4.2,51.34605575603128,0.7655402143696527,4.0,1.4,0.0,1.0,0.8,0.0,0.0,10.0,0.8,0.6,6.0,2.0
3749196,2003-11-08,1,38,0,0,2.4,1.2,0.8,0.0,0.0,0.0,0,0,0.0,0.0,Home Win,1.48139944134,0.8526352857199999,13.4,5.2,50.89311450053202,0.7552864912587867,4.0,0.8,0.0,0.0,1.0,1.0,0.0,11.0,0.8,0.6666666666666666,7.0,2.0,0.0,0.0,0.0,0.0,0.0,0.0,0.0,0.0,0.0,0.0,0.0,0.0,0.0,0.0,0.0,0.0,0.0,0.0
3749434,2003-11-22,54,1,0,0,0.0,0.0,0.0,2.2,1.0,0.8,0,0,0.0,0.0,Away Win,0.0,0.0,0.0,0.0,0.0,0.0,0.0,0.0,0.0,0.0,0.0,0.0,0.0,0.0,0.0,0.0,0.0,0.0,1.38205215542,0.82798402312,13.0,5.2,52.83534277392623,0.749350276811934,5.0,1.0,0.0,0.0,1.0,2.0,0.0,12.0,0.8333333333333334,0.6666666666666666,14.0,1.0
3749192,2003-11-30,1,55,0,0,2.4,0.8,0.8,0.0,0.0,0.0,0,0,0.0,0.0,Draw,1.6681723170800002,0.6997841311999999,12.2,5.0,52.72876230632229,0.7485701105378332,5.6,1.0,0.0,1.0,0.8,3.0,0.0,13.0,0.8333333333333334,0.7142857142857143,8.0,1.0,0.0,0.0,0.0,0.0,0.0,0.0,0.0,0.0,0.0,0.0,0.0,0.0,0.0,0.0,0.0,0.0,0.0,0.0
3749590,2003-12-06,22,1,0,0,0.0,0.0,0.0,2.0,0.6,0.6,0,0,0.0,0.0,Draw,0.0,0.0,0.0,0.0,0.0,0.0,0.0,0.0,0.0,0.0,0.0,0.0,0.0,0.0,0.0,0.0,0.0,0.0,1.73046732528,0.7133465992,14.2,6.2,54.65151960661583,0.7524048089741697,6.2,1.0,0.0,2.0,0.6,0.0,0.0,14.0,0.7142857142857143,0.7142857142857143,6.0,2.0
3749360,2003-12-14,1,98,0,0,2.0,0.6,0.6,0.0,0.0,0.0,0,0,0.0,0.0,Home Win,1.84397507,0.5656792330000001,14.6,6.2,55.56747376760311,0.7576662895287655,6.2,1.0,0.2,2.0,0.6,0.0,0.0,15.0,0.7142857142857143,0.625,8.0,2.0,0.0,0.0,0.0,0.0,0.0,0.0,0.0,0.0,0.0,0.0,0.0,0.0,0.0,0.0,0.0,0.0,0.0,0.0
3749278,2003-12-20,328,1,0,0,0.0,0.0,0.0,1.4,0.4,0.6,0,0,0.0,0.0,Draw,0.0,0.0,0.0,0.0,0.0,0.0,0.0,0.0,0.0,0.0,0.0,0.0,0.0,0.0,0.0,0.0,0.0,0.0,1.7687358868,0.6009496750000001,15.0,6.4,56.25164852829719,0.764041308615649,6.6,1.2,0.2,3.0,0.4,1.0,0.0,16.0,0.75,0.625,6.0,2.0
3749522,2003-12-26,1,46,0,0,1.2,0.4,0.4,0.0,0.0,0.0,0,0,0.0,0.0,Home Win,1.5854153496,0.6742754798,13.8,6.2,54.490716728639086,0.7754175785025571,5.2,1.4,0.2,3.0,0.4,0.0,0.0,17.0,0.75,0.5555555555555556,6.0,2.0,0.0,0.0,0.0,0.0,0.0,0.0,0.0,0.0,0.0,0.0,0.0,0.0,0.0,0.0,0.0,0.0,0.0,0.0
3749310,2003-12-29,25,1,0,0,0.0,0.0,0.0,1.2,0.4,0.4,0,0,0.0,0.0,Away Win,0.0,0.0,0.0,0.0,0.0,0.0,0.0,0.0,0.0,0.0,0.0,0.0,0.0,0.0,0.0,0.0,0.0,0.0,1.3746855768,0.6607373922,15.4,6.8,57.64033460047919,0.7892183352578683,6.8,1.4,0.2,3.0,0.4,1.0,0.0,18.0,0.7777777777777778,0.5555555555555556,3.0,2.0
3749117,2004-01-07,29,1,0,0,1.0,2.0,0.0,1.4,0.4,0.6,0,1,3.0,3.388635119,Draw,1.2674833119999998,2.121151807,15.0,5.0,47.447073474470734,0.6640419947506562,8.0,3.0,0.0,0.0,1.0,0.0,1.0,0.0,0.0,0.0,144.0,0.0,1.1066921397999998,0.62096748268,13.8,5.8,57.018385138185614,0.7839608294314278,5.6,1.2,0.2,3.0,0.4,2.0,0.0,19.0,0.7777777777777778,0.6,9.0,2.0
3749153,2004-01-10,1,47,0,0,1.4,0.4,0.6,0.0,4.0,0.0,1,0,4.0,3.1397287622000003,Home Win,1.1396484994000002,0.74274929328,13.4,5.8,55.204522401724944,0.7745764263457329,5.4,1.6,0.0,3.0,0.4,0.0,0.0,20.0,0.7777777777777778,0.5454545454545454,3.0,2.0,0.3754365902,2.764292172,9.0,4.0,43.6842105263158,0.7771084337349398,3.0,1.0,0.0,0.0,0.0,0.0,1.0,0.0,0.0,0.0,139.0,0.0
3749133,2004-01-18,59,1,0,0,0.0,2.0,0.0,2.0,0.6,0.6,0,1,2.0,2.347306377,Away Win,0.293031591,2.054274786,8.0,3.0,41.48230088495576,0.6826666666666666,6.0,4.0,0.0,0.0,0.0,0.0,1.0,0.0,0.0,0.0,144.0,0.0,1.15646119112,0.77108623878,14.8,6.2,57.47234238864604,0.7838157217466474,5.8,1.6,0.0,2.0,0.6,1.0,0.0,21.0,0.8,0.5454545454545454,8.0,2.0
3749233,2004-02-01,1,36,0,0,2.2,0.4,0.8,1.0,2.0,0.0,1,0,3.0,2.0110529285,Home Win,1.2982020130199998,0.6598976072800001,16.0,7.0,57.66163984049787,0.7775041160232771,6.0,1.4,0.0,3.0,0.4,2.0,0.0,22.0,0.8,0.5833333333333334,14.0,1.0,0.6670564635,1.3439964649999998,12.0,6.0,44.820717131474105,0.6155555555555555,5.0,4.0,0.0,0.0,1.0,0.0,1.0,0.0,0.0,0.0,154.0,0.0
3749052,2004-02-07,46,1,0,0,0.0,3.0,0.0,2.0,0.6,0.8,0,1,3.0,1.618506729,Away Win,0.6062305450000001,1.012276184,7.0,2.0,36.30952380952381,0.7021857923497268,3.0,5.0,0.0,0.0,0.0,0.0,1.0,0.0,0.0,0.0,43.0,0.0,1.41894093942,0.7984381734199999,15.6,6.6,56.93592850333143,0.7729404136755879,4.2,1.6,0.0,2.0,0.6,3.0,0.0,23.0,0.8181818181818182,0.5833333333333334,6.0,1.0
3749631,2004-02-10,1,25,0,0,2.4,0.8,0.8,0.0,1.0,0.0,1,0,1.0,0.9704262874,Home Win,1.62377035122,0.91233586982,14.4,6.6,57.690645484463495,0.7694379967386731,4.4,1.8,0.0,1.0,0.8,4.0,0.0,24.0,0.8181818181818182,0.6153846153846154,3.0,2.0,0.1321921804,0.838234107,5.0,1.0,41.92872117400419,0.6425,2.0,1.0,0.0,0.0,0.0,0.0,1.0,0.0,0.0,0.0,43.0,0.0
3749276,2004-02-21,33,1,0,0,1.0,2.0,0.0,2.6,0.6,1.0,0,1,3.0,2.129955639,Away Win,0.2632293879999999,1.866726251,8.0,3.0,48.43276036400405,0.7745302713987474,3.0,2.0,0.0,0.0,1.0,0.0,1.0,0.0,0.0,0.0,126.0,0.0,1.72162273782,0.8963299387599999,15.2,7.0,59.56093303231586,0.7687922388351918,4.6,1.6,0.0,2.0,0.6,5.0,0.0,25.0,0.8333333333333334,0.6153846153846154,11.0,2.0
3749642,2004-02-28,1,75,0,0,2.2,0.6,1.0,1.0,1.0,0.0,0,0,2.0,1.4151174534,Home Win,1.5313074169,1.00867347686,13.2,6.2,56.66496610985888,0.7599090630690538,4.2,1.8,0.0,2.0,0.6,6.0,0.0,26.0,0.8333333333333334,0.6428571428571429,7.0,1.0,1.091213276,0.3239041774,7.0,3.0,43.762993762993766,0.6959619952494062,7.0,1.0,0.0,0.0,1.0,0.0,0.0,1.0,0.0,0.0,125.0,0.0
3749465,2004-03-13,98,1,0,0,0.0,1.0,0.0,2.2,0.8,1.0,0,1,1.0,2.787184783,Away Win,0.807258125,1.979926658,8.0,3.0,50.28089887640449,0.7113594040968343,6.0,4.0,0.0,0.0,0.0,0.0,1.0,0.0,0.0,0.0,90.0,0.0,1.63287421,0.9989538622999998,14.6,6.0,57.85136261050644,0.7718382218293321,6.2,1.6,0.0,1.0,0.8,7.0,0.0,27.0,0.8461538461538461,0.6428571428571429,14.0,1.0
3749403,2004-03-20,1,328,0,0,2.2,0.6,1.0,1.0,1.0,0.0,0,0,2.0,2.017860967,Home Win,1.51149603,0.8095563951599998,14.4,5.8,57.05444832283731,0.7735598205292458,5.8,1.2,0.0,2.0,0.6,8.0,0.0,28.0,0.8461538461538461,0.6666666666666666,7.0,1.0,1.206280118,0.8115808489999999,19.0,6.0,47.205707491082045,0.6423173803526449,8.0,2.0,0.0,0.0,1.0,0.0,0.0,1.0,0.0,0.0,91.0,0.0
3749246,2004-03-28,1,39,0,0,2.0,0.6,1.0,0.0,1.0,0.0,0,0,0.0,1.266443751,Draw,1.300851671,0.8936938849399999,14.4,5.8,57.08288378384949,0.779243396977601,6.2,1.2,0.0,2.0,0.6,9.0,0.0,29.0,0.8571428571428571,0.6666666666666666,8.0,1.0,1.010066518,0.56299412475,10.5,3.0,58.66539310457094,0.776476305098345,3.0,3.5,0.0,1.0,0.0,0.0,0.0,1.0,0.0,0.0,189.0,0.0
3749448,2004-04-09,1,24,0,0,1.8,0.8,0.8,1.0,2.0,0.0,1,0,3.0,1.9502446823,Home Win,1.29904467406,0.9413321612,15.4,6.4,53.644768220281584,0.7773262493770002,6.8,1.0,0.0,1.0,0.8,0.0,0.0,30.0,0.8,0.6666666666666666,12.0,1.0,1.3149204426,0.6353242397,14.0,4.0,51.52471083070452,0.7428571428571429,11.0,2.0,0.0,0.0,1.0,0.0,1.0,0.0,0.0,0.0,188.0,0.0
3749431,2004-04-11,37,1,0,0,2.0,3.0,0.0,2.2,1.0,0.8,0,1,5.0,3.1878273716,Draw,0.962907407,2.2249199646,7.0,3.0,48.11218985976268,0.679372197309417,4.0,1.0,0.0,0.0,1.0,0.0,1.0,0.0,0.0,0.0,198.0,0.0,1.47778861426,1.0273521116599995,16.0,6.6,55.834111653506376,0.7845381234355623,6.2,1.2,0.0,1.0,0.8,1.0,0.0,31.0,0.8125,0.6666666666666666,2.0,2.0
3749453,2004-04-16,1,101,0,0,1.8,0.8,0.6,1.0,4.0,0.0,1,0,5.0,2.987028489,Home Win,1.34522547932,0.99754126996,14.0,5.4,55.12337397320357,0.76857259963811,4.6,1.4,0.0,2.0,0.6,0.0,0.0,32.0,0.8125,0.625,5.0,2.0,0.6309059149999999,2.356122574,11.0,3.0,53.70177267987487,0.7242718446601941,4.0,2.0,0.0,0.0,1.0,0.0,1.0,0.0,0.0,0.0,167.0,0.0
3749068,2004-04-25,38,1,0,0,1.0,2.0,0.0,2.4,0.8,0.6,0,1,3.0,2.567834629,Draw,0.839651094,1.728183535,7.0,2.0,38.40104849279161,0.5733788395904437,5.0,4.0,0.0,0.0,1.0,0.0,1.0,0.0,0.0,0.0,169.0,0.0,1.86058858312,0.95709720816,14.8,5.8,54.70058728677317,0.7638747064539515,4.6,1.2,0.0,2.0,0.6,1.0,0.0,33.0,0.8235294117647058,0.625,9.0,2.0
3749462,2004-05-01,1,54,0,0,2.4,1.0,0.4,0.0,3.0,0.0,1,0,3.0,2.739846031,Draw,2.14099853772,0.9864394343,14.4,5.4,52.56484005781429,0.7648249756969037,4.2,1.2,0.0,2.0,0.6,0.0,0.0,34.0,0.8235294117647058,0.5882352941176471,6.0,1.0,0.673920983,2.065925048,8.0,1.0,52.05761316872428,0.6778656126482213,8.0,1.0,0.0,0.0,0.0,0.0,1.0,0.0,0.0,0.0,161.0,0.0
3749274,2004-05-04,105,1,0,0,1.0,1.0,0.0,2.2,0.8,0.4,0,0,2.0,3.5731085601,Draw,1.2770132078,2.2960953523,10.0,3.0,40.30373831775701,0.6376811594202898,1.0,2.0,0.0,0.0,1.0,0.0,0.0,1.0,0.0,0.0,234.0,0.0,1.92194673906,0.7854874003000001,12.4,4.2,56.11497263662502,0.7915230160720741,3.0,1.0,0.0,3.0,0.4,0.0,0.0,35.0,0.7777777777777778,0.5882352941176471,3.0,2.0
3749603,2004-05-09,55,1,0,0,0.0,0.0,0.0,1.6,0.6,0.2,0,0,0.0,2.5092430199999995,Away Win,0.331041728,2.178201292,7.0,0.0,38.8189738625363,0.7007481296758105,0.0,1.0,0.0,1.0,0.0,0.0,0.0,1.0,0.0,0.0,161.0,0.0,1.85423430896,0.6257270421800001,13.4,3.6,58.63224568118761,0.801669989231549,5.0,0.8,0.0,3.0,0.4,0.0,0.0,36.0,0.7777777777777778,0.5555555555555556,5.0,3.0
3749257,2004-05-15,1,22,0,0,1.8,0.6,0.4,1.0,1.0,0.0,0,0,2.0,1.244319346,Home Win,1.8208979537,0.8160470692399999,13.0,4.4,57.47920947141373,0.8076057164232232,5.6,1.2,0.0,3.0,0.4,1.0,0.0,37.0,0.7777777777777778,0.5789473684210527,6.0,3.0,0.352876445,0.891442901,6.0,1.0,39.18322295805739,0.6281690140845071,7.0,1.0,0.0,0.0,1.0,0.0,0.0,1.0,0.0,0.0,161.0,0.0
3752619,2004-05-26,129,256,0,0,0.0,0.0,0.0,0.0,0.0,0.0,0,0,0.0,0.0,Away Win,0.0,0.0,0.0,0.0,0.0,0.0,0.0,0.0,0.0,0.0,0.0,0.0,0.0,0.0,0.0,0.0,0.0,0.0,0.0,0.0,0.0,0.0,0.0,0.0,0.0,0.0,0.0,0.0,0.0,0.0,0.0,0.0,0.0,0.0,0.0,0.0
2302764,2005-05-25,243,24,0,0,0.0,0.0,0.0,1.5,3.0,0.0,0,0,0.0,0.0,Draw,0.0,0.0,0.0,0.0,0.0,0.0,0.0,0.0,0.0,0.0,0.0,0.0,0.0,0.0,0.0,0.0,0.0,0.0,1.62784036895,1.32072872635,13.5,4.0,46.99981360933219,0.7152605924259468,9.5,1.5,0.0,0.0,1.0,0.0,2.0,0.0,0.0,0.0,411.0,0.0
3750200,2007-05-23,243,24,0,0,3.0,3.0,0.0,2.0,3.0,0.0,0,0,6.0,11.220207479,Home Win,6.2895763215,4.930631157500001,28.0,10.0,52.818532818532816,0.7865497076023392,10.0,0.0,0.0,0.0,1.0,0.0,0.0,1.0,0.0,0.0,728.0,0.0,2.7287706318,2.9770112580666663,16.0,6.333333333333333,47.06036480004386,0.7337962050979306,7.666666666666667,1.6666666666666667,0.0,0.0,1.0,0.0,0.0,1.0,0.0,0.0,728.0,0.0
3750201,2009-05-27,217,39,0,0,1.6666666666666667,1.0,0.6666666666666666,0.3333333333333333,1.0,0.0,0,0,0.0,0.0,Home Win,1.3894748401666668,0.7861926210666668,14.0,6.0,53.22670553451693,0.7695068444488934,5.333333333333333,2.6666666666666665,0.0,0.0,0.6666666666666666,0.0,1.0,0.0,1.0,0.0,9153.0,0.0,1.0466934199999998,0.8874799655999999,11.0,3.333333333333333,57.80748764269345,0.7635290062662802,4.333333333333333,2.6666666666666665,0.0,1.0,0.3333333333333333,0.0,0.0,2.0,0.0,0.0,1886.0,0.0
18235,2010-05-22,169,238,0,0,0.0,0.0,0.0,0.0,2.0,0.0,0,0,0.0,0.0,Away Win,0.0,0.0,0.0,0.0,0.0,0.0,0.0,0.0,0.0,0.0,0.0,0.0,0.0,0.0,0.0,0.0,0.0,0.0,0.436679478,1.6360968415,10.0,0.0,42.20858895705521,0.6918604651162791,3.0,2.0,0.0,0.0,0.0,0.0,1.0,0.0,0.0,0.0,13870.0,0.0
18236,2011-05-28,217,39,0,0,1.75,0.75,0.75,0.25,1.25,0.0,1,0,2.0,2.3479739975,Home Win,1.341792239,0.8769518563,13.25,6.25,52.83129535228351,0.7865895927961295,5.0,2.25,0.0,1.0,0.5,1.0,0.0,1.0,1.0,0.0,731.0,0.0,1.0723274555,0.965296083075,11.25,3.0,55.44434953062428,0.773162218617236,5.0,2.75,0.0,1.0,0.25,0.0,1.0,0.0,0.0,0.0,731.0,0.0
18237,2012-05-19,169,33,0,0,0.0,2.0,0.0,1.0,2.0,0.0,0,0,0.0,0.0,Draw,1.0990973026000004,1.1474298763,22.0,3.0,68.06002143622723,0.84251968503937,6.0,2.0,0.0,0.0,0.0,0.0,1.0,0.0,0.0,0.0,728.0,0.0,0.8869449654999997,1.4895698815,11.5,3.0,50.92719695904397,0.755033730740696,7.0,3.0,0.0,0.0,1.0,0.0,2.0,0.0,0.0,0.0,3010.0,0.0
18240,2013-05-25,180,169,0,0,0.0,0.0,0.0,0.5,1.5,0.0,0,0,0.0,0.0,Away Win,0.0,0.0,0.0,0.0,0.0,0.0,0.0,0.0,0.0,0.0,0.0,0.0,0.0,0.0,0.0,0.0,0.0,0.0,4.2514787747,2.6783908589000003,33.5,7.5,61.93514905803457,0.8306082844460306,13.0,1.5,0.0,0.0,0.5,0.0,0.0,1.0,0.0,0.0,371.0,0.0
18241,2014-05-24,220,212,0,0,1.0,2.0,0.0,0.0,0.0,0.0,0,0,0.0,0.0,Home Win,1.1985407940000004,1.8508403467,10.0,3.0,53.82262996941896,0.8238636363636364,1.0,1.0,0.0,0.0,1.0,0.0,1.0,0.0,0.0,0.0,11312.0,0.0,0.0,0.0,0.0,0.0,0.0,0.0,0.0,0.0,0.0,0.0,0.0,0.0,0.0,0.0,0.0,0.0,0.0,0.0
18242,2015-06-06,224,217,0,0,0.0,1.0,0.0,2.0,0.8,0.8,0,0,0.0,0.0,Away Win,0.758452447,2.4362320436,11.0,5.0,44.74327628361858,0.6912568306010929,4.0,1.0,0.0,0.0,0.0,0.0,1.0,0.0,0.0,0.0,15347.0,0.0,1.4597409164,0.7621131026400001,15.0,7.2,55.80022449786609,0.8060552292550416,5.2,2.2,0.0,1.0,0.6,2.0,0.0,2.0,1.0,0.0,1470.0,0.0
3890260,2015-08-15,904,175,0,0,0.0,0.0,0.0,0.0,0.0,0.0,0,0,0.0,0.0,Home Win,0.0,0.0,0.0,0.0,0.0,0.0,0.0,0.0,0.0,0.0,0.0,0.0,0.0,0.0,0.0,0.0,0.0,0.0,0.0,0.0,0.0,0.0,0.0,0.0,0.0,0.0,0.0,0.0,0.0,0.0,0.0,0.0,0.0,0.0,0.0,0.0
3825562,2015-08-21,223,213,0,0,0.0,0.0,0.0,0.0,0.0,0.0,0,0,0.0,0.0,Draw,0.0,0.0,0.0,0.0,0.0,0.0,0.0,0.0,0.0,0.0,0.0,0.0,0.0,0.0,0.0,0.0,0.0,0.0,0.0,0.0,0.0,0.0,0.0,0.0,0.0,0.0,0.0,0.0,0.0,0.0,0.0,0.0,0.0,0.0,0.0,0.0
3825566,2015-08-22,360,207,0,0,0.0,0.0,0.0,0.0,0.0,0.0,0,0,0.0,0.0,Draw,0.0,0.0,0.0,0.0,0.0,0.0,0.0,0.0,0.0,0.0,0.0,0.0,0.0,0.0,0.0,0.0,0.0,0.0,0.0,0.0,0.0,0.0,0.0,0.0,0.0,0.0,0.0,0.0,0.0,0.0,0.0,0.0,0.0,0.0,0.0,0.0
3825565,2015-08-22,214,216,0,0,0.0,0.0,0.0,0.0,0.0,0.0,0,0,0.0,0.0,Home Win,0.0,0.0,0.0,0.0,0.0,0.0,0.0,0.0,0.0,0.0,0.0,0.0,0.0,0.0,0.0,0.0,0.0,0.0,0.0,0.0,0.0,0.0,0.0,0.0,0.0,0.0,0.0,0.0,0.0,0.0,0.0,0.0,0.0,0.0,0.0,0.0
3825564,2015-08-22,219,210,0,0,0.0,0.0,0.0,0.0,0.0,0.0,0,0,0.0,0.0,Draw,0.0,0.0,0.0,0.0,0.0,0.0,0.0,0.0,0.0,0.0,0.0,0.0,0.0,0.0,0.0,0.0,0.0,0.0,0.0,0.0,0.0,0.0,0.0,0.0,0.0,0.0,0.0,0.0,0.0,0.0,0.0,0.0,0.0,0.0,0.0,0.0
3890273,2015-08-22,178,904,0,0,0.0,0.0,0.0,2.0,1.0,1.0,0,0,0.0,0.0,Away Win,0.0,0.0,0.0,0.0,0.0,0.0,0.0,0.0,0.0,0.0,0.0,0.0,0.0,0.0,0.0,0.0,0.0,0.0,3.4393207250000004,0.523961415,25.0,9.0,58.41708542713568,0.7053763440860215,13.0,1.0,0.0,0.0,1.0,1.0,0.0,1.0,1.0,0.0,7.0,1.0
3825563,2015-08-22,212,208,0,0,1.0,4.0,0.0,1.0,3.0,0.0,0,0,0.0,0.0,Home Win,1.0645477276,2.6064781434,12.0,4.0,37.72981614708233,0.6292372881355932,9.0,7.0,0.0,0.0,1.0,0.0,1.0,0.0,0.0,0.0,455.0,0.0,0.5440168902000001,1.4074092678,14.0,4.0,52.066115702479344,0.701058201058201,2.0,3.0,0.0,0.0,1.0,0.0,1.0,0.0,0.0,0.0,13639.0,0.0
266236,2015-08-23,215,217,0,0,1.0,0.0,1.0,2.0,0.8,0.8,1,0,1.0,1.526195085,Away Win,0.616020179,0.910174906,8.0,4.0,34.4311377245509,0.5826086956521739,4.0,3.0,0.0,1.0,0.0,1.0,0.0,1.0,1.0,0.0,11432.0,0.0,1.6323907570400005,0.9301473688000002,15.8,7.8,58.49594507950833,0.8340437350021679,6.2,2.0,0.0,1.0,0.6,3.0,0.0,3.0,1.0,0.5,78.0,0.0
3825567,2015-08-23,1041,220,0,0,0.0,0.0,0.0,2.5,1.5,0.5,0,0,0.0,0.0,Draw,0.0,0.0,0.0,0.0,0.0,0.0,0.0,0.0,0.0,0.0,0.0,0.0,0.0,0.0,0.0,0.0,0.0,0.0,1.9025094687,1.45769403715,15.0,6.0,58.04640691116831,0.8118034484770684,5.0,3.0,0.0,0.0,1.0,1.0,0.0,1.0,1.0,0.0,456.0,0.0
3825568,2015-08-23,218,222,0,0,0.0,0.0,0.0,0.0,0.0,0.0,0,0,0.0,0.0,Draw,0.0,0.0,0.0,0.0,0.0,0.0,0.0,0.0,0.0,0.0,0.0,0.0,0.0,0.0,0.0,0.0,0.0,0.0,0.0,0.0,0.0,0.0,0.0,0.0,0.0,0.0,0.0,0.0,0.0,0.0,0.0,0.0,0.0,0.0,0.0,0.0
3825569,2015-08-23,221,209,0,0,0.0,0.0,0.0,0.0,0.0,0.0,0,0,0.0,0.0,Away Win,0.0,0.0,0.0,0.0,0.0,0.0,0.0,0.0,0.0,0.0,0.0,0.0,0.0,0.0,0.0,0.0,0.0,0.0,0.0,0.0,0.0,0.0,0.0,0.0,0.0,0.0,0.0,0.0,0.0,0.0,0.0,0.0,0.0,0.0,0.0,0.0
3825570,2015-08-24,1049,322,0,0,0.0,0.0,0.0,0.0,0.0,0.0,0,0,0.0,0.0,Away Win,0.0,0.0,0.0,0.0,0.0,0.0,0.0,0.0,0.0,0.0,0.0,0.0,0.0,0.0,0.0,0.0,0.0,0.0,0.0,0.0,0.0,0.0,0.0,0.0,0.0,0.0,0.0,0.0,0.0,0.0,0.0,0.0,0.0,0.0,0.0,0.0
3825571,2015-08-28,222,214,0,0,1.0,1.0,0.0,1.0,0.0,1.0,0,0,0.0,0.0,Home Win,0.0,0.0,0.0,0.0,50.0,0.0,0.0,0.0,0.0,0.0,1.0,0.0,0.0,1.0,0.0,0.0,5.0,1.0,0.0,0.0,0.0,0.0,50.0,0.0,0.0,0.0,0.0,1.0,0.0,1.0,0.0,1.0,1.0,0.0,6.0,1.0
267422,2015-08-29,217,223,0,0,1.8,0.6,0.8,0.0,0.0,0.0,0,0,0.0,0.0,Home Win,1.5777783596250003,0.8630490125000001,16.0,7.75,59.26047107339211,0.8505016886202597,6.25,2.0,0.0,2.0,0.4,4.0,0.0,4.0,1.0,0.6666666666666666,6.0,1.0,0.0,0.0,0.0,0.0,50.0,0.0,0.0,0.0,0.0,1.0,0.0,0.0,0.0,1.0,0.0,0.0,8.0,1.0
3890278,2015-08-29,169,904,0,0,1.0,1.3333333333333333,0.3333333333333333,1.5,0.5,1.0,0,0,0.0,0.0,Home Win,3.8597182694666663,2.291234395933333,28.0,8.0,60.92343270535638,0.801050684254343,11.333333333333334,1.6666666666666667,0.0,0.0,0.6666666666666666,1.0,0.0,2.0,0.0,1.0,826.0,0.0,2.1810701740000003,0.3256401599999999,18.0,6.5,58.25305954310096,0.733996583257964,10.5,0.5,0.0,1.0,0.5,2.0,0.0,2.0,1.0,1.0,7.0,2.0
3825573,2015-08-29,210,1041,0,0,0.0,0.0,0.0,0.0,0.0,0.0,0,0,0.0,0.0,Draw,0.0,0.0,0.0,0.0,50.0,0.0,0.0,0.0,0.0,1.0,0.0,0.0,0.0,1.0,0.0,0.0,7.0,1.0,0.0,0.0,0.0,0.0,50.0,0.0,0.0,0.0,0.0,1.0,0.0,0.0,0.0,1.0,0.0,0.0,6.0,1.0
3825572,2015-08-29,220,218,0,0,1.6666666666666667,1.0,0.3333333333333333,1.0,1.0,0.0,0,0,0.0,0.0,Home Win,1.9025094687,1.45769403715,15.0,6.0,55.364271274112205,0.8118034484770684,5.0,3.0,0.0,1.0,0.6666666666666666,0.0,0.0,2.0,1.0,0.0,6.0,1.0,0.0,0.0,0.0,0.0,50.0,0.0,0.0,0.0,0.0,0.0,1.0,0.0,0.0,1.0,0.0,0.0,6.0,1.0
3825574,2015-08-29,209,360,0,0,2.0,1.0,1.0,0.0,0.0,0.0,0,0,0.0,0.0,Home Win,0.0,0.0,0.0,0.0,50.0,0.0,0.0,0.0,0.0,0.0,1.0,1.0,0.0,1.0,0.0,1.0,6.0,1.0,0.0,0.0,0.0,0.0,50.0,0.0,0.0,0.0,0.0,1.0,0.0,0.0,0.0,1.0,0.0,0.0,7.0,1.0
3825576,2015-08-30,207,219,0,0,0.0,0.0,0.0,0.0,0.0,0.0,0,0,0.0,0.0,Draw,0.0,0.0,0.0,0.0,50.0,0.0,0.0,0.0,0.0,1.0,0.0,0.0,0.0,1.0,0.0,0.0,8.0,1.0,0.0,0.0,0.0,0.0,50.0,0.0,0.0,0.0,0.0,1.0,0.0,0.0,0.0,1.0,0.0,0.0,8.0,1.0
3825575,2015-08-30,208,221,0,0,0.5,2.0,0.0,1.0,2.0,0.0,0,0,0.0,0.0,Draw,0.5440168902000001,1.4074092678,14.0,4.0,51.03305785123968,0.701058201058201,2.0,3.0,0.0,0.0,0.5,0.0,2.0,0.0,0.0,0.0,8.0,1.0,0.0,0.0,0.0,0.0,50.0,0.0,0.0,0.0,0.0,0.0,1.0,0.0,1.0,0.0,0.0,0.0,7.0,1.0
3825577,2015-08-30,216,1049,0,0,0.0,1.0,0.0,1.0,3.0,0.0,0,0,0.0,0.0,Away Win,0.0,0.0,0.0,0.0,50.0,0.0,0.0,0.0,0.0,0.0,0.0,0.0,1.0,0.0,0.0,0.0,8.0,1.0,0.0,0.0,0.0,0.0,50.0,0.0,0.0,0.0,0.0,0.0,1.0,0.0,1.0,0.0,0.0,0.0,6.0,1.0
3825579,2015-08-30,213,212,0,0,0.0,0.0,0.0,1.0,2.0,0.5,0,0,0.0,0.0,Away Win,0.0,0.0,0.0,0.0,50.0,0.0,0.0,0.0,0.0,1.0,0.0,0.0,0.0,1.0,0.0,0.0,9.0,1.0,1.0645477276,2.6064781434,12.0,4.0,43.864908073541166,0.6292372881355932,9.0,7.0,0.0,1.0,0.5,1.0,0.0,1.0,1.0,0.0,8.0,1.0
3825578,2015-08-30,322,215,0,0,3.0,1.0,1.0,0.5,0.5,0.5,0,0,0.0,0.0,Home Win,0.0,0.0,0.0,0.0,50.0,0.0,0.0,0.0,0.0,0.0,1.0,1.0,0.0,1.0,0.0,1.0,6.0,1.0,0.616020179,0.910174906,8.0,4.0,42.21556886227545,0.5826086956521739,4.0,3.0,0.0,1.0,0.0,0.0,1.0,0.0,0.5,0.0,7.0,1.0
3825580,2015-09-11,221,213,0,0,0.5,1.0,0.0,0.0,1.5,0.0,0,0,0.0,0.0,Draw,0.0,0.0,0.0,0.0,50.0,0.0,0.0,0.0,0.0,1.0,0.5,0.0,0.0,1.0,0.0,0.0,12.0,1.0,0.0,0.0,0.0,0.0,50.0,0.0,0.0,0.0,0.0,1.0,0.0,0.0,1.0,0.0,0.0,0.0,12.0,1.0
3890288,2015-09-12,904,872,0,0,1.0,1.3333333333333333,0.6666666666666666,0.0,0.0,0.0,0,0,0.0,0.0,Away Win,1.6380383816666668,1.191470316,15.333333333333334,5.0,50.43758297348536,0.7231934893677433,8.666666666666666,1.3333333333333333,0.0,1.0,0.3333333333333333,0.0,1.0,0.0,1.0,0.5,14.0,1.0,0.0,0.0,0.0,0.0,0.0,0.0,0.0,0.0,0.0,0.0,0.0,0.0,0.0,0.0,0.0,0.0,0.0,0.0
3825581,2015-09-12,214,220,0,0,1.0,1.5,0.5,2.5,0.75,0.5,0,0,0.0,0.0,Away Win,0.0,0.0,0.0,0.0,50.0,0.0,0.0,0.0,0.0,1.0,0.5,0.0,1.0,0.0,1.0,0.0,15.0,0.0,1.9025094687,1.45769403715,15.0,6.0,54.02320345558415,0.8118034484770684,5.0,3.0,0.0,2.0,0.5,1.0,0.0,3.0,1.0,0.0,14.0,1.0
266166,2015-09-12,212,217,0,0,1.6666666666666667,1.3333333333333333,0.6666666666666666,2.0,0.4,1.0,0,0,0.0,0.0,Away Win,1.0645477276,2.6064781434,12.0,4.0,45.9099387156941,0.6292372881355932,9.0,7.0,0.0,2.0,0.3333333333333333,2.0,0.0,2.0,1.0,0.5,13.0,1.0,1.800312844166667,0.945391957,16.666666666666668,8.666666666666666,56.146698618302295,0.8600296487539535,5.333333333333333,1.3333333333333333,0.0,3.0,0.4,5.0,0.0,5.0,1.0,0.6666666666666666,14.0,1.0
3825582,2015-09-12,218,210,0,0,0.5,3.0,0.0,0.0,0.0,0.0,0,0,0.0,0.0,Home Win,0.0,0.0,0.0,0.0,50.0,0.0,0.0,0.0,0.0,0.0,0.5,0.0,1.0,0.0,0.0,0.0,14.0,1.0,0.0,0.0,0.0,0.0,50.0,0.0,0.0,0.0,0.0,2.0,0.0,0.0,0.0,2.0,0.0,0.0,14.0,1.0
3825583,2015-09-12,1041,207,0,0,0.0,0.0,0.0,0.5,0.5,0.0,0,0,0.0,0.0,Away Win,0.0,0.0,0.0,0.0,50.0,0.0,0.0,0.0,0.0,2.0,0.0,0.0,0.0,2.0,0.0,0.0,14.0,1.0,0.0,0.0,0.0,0.0,50.0,0.0,0.0,0.0,0.0,1.0,0.5,0.0,0.0,2.0,0.0,0.0,13.0,1.0
3825587,2015-09-13,215,216,0,0,0.3333333333333333,1.0,0.3333333333333333,0.5,1.5,0.0,0,0,0.0,0.0,Home Win,0.616020179,0.910174906,8.0,4.0,44.81037924151696,0.5826086956521739,4.0,3.0,0.0,1.0,0.0,0.0,2.0,0.0,0.5,0.0,14.0,1.0,0.0,0.0,0.0,0.0,50.0,0.0,0.0,0.0,0.0,0.0,0.5,0.0,2.0,0.0,0.0,0.0,14.0,1.0
3825584,2015-09-13,1049,222,0,0,1.5,2.0,0.5,2.0,1.0,0.5,0,0,0.0,0.0,Away Win,0.0,0.0,0.0,0.0,50.0,0.0,0.0,0.0,0.0,0.0,1.0,1.0,0.0,1.0,0.0,1.0,14.0,1.0,0.0,0.0,0.0,0.0,50.0,0.0,0.0,0.0,0.0,0.0,1.0,1.0,0.0,2.0,1.0,0.0,16.0,0.0
3825586,2015-09-13,223,322,0,0,0.0,0.5,0.0,2.5,0.5,1.0,0,0,0.0,0.0,Draw,0.0,0.0,0.0,0.0,50.0,0.0,0.0,0.0,0.0,1.0,0.0,0.0,1.0,0.0,0.0,0.0,15.0,0.0,0.0,0.0,0.0,0.0,50.0,0.0,0.0,0.0,0.0,1.0,0.5,2.0,0.0,2.0,1.0,1.0,14.0,1.0
3825585,2015-09-13,209,208,0,0,2.5,0.5,1.0,0.3333333333333333,1.3333333333333333,0.0,0,0,0.0,0.0,Draw,0.0,0.0,0.0,0.0,50.0,0.0,0.0,0.0,0.0,1.0,0.5,2.0,0.0,2.0,1.0,1.0,15.0,0.0,0.5440168902000001,1.4074092678,14.0,4.0,50.68870523415978,0.701058201058201,2.0,3.0,0.0,1.0,0.3333333333333333,0.0,0.0,1.0,0.0,0.0,14.0,1.0
3825588,2015-09-14,360,219,0,0,0.0,1.5,0.0,0.5,0.5,0.0,0,0,0.0,0.0,Away Win,0.0,0.0,0.0,0.0,50.0,0.0,0.0,0.0,0.0,1.0,0.0,0.0,1.0,0.0,0.0,0.0,16.0,0.0,0.0,0.0,0.0,0.0,50.0,0.0,0.0,0.0,0.0,1.0,0.5,0.0,0.0,2.0,0.0,0.0,15.0,0.0
3825589,2015-09-18,216,223,0,0,0.6666666666666666,2.0,0.0,0.0,0.3333333333333333,0.0,0,0,0.0,0.0,Home Win,0.0,0.0,0.0,0.0,50.0,0.0,0.0,0.0,0.0,0.0,0.6666666666666666,0.0,3.0,0.0,0.0,0.0,5.0,1.0,0.0,0.0,0.0,0.0,50.0,0.0,0.0,0.0,0.0,2.0,0.0,0.0,0.0,1.0,0.0,0.0,5.0,1.0
3825590,2015-09-19,220,1049,0,0,3.2,0.6,0.6,1.3333333333333333,2.333333333333333,0.3333333333333333,0,0,0.0,0.0,Home Win,1.9025094687,1.45769403715,15.0,6.0,53.21856276446732,0.8118034484770684,5.0,3.0,0.0,3.0,0.4,2.0,0.0,4.0,1.0,0.3333333333333333,7.0,1.0,0.0,0.0,0.0,0.0,50.0,0.0,0.0,0.0,0.0,0.0,1.0,0.0,1.0,0.0,0.0,1.0,6.0,1.0
3825591,2015-09-19,207,218,0,0,0.6666666666666666,0.3333333333333333,0.3333333333333333,0.6666666666666666,2.0,0.3333333333333333,0,0,0.0,0.0,Draw,0.0,0.0,0.0,0.0,50.0,0.0,0.0,0.0,0.0,2.0,0.3333333333333333,1.0,0.0,3.0,0.0,0.5,7.0,1.0,0.0,0.0,0.0,0.0,50.0,0.0,0.0,0.0,0.0,1.0,0.3333333333333333,1.0,0.0,1.0,0.5,0.0,7.0,1.0
3825593,2015-09-19,322,212,0,0,1.6666666666666667,0.3333333333333333,0.6666666666666666,1.5,1.5,0.5,0,0,0.0,0.0,Away Win,0.0,0.0,0.0,0.0,50.0,0.0,0.0,0.0,0.0,2.0,0.3333333333333333,0.0,0.0,3.0,1.0,0.5,6.0,1.0,1.0645477276,2.6064781434,12.0,4.0,46.93245403677058,0.6292372881355932,9.0,7.0,0.0,2.0,0.5,0.0,1.0,0.0,0.5,0.5,7.0,1.0
3825592,2015-09-19,210,214,0,0,0.0,0.3333333333333333,0.0,0.6666666666666666,3.0,0.3333333333333333,0,0,0.0,0.0,Away Win,0.0,0.0,0.0,0.0,50.0,0.0,0.0,0.0,0.0,2.0,0.0,0.0,1.0,0.0,0.0,0.0,7.0,1.0,0.0,0.0,0.0,0.0,50.0,0.0,0.0,0.0,0.0,1.0,0.3333333333333333,0.0,2.0,0.0,0.5,0.0,7.0,1.0
3825596,2015-09-20,219,1041,0,0,1.3333333333333333,0.6666666666666666,0.3333333333333333,0.0,0.3333333333333333,0.0,0,0,0.0,0.0,Away Win,0.0,0.0,0.0,0.0,50.0,0.0,0.0,0.0,0.0,1.0,0.6666666666666666,1.0,0.0,3.0,0.0,0.5,6.0,1.0,0.0,0.0,0.0,0.0,50.0,0.0,0.0,0.0,0.0,2.0,0.0,0.0,1.0,0.0,0.0,0.0,8.0,1.0
3825597,2015-09-20,208,360,0,0,1.0,1.75,0.0,0.3333333333333333,2.0,0.0,0,0,0.0,0.0,Away Win,0.5440168902000001,1.4074092678,14.0,4.0,50.51652892561984,0.701058201058201,2.0,3.0,0.0,1.0,0.5,0.0,0.0,2.0,0.0,0.0,7.0,1.0,0.0,0.0,0.0,0.0,50.0,0.0,0.0,0.0,0.0,1.0,0.3333333333333333,0.0,2.0,0.0,0.0,0.0,6.0,1.0
3825594,2015-09-20,213,209,0,0,0.3333333333333333,1.3333333333333333,0.0,2.6666666666666665,1.3333333333333333,0.6666666666666666,0,0,0.0,0.0,Away Win,0.0,0.0,0.0,0.0,50.0,0.0,0.0,0.0,0.0,1.0,0.3333333333333333,0.0,0.0,1.0,0.0,0.0,9.0,1.0,0.0,0.0,0.0,0.0,50.0,0.0,0.0,0.0,0.0,1.0,0.6666666666666666,0.0,0.0,3.0,0.5,1.0,7.0,1.0
266490,2015-09-20,217,221,0,0,2.0,0.6,1.0,0.6666666666666666,1.0,0.0,0,0,0.0,0.0,Home Win,2.1010970485,0.8434731545000003,19.5,9.5,55.81768565718564,0.8711255542120113,6.0,1.5,0.0,2.0,0.6,6.0,0.0,6.0,1.0,0.75,8.0,1.0,0.0,0.0,0.0,0.0,50.0,0.0,0.0,0.0,0.0,1.0,0.6666666666666666,0.0,0.0,2.0,0.0,0.0,9.0,1.0
3825595,2015-09-20,222,215,0,0,2.333333333333333,1.0,0.6666666666666666,1.0,1.0,0.5,0,0,0.0,0.0,Home Win,0.0,0.0,0.0,0.0,50.0,0.0,0.0,0.0,0.0,0.0,1.0,2.0,0.0,3.0,1.0,0.5,7.0,1.0,0.616020179,0.910174906,8.0,4.0,46.10778443113772,0.5826086956521739,4.0,3.0,0.0,1.0,0.25,1.0,0.0,1.0,0.6666666666666666,0.0,7.0,1.0
3890301,2015-09-20,180,904,0,0,1.0,2.0,0.0,0.75,1.25,0.5,0,0,0.0,0.0,Home Win,1.5169214700000002,3.076197259,13.0,7.0,41.1,0.6520681265206812,6.0,1.0,0.0,0.0,1.0,0.0,1.0,0.0,0.0,0.0,848.0,0.0,1.58683938775,0.97722973635,15.5,4.75,55.82253751259989,0.7370575974025735,9.0,1.75,0.0,1.0,0.25,0.0,2.0,0.0,0.5,0.5,8.0,1.0
3825599,2015-09-22,214,207,0,0,1.25,2.75,0.5,0.5,0.25,0.25,0,0,0.0,0.0,Home Win,0.0,0.0,0.0,0.0,50.0,0.0,0.0,0.0,0.0,1.0,0.5,1.0,0.0,1.0,0.5,0.5,3.0,2.0,0.0,0.0,0.0,0.0,50.0,0.0,0.0,0.0,0.0,3.0,0.25,0.0,0.0,4.0,0.0,0.5,3.0,2.0
3825892,2015-09-22,1049,210,0,0,1.0,2.0,0.25,0.5,1.0,0.0,0,0,0.0,0.0,Away Win,0.0,0.0,0.0,0.0,50.0,0.0,0.0,0.0,0.0,0.0,0.75,0.0,2.0,0.0,0.0,0.5,3.0,2.0,0.0,0.0,0.0,0.0,50.0,0.0,0.0,0.0,0.0,2.0,0.25,0.0,2.0,0.0,0.0,0.0,3.0,2.0
3825598,2015-09-22,212,216,0,0,1.6,1.2,0.6,0.75,1.5,0.25,0,0,0.0,0.0,Home Win,1.0645477276,2.6064781434,12.0,4.0,47.54596322941647,0.6292372881355932,9.0,7.0,0.0,3.0,0.4,1.0,0.0,1.0,0.5,0.6666666666666666,3.0,2.0,0.0,0.0,0.0,0.0,50.0,0.0,0.0,0.0,0.0,1.0,0.5,1.0,0.0,1.0,0.5,0.0,4.0,2.0
3890312,2015-09-23,904,177,0,0,0.6,1.6,0.4,0.0,0.0,0.0,0,0,0.0,0.0,Home Win,1.42639445868,1.4133293134799998,14.0,4.4,53.27494543296549,0.7291379947811812,7.4,2.0,0.0,1.0,0.2,0.0,3.0,0.0,0.5,0.3333333333333333,3.0,2.0,0.0,0.0,0.0,0.0,0.0,0.0,0.0,0.0,0.0,0.0,0.0,0.0,0.0,0.0,0.0,0.0,0.0,0.0
266467,2015-09-23,209,217,0,0,2.5,1.25,0.75,2.2,0.6,1.0,0,0,0.0,0.0,Home Win,0.0,0.0,0.0,0.0,50.0,0.0,0.0,0.0,0.0,1.0,0.75,1.0,0.0,4.0,0.5,1.0,3.0,2.0,2.2706584710000004,1.3841882210000005,17.0,8.0,52.28249744114637,0.8583333333333333,6.0,1.0,0.0,2.0,0.6,7.0,0.0,7.0,1.0,0.75,3.0,2.0
3825848,2015-09-23,221,322,0,0,0.75,1.75,0.0,1.25,0.75,0.5,0,0,0.0,0.0,Draw,0.0,0.0,0.0,0.0,50.0,0.0,0.0,0.0,0.0,1.0,0.75,0.0,1.0,0.0,0.0,0.0,3.0,2.0,0.0,0.0,0.0,0.0,50.0,0.0,0.0,0.0,0.0,2.0,0.25,0.0,1.0,0.0,0.5,0.5,4.0,2.0
3825895,2015-09-23,208,213,0,0,0.8,1.6,0.0,0.5,1.5,0.0,0,0,0.0,0.0,Home Win,0.5440168902000001,1.4074092678,14.0,4.0,50.41322314049587,0.701058201058201,2.0,3.0,0.0,1.0,0.4,0.0,1.0,0.0,0.0,0.0,3.0,2.0,0.0,0.0,0.0,0.0,50.0,0.0,0.0,0.0,0.0,1.0,0.5,0.0,1.0,0.0,0.0,0.0,3.0,2.0
3825601,2015-09-23,360,1041,0,0,0.5,1.5,0.25,0.75,0.75,0.25,0,0,0.0,0.0,Home Win,0.0,0.0,0.0,0.0,50.0,0.0,0.0,0.0,0.0,2.0,0.25,1.0,0.0,1.0,0.0,0.5,3.0,2.0,0.0,0.0,0.0,0.0,50.0,0.0,0.0,0.0,0.0,2.0,0.25,1.0,0.0,1.0,0.0,0.5,3.0,2.0
3825600,2015-09-23,223,222,0,0,0.0,0.5,0.0,2.5,1.0,0.75,0,0,0.0,0.0,Away Win,0.0,0.0,0.0,0.0,50.0,0.0,0.0,0.0,0.0,2.0,0.0,0.0,1.0,0.0,0.0,0.0,5.0,2.0,0.0,0.0,0.0,0.0,50.0,0.0,0.0,0.0,0.0,0.0,1.0,3.0,0.0,4.0,1.0,0.5,3.0,2.0
3825602,2015-09-23,215,220,0,0,1.0,1.4,0.4,3.2,0.2,0.8,0,0,0.0,0.0,Away Win,0.616020179,0.910174906,8.0,4.0,46.88622754491018,0.5826086956521739,4.0,3.0,0.0,1.0,0.4,0.0,1.0,0.0,0.6666666666666666,0.0,3.0,2.0,2.6064781434,1.0645477276,20.0,9.0,52.454036770583535,0.7997432605905006,9.0,5.0,0.0,4.0,0.2,3.0,0.0,5.0,1.0,0.3333333333333333,4.0,2.0
3825603,2015-09-24,218,219,0,0,0.5,1.5,0.25,1.5,1.25,0.25,0,0,0.0,0.0,Away Win,0.0,0.0,0.0,0.0,50.0,0.0,0.0,0.0,0.0,2.0,0.25,0.0,0.0,2.0,0.5,0.0,5.0,2.0,0.0,0.0,0.0,0.0,50.0,0.0,0.0,0.0,0.0,1.0,0.75,0.0,1.0,0.0,0.0,0.5,4.0,2.0
3825604,2015-09-25,207,1049,0,0,0.4,0.4,0.2,0.8,2.2,0.2,0,0,0.0,0.0,Home Win,0.0,0.0,0.0,0.0,50.0,0.0,0.0,0.0,0.0,3.0,0.2,0.0,1.0,0.0,0.0,0.3333333333333333,3.0,3.0,0.0,0.0,0.0,0.0,50.0,0.0,0.0,0.0,0.0,0.0,0.6,0.0,3.0,0.0,0.0,0.5,3.0,3.0
3825608,2015-09-26,322,209,0,0,1.4,1.0,0.4,2.8,1.2,0.8,0,0,0.0,0.0,Draw,0.985705701,0.7354492116000001,10.0,4.0,48.48351648351648,0.6113989637305699,7.0,5.0,0.0,2.0,0.4,0.0,0.0,1.0,0.5,0.3333333333333333,3.0,3.0,0.0,0.0,0.0,0.0,50.0,0.0,0.0,0.0,0.0,1.0,0.8,2.0,0.0,5.0,0.6666666666666666,1.0,3.0,3.0
3825606,2015-09-26,220,223,0,0,2.8,0.2,0.8,0.0,0.6,0.0,0,0,0.0,0.0,Draw,0.0,0.0,0.0,0.0,50.0,0.0,0.0,0.0,0.0,4.0,0.2,4.0,0.0,6.0,1.0,0.5,3.0,3.0,0.0,0.0,0.0,0.0,50.0,0.0,0.0,0.0,0.0,2.0,0.0,0.0,2.0,0.0,0.0,0.0,3.0,3.0
3825605,2015-09-26,213,360,0,0,0.4,1.6,0.0,0.8,1.4,0.4,0,0,0.0,0.0,Home Win,1.782801611,1.075593643,16.0,3.0,51.05908584169454,0.7217741935483871,5.0,4.0,0.0,1.0,0.4,0.0,2.0,0.0,0.0,0.0,3.0,2.0,0.0,0.0,0.0,0.0,50.0,0.0,0.0,0.0,0.0,2.0,0.4,2.0,0.0,2.0,0.3333333333333333,0.5,3.0,3.0
3825607,2015-09-26,222,212,0,0,2.2,0.8,0.8,1.8,0.4,0.8,0,0,0.0,0.0,Home Win,0.0,0.0,0.0,0.0,50.0,0.0,0.0,0.0,0.0,1.0,0.8,4.0,0.0,5.0,1.0,0.6666666666666666,3.0,3.0,0.0,0.0,0.0,0.0,50.0,0.0,0.0,0.0,0.0,4.0,0.2,2.0,0.0,2.0,0.6666666666666666,0.6666666666666666,4.0,3.0
3890315,2015-09-26,176,904,0,0,0.0,0.0,0.0,0.4,1.4,0.4,0,0,0.0,0.0,Away Win,0.0,0.0,0.0,0.0,0.0,0.0,0.0,0.0,0.0,0.0,0.0,0.0,0.0,0.0,0.0,0.0,0.0,0.0,1.0373954296,1.39010839048,13.0,3.6,54.82804287035992,0.7435486193809049,7.0,2.4,0.0,2.0,0.0,1.0,0.0,1.0,0.6666666666666666,0.3333333333333333,3.0,3.0
267611,2015-09-26,217,208,0,0,1.8,1.2,0.8,1.0,1.0,0.2,1,0,4.0,1.9514261580000003,Home Win,0.0,0.0,0.0,0.0,50.0,0.0,0.0,0.0,0.0,2.0,0.6,0.0,1.0,0.0,1.0,0.6,3.0,3.0,1.075593643,1.782801611,12.0,4.0,48.94091415830546,0.6683291770573566,4.0,3.0,0.0,2.0,0.2,1.0,0.0,1.0,0.3333333333333333,0.0,3.0,3.0
3825609,2015-09-27,210,215,0,0,1.0,0.8,0.2,1.0,1.8,0.2,0,0,0.0,0.0,Draw,0.0,0.0,0.0,0.0,50.0,0.0,0.0,0.0,0.0,3.0,0.2,1.0,0.0,1.0,0.0,0.3333333333333333,5.0,2.0,0.0,0.0,0.0,0.0,50.0,0.0,0.0,0.0,0.0,0.0,0.6,0.0,2.0,0.0,0.5,0.0,4.0,3.0
3825612,2015-09-27,216,221,0,0,0.6,1.6,0.2,1.0,1.8,0.0,0,0,0.0,0.0,Home Win,0.0,0.0,0.0,0.0,50.0,0.0,0.0,0.0,0.0,1.0,0.4,0.0,1.0,0.0,0.5,0.0,5.0,3.0,0.7354492116000001,0.985705701,12.0,2.0,51.51648351648352,0.7538167938931297,4.0,2.0,0.0,1.0,0.8,0.0,0.0,1.0,0.0,0.0,4.0,2.0
3825610,2015-09-27,1041,218,0,0,0.8,1.0,0.2,0.6,1.6,0.2,0,0,0.0,0.0,Away Win,0.0,0.0,0.0,0.0,50.0,0.0,0.0,0.0,0.0,2.0,0.4,0.0,1.0,0.0,0.0,0.3333333333333333,4.0,2.0,0.0,0.0,0.0,0.0,50.0,0.0,0.0,0.0,0.0,2.0,0.4,0.0,1.0,0.0,0.3333333333333333,0.0,3.0,2.0
3825611,2015-09-27,219,214,0,0,1.6,1.2,0.4,1.2,2.2,0.6,0,0,0.0,0.0,Home Win,0.0,0.0,0.0,0.0,50.0,0.0,0.0,0.0,0.0,1.0,0.8,1.0,0.0,1.0,0.0,0.6666666666666666,3.0,3.0,0.0,0.0,0.0,0.0,50.0,0.0,0.0,0.0,0.0,2.0,0.4,2.0,0.0,2.0,0.6666666666666666,0.5,5.0,2.0
3825613,2015-10-02,209,216,0,0,2.6,1.2,0.6,1.2,1.4,0.4,0,0,0.0,0.0,Draw,0.0,0.0,0.0,0.0,50.0,0.0,0.0,0.0,0.0,1.0,0.8,0.0,0.0,6.0,0.6666666666666666,0.6666666666666666,6.0,3.0,0.0,0.0,0.0,0.0,50.0,0.0,0.0,0.0,0.0,2.0,0.4,1.0,0.0,1.0,0.6666666666666666,0.0,5.0,3.0
3825614,2015-10-03,1049,219,0,0,0.6,1.8,0.2,2.2,1.2,0.6,0,0,0.0,0.0,Draw,0.0,0.0,0.0,0.0,50.0,0.0,0.0,0.0,0.0,0.0,0.4,0.0,4.0,0.0,0.0,0.3333333333333333,8.0,3.0,0.0,0.0,0.0,0.0,50.0,0.0,0.0,0.0,0.0,1.0,0.8,2.0,0.0,2.0,0.3333333333333333,0.6666666666666666,6.0,3.0
3825616,2015-10-03,223,210,0,0,0.0,0.6,0.0,1.0,0.8,0.2,0,0,0.0,0.0,Home Win,0.0,0.0,0.0,0.0,50.0,0.0,0.0,0.0,0.0,2.0,0.0,0.0,0.0,1.0,0.0,0.0,7.0,2.0,0.0,0.0,0.0,0.0,50.0,0.0,0.0,0.0,0.0,3.0,0.2,0.0,0.0,2.0,0.0,0.3333333333333333,6.0,3.0
3825617,2015-10-03,213,217,0,0,1.0,2.0,0.2,2.0,1.4,0.8,0,0,0.0,0.0,Home Win,1.782801611,1.075593643,16.0,3.0,51.05908584169454,0.7217741935483871,5.0,4.0,0.0,0.0,0.6,1.0,0.0,1.0,0.3333333333333333,0.0,7.0,3.0,0.0,0.0,0.0,0.0,50.0,0.0,0.0,0.0,0.0,1.0,0.8,1.0,0.0,1.0,1.0,0.6,7.0,3.0
3825615,2015-10-03,214,1041,0,0,1.0,2.8,0.4,1.0,1.4,0.2,0,0,0.0,0.0,Away Win,0.0,0.0,0.0,0.0,50.0,0.0,0.0,0.0,0.0,1.0,0.4,0.0,1.0,0.0,0.6666666666666666,0.3333333333333333,6.0,3.0,0.0,0.0,0.0,0.0,50.0,0.0,0.0,0.0,0.0,1.0,0.6,0.0,2.0,0.0,0.0,0.3333333333333333,6.0,3.0
3825618,2015-10-03,208,322,0,0,1.2,1.2,0.2,1.0,1.0,0.2,0,0,0.0,0.0,Away Win,1.075593643,1.782801611,12.0,4.0,48.94091415830546,0.6683291770573566,4.0,3.0,0.0,2.0,0.4,0.0,1.0,0.0,0.3333333333333333,0.0,7.0,3.0,0.985705701,0.7354492116000001,10.0,4.0,48.48351648351648,0.6113989637305699,7.0,5.0,0.0,2.0,0.4,0.0,0.0,2.0,0.3333333333333333,0.3333333333333333,7.0,3.0
3825620,2015-10-04,360,218,0,0,1.2,2.0,0.4,0.8,1.6,0.4,0,0,0.0,0.0,Away Win,0.0,0.0,0.0,0.0,50.0,0.0,0.0,0.0,0.0,1.0,0.6,0.0,1.0,0.0,0.3333333333333333,0.3333333333333333,8.0,3.0,0.0,0.0,0.0,0.0,50.0,0.0,0.0,0.0,0.0,2.0,0.4,1.0,0.0,1.0,0.3333333333333333,0.3333333333333333,7.0,2.0
3890330,2015-10-04,904,172,0,0,0.8,1.4,0.4,0.0,0.0,0.0,0,0,0.0,0.0,Draw,1.07072862756,1.45651437608,14.0,3.8,55.93345042426097,0.73909543033352,6.6,2.8,0.0,2.0,0.0,2.0,0.0,2.0,0.6666666666666666,0.5,8.0,3.0,0.0,0.0,0.0,0.0,0.0,0.0,0.0,0.0,0.0,0.0,0.0,0.0,0.0,0.0,0.0,0.0,0.0,0.0
3825619,2015-10-04,221,222,0,0,0.8,2.0,0.0,2.2,0.6,1.0,0,0,0.0,0.0,Home Win,0.7354492116000001,0.985705701,12.0,2.0,51.51648351648352,0.7538167938931297,4.0,2.0,0.0,1.0,0.6,0.0,1.0,0.0,0.0,0.0,7.0,3.0,0.0,0.0,0.0,0.0,50.0,0.0,0.0,0.0,0.0,2.0,0.6,5.0,0.0,6.0,1.0,0.6666666666666666,8.0,3.0
3825621,2015-10-04,212,220,0,0,1.6,0.6,0.6,2.8,0.2,0.8,0,1,5.0,3.671025871,Draw,0.0,0.0,0.0,0.0,50.0,0.0,0.0,0.0,0.0,3.0,0.2,0.0,1.0,0.0,0.6666666666666666,0.5,8.0,2.0,0.0,0.0,0.0,0.0,50.0,0.0,0.0,0.0,0.0,4.0,0.2,0.0,0.0,7.0,0.75,0.5,8.0,2.0
3825622,2015-10-04,215,207,0,0,1.0,1.6,0.2,0.6,0.4,0.4,0,0,0.0,0.0,Home Win,0.0,0.0,0.0,0.0,50.0,0.0,0.0,0.0,0.0,1.0,0.6,0.0,0.0,1.0,0.5,0.0,7.0,3.0,0.0,0.0,0.0,0.0,50.0,0.0,0.0,0.0,0.0,3.0,0.2,1.0,0.0,1.0,0.3333333333333333,0.3333333333333333,9.0,2.0
3825626,2015-10-17,218,214,0,0,1.2,0.6,0.6,1.0,2.6,0.4,0,0,0.0,0.0,Away Win,0.0,0.0,0.0,0.0,50.0,0.0,0.0,0.0,0.0,3.0,0.4,2.0,0.0,2.0,0.3333333333333333,0.5,13.0,1.0,0.0,0.0,0.0,0.0,50.0,0.0,0.0,0.0,0.0,1.0,0.4,0.0,2.0,0.0,0.5,0.3333333333333333,14.0,1.0
3890337,2015-10-17,171,904,0,0,0.0,0.0,0.0,1.0,1.0,0.4,0,0,0.0,0.0,Draw,0.0,0.0,0.0,0.0,0.0,0.0,0.0,0.0,0.0,0.0,0.0,0.0,0.0,0.0,0.0,0.0,0.0,0.0,1.47067993756,0.8829880476799999,16.4,4.8,61.74071949873246,0.756059523414118,7.4,2.6,0.0,2.0,0.2,0.0,0.0,3.0,0.5,0.5,13.0,1.0
3825623,2015-10-17,207,223,0,0,0.6,0.8,0.4,0.6,0.6,0.2,0,0,0.0,0.0,Home Win,0.0,0.0,0.0,0.0,50.0,0.0,0.0,0.0,0.0,3.0,0.2,0.0,1.0,0.0,0.3333333333333333,0.25,13.0,1.0,0.0,0.0,0.0,0.0,50.0,0.0,0.0,0.0,0.0,2.0,0.2,1.0,0.0,2.0,0.25,0.0,14.0,1.0
3825627,2015-10-17,217,360,0,0,2.0,1.8,0.6,1.2,1.8,0.4,0,0,0.0,0.0,Home Win,0.0,0.0,0.0,0.0,50.0,0.0,0.0,0.0,0.0,0.0,1.0,0.0,1.0,0.0,1.0,0.5,14.0,1.0,0.0,0.0,0.0,0.0,50.0,0.0,0.0,0.0,0.0,1.0,0.6,0.0,2.0,0.0,0.25,0.3333333333333333,13.0,1.0
3825625,2015-10-17,220,221,0,0,2.0,0.4,0.6,1.0,2.0,0.2,0,0,0.0,0.0,Home Win,0.0,0.0,0.0,0.0,50.0,0.0,0.0,0.0,0.0,3.0,0.4,0.0,0.0,8.0,0.75,0.4,13.0,1.0,0.7354492116000001,0.985705701,12.0,2.0,51.51648351648352,0.7538167938931297,4.0,2.0,0.0,1.0,0.6,1.0,0.0,1.0,0.25,0.0,13.0,1.0
3825624,2015-10-17,322,213,0,0,1.0,1.0,0.2,1.4,1.6,0.4,0,0,0.0,0.0,Draw,0.985705701,0.7354492116000001,10.0,4.0,48.48351648351648,0.6113989637305699,7.0,5.0,0.0,2.0,0.4,1.0,0.0,3.0,0.3333333333333333,0.5,14.0,1.0,1.782801611,1.075593643,16.0,3.0,51.05908584169454,0.7217741935483871,5.0,4.0,0.0,0.0,0.8,2.0,0.0,2.0,0.5,0.0,14.0,1.0
3825631,2015-10-18,210,212,0,0,1.2,1.4,0.2,1.2,0.8,0.4,0,0,0.0,0.0,Away Win,0.0,0.0,0.0,0.0,50.0,0.0,0.0,0.0,0.0,2.0,0.4,0.0,1.0,0.0,0.0,0.25,15.0,0.0,0.0,0.0,0.0,0.0,50.0,0.0,0.0,0.0,0.0,2.0,0.4,0.0,0.0,1.0,0.5,0.5,14.0,1.0
3825630,2015-10-18,219,215,0,0,2.2,1.2,0.6,1.6,1.4,0.4,0,0,0.0,0.0,Draw,0.0,0.0,0.0,0.0,50.0,0.0,0.0,0.0,0.0,1.0,0.8,0.0,0.0,3.0,0.3333333333333333,0.5,15.0,0.0,0.0,0.0,0.0,0.0,50.0,0.0,0.0,0.0,0.0,1.0,0.8,1.0,0.0,2.0,0.6,0.0,14.0,1.0
3825629,2015-10-18,222,209,0,0,1.6,0.6,0.8,2.0,1.2,0.4,0,0,0.0,0.0,Away Win,0.0,0.0,0.0,0.0,50.0,0.0,0.0,0.0,0.0,2.0,0.4,0.0,1.0,0.0,1.0,0.5,14.0,1.0,0.0,0.0,0.0,0.0,50.0,0.0,0.0,0.0,0.0,1.0,0.8,0.0,0.0,7.0,0.5,0.6666666666666666,16.0,0.0
3825628,2015-10-18,216,208,0,0,1.0,1.0,0.4,1.2,1.6,0.2,0,0,0.0,0.0,Home Win,0.0,0.0,0.0,0.0,50.0,0.0,0.0,0.0,0.0,3.0,0.2,0.0,0.0,2.0,0.6666666666666666,0.0,16.0,0.0,1.075593643,1.782801611,12.0,4.0,48.94091415830546,0.6683291770573566,4.0,3.0,0.0,1.0,0.4,0.0,2.0,0.0,0.25,0.0,15.0,0.0
3825632,2015-10-19,1041,1049,0,0,1.4,1.6,0.4,0.4,1.8,0.0,0,0,0.0,0.0,Draw,0.0,0.0,0.0,0.0,50.0,0.0,0.0,0.0,0.0,0.0,0.8,1.0,0.0,1.0,0.0,0.5,16.0,0.0,0.0,0.0,0.0,0.0,50.0,0.0,0.0,0.0,0.0,0.0,0.4,0.0,0.0,1.0,0.0,0.3333333333333333,16.0,0.0
3825633,2015-10-23,360,214,0,0,1.4,2.2,0.4,1.6,1.6,0.6,0,0,0.0,0.0,Home Win,0.0,0.0,0.0,0.0,50.0,0.0,0.0,0.0,0.0,1.0,0.6,0.0,3.0,0.0,0.25,0.25,6.0,1.0,0.0,0.0,0.0,0.0,50.0,0.0,0.0,0.0,0.0,1.0,0.6,1.0,0.0,1.0,0.5,0.5,6.0,1.0
3890346,2015-10-24,904,174,0,0,1.0,0.8,0.4,0.0,0.0,0.0,0,0,0.0,0.0,Home Win,1.33505546796,0.8991515087999999,15.2,4.6,57.90877518434596,0.7379864428783953,6.4,2.4,0.0,3.0,0.2,0.0,0.0,4.0,0.5,0.4,7.0,1.0,0.0,0.0,0.0,0.0,0.0,0.0,0.0,0.0,0.0,0.0,0.0,0.0,0.0,0.0,0.0,0.0,0.0,0.0
3825874,2015-10-24,213,216,0,0,1.4,1.6,0.4,1.6,0.4,0.6,0,0,0.0,0.0,Home Win,1.782801611,1.075593643,16.0,3.0,51.05908584169454,0.7217741935483871,5.0,4.0,0.0,0.0,0.8,0.0,0.0,3.0,0.5,0.0,7.0,1.0,0.0,0.0,0.0,0.0,50.0,0.0,0.0,0.0,0.0,4.0,0.0,1.0,0.0,3.0,0.75,0.0,6.0,1.0
3825636,2015-10-24,223,219,0,0,0.6,1.2,0.2,2.0,1.4,0.4,0,0,0.0,0.0,Home Win,0.0,0.0,0.0,0.0,50.0,0.0,0.0,0.0,0.0,1.0,0.2,0.0,1.0,0.0,0.25,0.0,7.0,1.0,0.0,0.0,0.0,0.0,50.0,0.0,0.0,0.0,0.0,1.0,0.8,0.0,0.0,4.0,0.25,0.5,6.0,1.0
3825635,2015-10-24,209,220,0,0,1.8,0.8,0.6,1.4,0.4,0.6,0,0,0.0,0.0,Away Win,0.0,0.0,0.0,0.0,50.0,0.0,0.0,0.0,0.0,1.0,0.8,1.0,0.0,8.0,0.5,0.75,6.0,1.0,0.0,0.0,0.0,0.0,50.0,0.0,0.0,0.0,0.0,3.0,0.4,1.0,0.0,9.0,0.8,0.4,7.0,1.0
3825634,2015-10-24,1049,218,0,0,0.8,1.8,0.0,1.2,1.2,0.4,0,0,0.0,0.0,Draw,0.0,0.0,0.0,0.0,50.0,0.0,0.0,0.0,0.0,0.0,0.4,0.0,0.0,2.0,0.0,0.25,5.0,1.0,0.0,0.0,0.0,0.0,50.0,0.0,0.0,0.0,0.0,2.0,0.6,0.0,1.0,0.0,0.25,0.5,7.0,1.0
3825637,2015-10-25,217,322,0,0,2.6,2.0,0.6,1.2,1.2,0.2,0,0,0.0,0.0,Home Win,0.0,0.0,0.0,0.0,50.0,0.0,0.0,0.0,0.0,0.0,1.0,1.0,0.0,1.0,1.0,0.5,8.0,1.0,0.985705701,0.7354492116000001,10.0,4.0,48.48351648351648,0.6113989637305699,7.0,5.0,0.0,1.0,0.6,0.0,0.0,4.0,0.25,0.5,8.0,1.0
3825639,2015-10-25,208,222,0,0,0.6,1.8,0.2,1.2,0.8,0.6,0,0,0.0,0.0,Draw,1.075593643,1.782801611,12.0,4.0,48.94091415830546,0.6683291770573566,4.0,3.0,0.0,1.0,0.2,0.0,3.0,0.0,0.25,0.0,7.0,1.0,0.0,0.0,0.0,0.0,50.0,0.0,0.0,0.0,0.0,2.0,0.4,0.0,2.0,0.0,0.75,0.5,7.0,1.0
3825640,2015-10-25,221,210,0,0,0.8,2.4,0.2,1.2,1.6,0.2,0,0,0.0,0.0,Away Win,0.7354492116000001,0.985705701,12.0,2.0,51.51648351648352,0.7538167938931297,4.0,2.0,0.0,1.0,0.4,0.0,1.0,0.0,0.25,0.0,8.0,1.0,0.0,0.0,0.0,0.0,50.0,0.0,0.0,0.0,0.0,2.0,0.4,0.0,2.0,0.0,0.0,0.25,7.0,1.0
3825638,2015-10-25,212,207,0,0,1.4,0.4,0.6,1.0,0.8,0.4,0,0,0.0,0.0,Home Win,0.0,0.0,0.0,0.0,50.0,0.0,0.0,0.0,0.0,3.0,0.2,1.0,0.0,2.0,0.5,0.6,7.0,1.0,0.0,0.0,0.0,0.0,50.0,0.0,0.0,0.0,0.0,3.0,0.2,1.0,0.0,1.0,0.5,0.25,8.0,1.0
3825641,2015-10-26,215,1041,0,0,1.4,1.6,0.2,2.0,2.0,0.4,0,0,0.0,0.0,Home Win,0.0,0.0,0.0,0.0,50.0,0.0,0.0,0.0,0.0,1.0,0.8,0.0,0.0,3.0,0.6,0.0,8.0,1.0,0.0,0.0,0.0,0.0,50.0,0.0,0.0,0.0,0.0,0.0,1.0,0.0,0.0,2.0,0.0,0.5,7.0,1.0
3825642,2015-10-30,219,212,0,0,1.6,1.2,0.4,1.4,0.6,0.6,0,0,0.0,0.0,Draw,0.0,0.0,0.0,0.0,50.0,0.0,0.0,0.0,0.0,1.0,0.6,0.0,1.0,0.0,0.25,0.4,6.0,2.0,0.0,0.0,0.0,0.0,50.0,0.0,0.0,0.0,0.0,2.0,0.4,2.0,0.0,3.0,0.6,0.6,5.0,2.0
3825647,2015-10-31,207,221,0,0,1.2,1.2,0.4,0.6,2.4,0.2,0,0,0.0,0.0,Home Win,0.0,0.0,0.0,0.0,50.0,0.0,0.0,0.0,0.0,2.0,0.4,0.0,1.0,0.0,0.5,0.2,6.0,2.0,0.7354492116000001,0.985705701,12.0,2.0,51.51648351648352,0.7538167938931297,4.0,2.0,0.0,1.0,0.2,0.0,2.0,0.0,0.2,0.0,6.0,2.0
3890350,2015-10-31,179,904,0,0,0.0,0.0,0.0,1.8,0.8,0.6,0,0,0.0,0.0,Home Win,0.0,0.0,0.0,0.0,0.0,0.0,0.0,0.0,0.0,0.0,0.0,0.0,0.0,0.0,0.0,0.0,0.0,0.0,1.7707908414799998,0.6257741012,17.4,5.2,61.58731430691493,0.7397144890506963,7.2,2.2,0.0,3.0,0.4,1.0,0.0,5.0,0.6,0.4,7.0,2.0
3825644,2015-10-31,210,209,0,0,1.6,1.0,0.4,1.6,1.2,0.4,0,0,0.0,0.0,Away Win,0.0,0.0,0.0,0.0,50.0,0.0,0.0,0.0,0.0,3.0,0.2,1.0,0.0,1.0,0.0,0.4,6.0,2.0,0.0,0.0,0.0,0.0,50.0,0.0,0.0,0.0,0.0,1.0,0.8,0.0,1.0,0.0,0.4,0.75,7.0,2.0
3825646,2015-10-31,222,213,0,0,0.6,0.6,0.4,2.2,1.2,0.6,0,0,0.0,0.0,Home Win,0.0,0.0,0.0,0.0,50.0,0.0,0.0,0.0,0.0,3.0,0.2,0.0,0.0,1.0,0.75,0.4,6.0,2.0,1.782801611,1.075593643,16.0,3.0,51.05908584169454,0.7217741935483871,5.0,4.0,0.0,1.0,0.6,1.0,0.0,4.0,0.6,0.0,7.0,2.0
3825645,2015-10-31,216,217,0,0,1.4,1.4,0.4,2.4,2.0,0.6,0,0,0.0,0.0,Away Win,0.0,0.0,0.0,0.0,50.0,0.0,0.0,0.0,0.0,3.0,0.0,0.0,1.0,0.0,0.75,0.0,7.0,2.0,0.0,0.0,0.0,0.0,50.0,0.0,0.0,0.0,0.0,0.0,1.0,2.0,0.0,2.0,1.0,0.5,6.0,2.0
3825643,2015-10-31,220,208,0,0,1.8,0.6,0.6,0.6,1.6,0.2,0,0,0.0,0.0,Home Win,0.0,0.0,0.0,0.0,50.0,0.0,0.0,0.0,0.0,2.0,0.6,2.0,0.0,10.0,0.8,0.5,7.0,2.0,1.075593643,1.782801611,12.0,4.0,48.94091415830546,0.6683291770573566,4.0,3.0,0.0,2.0,0.2,0.0,0.0,1.0,0.2,0.0,6.0,2.0
3825650,2015-11-01,218,215,0,0,1.4,1.4,0.4,1.8,1.0,0.4,0,0,0.0,0.0,Away Win,0.0,0.0,0.0,0.0,50.0,0.0,0.0,0.0,0.0,1.0,0.8,0.0,0.0,1.0,0.25,0.4,8.0,1.0,0.0,0.0,0.0,0.0,50.0,0.0,0.0,0.0,0.0,2.0,0.6,1.0,0.0,4.0,0.6666666666666666,0.0,6.0,2.0
3825649,2015-11-01,1041,223,0,0,1.4,2.2,0.2,1.0,1.0,0.4,0,0,0.0,0.0,Home Win,0.0,0.0,0.0,0.0,50.0,0.0,0.0,0.0,0.0,0.0,0.8,0.0,1.0,0.0,0.0,0.4,6.0,2.0,0.0,0.0,0.0,0.0,50.0,0.0,0.0,0.0,0.0,2.0,0.2,1.0,0.0,1.0,0.4,0.0,8.0,1.0
3825651,2015-11-01,214,1049,0,0,1.0,1.8,0.4,1.0,1.8,0.0,0,0,0.0,0.0,Draw,0.0,0.0,0.0,0.0,50.0,0.0,0.0,0.0,0.0,1.0,0.4,0.0,1.0,0.0,0.5,0.4,9.0,1.0,0.0,0.0,0.0,0.0,50.0,0.0,0.0,0.0,0.0,0.0,0.6,0.0,0.0,3.0,0.0,0.25,8.0,2.0
3825648,2015-11-01,322,360,0,0,1.4,1.4,0.2,1.8,2.2,0.4,0,0,0.0,0.0,Home Win,0.985705701,0.7354492116000001,10.0,4.0,48.48351648351648,0.6113989637305699,7.0,5.0,0.0,1.0,0.8,0.0,1.0,0.0,0.25,0.4,7.0,1.0,0.0,0.0,0.0,0.0,50.0,0.0,0.0,0.0,0.0,1.0,0.6,1.0,0.0,1.0,0.4,0.25,9.0,1.0
3825652,2015-11-06,208,210,0,0,0.4,2.2,0.0,1.4,1.6,0.2,0,0,0.0,0.0,Home Win,0.0,0.0,0.0,0.0,50.0,0.0,0.0,0.0,0.0,1.0,0.4,0.0,1.0,0.0,0.2,0.0,6.0,2.0,0.0,0.0,0.0,0.0,50.0,0.0,0.0,0.0,0.0,2.0,0.4,0.0,1.0,0.0,0.0,0.4,6.0,2.0
3825654,2015-11-07,209,207,0,0,1.4,1.4,0.4,1.8,1.0,0.6,0,0,0.0,0.0,Away Win,0.0,0.0,0.0,0.0,50.0,0.0,0.0,0.0,0.0,1.0,0.8,1.0,0.0,1.0,0.4,0.8,7.0,2.0,0.0,0.0,0.0,0.0,50.0,0.0,0.0,0.0,0.0,3.0,0.4,1.0,0.0,1.0,0.6,0.2,7.0,2.0
3825653,2015-11-07,322,216,0,0,1.2,1.0,0.4,1.4,1.4,0.4,0,0,0.0,0.0,Home Win,0.0,0.0,0.0,0.0,50.0,0.0,0.0,0.0,0.0,2.0,0.6,1.0,0.0,1.0,0.4,0.4,6.0,2.0,0.0,0.0,0.0,0.0,50.0,0.0,0.0,0.0,0.0,3.0,0.0,0.0,2.0,0.0,0.6,0.0,7.0,2.0
3890359,2015-11-07,904,186,0,0,1.8,1.2,0.4,0.0,0.0,0.0,0,0,0.0,0.0,Away Win,1.6750264183,0.94145137212,16.2,5.4,58.49785860762277,0.7295702105406007,6.0,2.0,0.0,2.0,0.6,0.0,1.0,0.0,0.6,0.3333333333333333,7.0,2.0,0.0,0.0,0.0,0.0,0.0,0.0,0.0,0.0,0.0,0.0,0.0,0.0,0.0,0.0,0.0,0.0,0.0,0.0
3825656,2015-11-07,221,219,0,0,0.2,2.6,0.2,1.4,1.2,0.2,0,0,0.0,0.0,Draw,0.0,0.0,0.0,0.0,50.0,0.0,0.0,0.0,0.0,1.0,0.0,0.0,3.0,0.0,0.2,0.0,7.0,2.0,0.0,0.0,0.0,0.0,50.0,0.0,0.0,0.0,0.0,1.0,0.6,0.0,0.0,1.0,0.2,0.4,8.0,2.0
3825657,2015-11-07,223,218,0,0,1.0,1.0,0.4,1.4,1.6,0.4,0,0,0.0,0.0,Away Win,0.0,0.0,0.0,0.0,50.0,0.0,0.0,0.0,0.0,2.0,0.2,0.0,1.0,0.0,0.4,0.0,6.0,2.0,0.0,0.0,0.0,0.0,50.0,0.0,0.0,0.0,0.0,1.0,0.8,0.0,1.0,0.0,0.2,0.4,6.0,2.0
3825655,2015-11-07,360,1049,0,0,1.4,2.2,0.2,1.2,1.4,0.0,0,0,0.0,0.0,Home Win,0.0,0.0,0.0,0.0,50.0,0.0,0.0,0.0,0.0,1.0,0.4,0.0,1.0,0.0,0.4,0.2,6.0,1.0,0.0,0.0,0.0,0.0,50.0,0.0,0.0,0.0,0.0,0.0,0.8,0.0,0.0,4.0,0.0,0.2,6.0,2.0
3825659,2015-11-08,215,214,0,0,2.2,0.8,0.6,1.0,2.0,0.2,0,0,0.0,0.0,Home Win,0.0,0.0,0.0,0.0,50.0,0.0,0.0,0.0,0.0,2.0,0.6,2.0,0.0,5.0,0.6666666666666666,0.2,7.0,2.0,0.0,0.0,0.0,0.0,50.0,0.0,0.0,0.0,0.0,0.0,0.6,0.0,0.0,1.0,0.4,0.4,7.0,1.0
3825660,2015-11-08,217,222,0,0,2.6,1.2,0.8,0.8,0.8,0.4,0,0,0.0,0.0,Home Win,0.0,0.0,0.0,0.0,50.0,0.0,0.0,0.0,0.0,1.0,0.8,3.0,0.0,3.0,1.0,0.5714285714285714,8.0,2.0,0.0,0.0,0.0,0.0,50.0,0.0,0.0,0.0,0.0,2.0,0.4,1.0,0.0,2.0,0.8,0.4,8.0,2.0
3825658,2015-11-08,212,1041,0,0,1.2,0.8,0.4,1.4,1.8,0.4,0,0,0.0,0.0,Home Win,0.0,0.0,0.0,0.0,50.0,0.0,0.0,0.0,0.0,1.0,0.6,0.0,0.0,4.0,0.6,0.5,9.0,2.0,0.0,0.0,0.0,0.0,50.0,0.0,0.0,0.0,0.0,1.0,0.6,1.0,0.0,1.0,0.2,0.4,7.0,2.0
3825661,2015-11-08,213,220,0,0,2.4,1.2,0.6,2.0,0.6,0.6,0,0,0.0,0.0,Home Win,0.0,0.0,0.0,0.0,50.0,0.0,0.0,0.0,0.0,1.0,0.8,0.0,1.0,0.0,0.6,0.0,8.0,1.0,0.0,0.0,0.0,0.0,50.0,0.0,0.0,0.0,0.0,2.0,0.6,3.0,0.0,11.0,0.8333333333333334,0.5,8.0,1.0
3825888,2015-11-21,207,208,0,0,2.6,1.2,0.6,0.6,1.8,0.2,0,0,0.0,0.0,Draw,0.0,0.0,0.0,0.0,50.0,0.0,0.0,0.0,0.0,2.0,0.6,2.0,0.0,2.0,0.6,0.3333333333333333,14.0,1.0,0.0,0.0,0.0,0.0,50.0,0.0,0.0,0.0,0.0,2.0,0.2,1.0,0.0,1.0,0.3333333333333333,0.0,15.0,0.0
3825664,2015-11-21,210,213,0,0,1.4,2.0,0.2,2.4,1.2,0.6,0,0,0.0,0.0,Home Win,0.0,0.0,0.0,0.0,50.0,0.0,0.0,0.0,0.0,1.0,0.4,0.0,2.0,0.0,0.0,0.3333333333333333,15.0,0.0,0.0,0.0,0.0,0.0,50.0,0.0,0.0,0.0,0.0,1.0,0.8,1.0,0.0,1.0,0.6666666666666666,0.0,13.0,1.0
3825662,2015-11-21,219,209,0,0,1.0,1.4,0.0,1.4,2.2,0.4,0,0,0.0,0.0,Home Win,0.0,0.0,0.0,0.0,50.0,0.0,0.0,0.0,0.0,0.0,0.8,0.0,0.0,2.0,0.2,0.3333333333333333,14.0,1.0,0.0,0.0,0.0,0.0,50.0,0.0,0.0,0.0,0.0,1.0,0.8,0.0,1.0,0.0,0.3333333333333333,0.8,14.0,1.0
3890370,2015-11-21,184,904,0,0,0.0,0.0,0.0,1.4,1.6,0.2,0,0,0.0,0.0,Away Win,0.0,0.0,0.0,0.0,0.0,0.0,0.0,0.0,0.0,0.0,0.0,0.0,0.0,0.0,0.0,0.0,0.0,0.0,1.59064610714,1.21383107112,15.4,5.2,56.06107022477274,0.7335581464821495,6.0,1.8,0.2,1.0,0.8,0.0,2.0,0.0,0.5,0.3333333333333333,14.0,1.0
266424,2015-11-21,220,217,0,0,2.4,1.2,0.6,2.8,1.0,0.8,0,1,3.0,3.0493811407000004,Away Win,0.0,0.0,0.0,0.0,50.0,0.0,0.0,0.0,0.0,1.0,0.8,0.0,1.0,0.0,0.8333333333333334,0.4285714285714285,13.0,1.0,0.0,0.0,0.0,0.0,50.0,0.0,0.0,0.0,0.0,2.0,0.6,4.0,0.0,4.0,1.0,0.5714285714285714,13.0,1.0
3825663,2015-11-21,214,223,0,0,1.2,1.8,0.2,1.0,1.2,0.4,0,0,0.0,0.0,Home Win,0.0,0.0,0.0,0.0,50.0,0.0,0.0,0.0,0.0,0.0,0.8,0.0,1.0,0.0,0.4,0.3333333333333333,13.0,1.0,0.0,0.0,0.0,0.0,50.0,0.0,0.0,0.0,0.0,1.0,0.2,0.0,2.0,0.0,0.3333333333333333,0.0,14.0,1.0
3825668,2015-11-22,1041,221,0,0,1.2,1.6,0.4,0.4,2.2,0.2,0,0,0.0,0.0,Away Win,0.0,0.0,0.0,0.0,50.0,0.0,0.0,0.0,0.0,1.0,0.4,0.0,1.0,0.0,0.2,0.3333333333333333,14.0,1.0,0.0,0.0,0.0,0.0,50.0,0.0,0.0,0.0,0.0,1.0,0.2,0.0,0.0,1.0,0.1666666666666666,0.0,15.0,0.0
3825666,2015-11-22,218,212,0,0,1.2,1.4,0.4,1.4,0.6,0.6,0,0,0.0,0.0,Away Win,0.0,0.0,0.0,0.0,50.0,0.0,0.0,0.0,0.0,2.0,0.6,1.0,0.0,1.0,0.2,0.5,15.0,0.0,0.0,0.0,0.0,0.0,50.0,0.0,0.0,0.0,0.0,2.0,0.6,1.0,0.0,5.0,0.6666666666666666,0.5,14.0,1.0
3825665,2015-11-22,1049,215,0,0,1.4,1.6,0.0,2.6,1.0,0.8,0,0,0.0,0.0,Home Win,0.0,0.0,0.0,0.0,50.0,0.0,0.0,0.0,0.0,0.0,1.0,0.0,1.0,0.0,0.0,0.1666666666666666,15.0,0.0,0.0,0.0,0.0,0.0,50.0,0.0,0.0,0.0,0.0,1.0,0.8,3.0,0.0,6.0,0.7142857142857143,0.2,14.0,1.0
3825667,2015-11-22,222,322,0,0,0.6,1.4,0.2,1.6,1.0,0.6,0,0,0.0,0.0,Draw,0.0,0.0,0.0,0.0,50.0,0.0,0.0,0.0,0.0,1.0,0.4,0.0,1.0,0.0,0.8,0.3333333333333333,14.0,1.0,0.0,0.0,0.0,0.0,50.0,0.0,0.0,0.0,0.0,2.0,0.6,2.0,0.0,2.0,0.5,0.4,15.0,0.0
3825669,2015-11-23,216,360,0,0,1.0,2.0,0.2,1.4,1.8,0.4,0,0,0.0,0.0,Draw,0.0,0.0,0.0,0.0,50.0,0.0,0.0,0.0,0.0,2.0,0.2,0.0,3.0,0.0,0.6,0.0,16.0,0.0,0.0,0.0,0.0,0.0,50.0,0.0,0.0,0.0,0.0,1.0,0.4,1.0,0.0,1.0,0.5,0.2,16.0,0.0
3825670,2015-11-27,221,218,0,0,0.8,2.2,0.2,0.8,1.6,0.2,0,0,0.0,0.0,Away Win,0.0,0.0,0.0,0.0,50.0,0.0,0.0,0.0,0.0,1.0,0.2,1.0,0.0,2.0,0.1666666666666666,0.1666666666666666,5.0,1.0,0.0,0.0,0.0,0.0,50.0,0.0,0.0,0.0,0.0,1.0,0.6,0.0,1.0,0.0,0.1666666666666666,0.5,5.0,1.0
3825671,2015-11-28,209,1041,0,0,1.4,2.6,0.4,0.8,2.0,0.2,0,0,0.0,0.0,Home Win,0.0,0.0,0.0,0.0,50.0,0.0,0.0,0.0,0.0,0.0,0.8,0.0,2.0,0.0,0.3333333333333333,0.6666666666666666,7.0,1.0,0.0,0.0,0.0,0.0,50.0,0.0,0.0,0.0,0.0,1.0,0.2,0.0,2.0,0.0,0.1666666666666666,0.3333333333333333,6.0,1.0
3825673,2015-11-28,208,219,0,0,0.8,1.6,0.2,1.2,1.2,0.2,0,0,0.0,0.0,Away Win,0.0,0.0,0.0,0.0,50.0,0.0,0.0,0.0,0.0,2.0,0.4,0.0,0.0,2.0,0.3333333333333333,0.0,7.0,1.0,0.0,0.0,0.0,0.0,50.0,0.0,0.0,0.0,0.0,1.0,0.6,1.0,0.0,3.0,0.3333333333333333,0.3333333333333333,7.0,1.0
3825674,2015-11-28,212,214,0,0,1.4,0.4,0.8,1.4,1.4,0.4,0,0,0.0,0.0,Home Win,0.0,0.0,0.0,0.0,50.0,0.0,0.0,0.0,0.0,3.0,0.4,2.0,0.0,6.0,0.6666666666666666,0.5714285714285714,6.0,1.0,0.0,0.0,0.0,0.0,50.0,0.0,0.0,0.0,0.0,1.0,0.6,1.0,0.0,1.0,0.5,0.3333333333333333,7.0,1.0
266885,2015-11-28,217,210,0,0,3.4,0.6,1.0,1.6,1.4,0.4,0,0,0.0,0.0,Home Win,0.0,0.0,0.0,0.0,50.0,0.0,0.0,0.0,0.0,3.0,0.4,5.0,0.0,5.0,1.0,0.625,7.0,1.0,0.0,0.0,0.0,0.0,50.0,0.0,0.0,0.0,0.0,2.0,0.2,1.0,0.0,1.0,0.1666666666666666,0.3333333333333333,7.0,1.0
3825672,2015-11-28,223,1049,0,0,0.4,1.4,0.2,1.6,1.4,0.2,0,0,0.0,0.0,Draw,0.0,0.0,0.0,0.0,50.0,0.0,0.0,0.0,0.0,1.0,0.0,0.0,3.0,0.0,0.3333333333333333,0.0,7.0,1.0,0.0,0.0,0.0,0.0,50.0,0.0,0.0,0.0,0.0,1.0,0.8,1.0,0.0,1.0,0.1666666666666666,0.1666666666666666,6.0,1.0
3825678,2015-11-29,322,220,0,0,1.4,1.2,0.4,2.2,1.8,0.6,0,0,0.0,0.0,Away Win,0.0,0.0,0.0,0.0,50.0,0.0,0.0,0.0,0.0,1.0,0.8,0.0,0.0,3.0,0.5,0.3333333333333333,7.0,1.0,0.0,0.0,0.0,0.0,50.0,0.0,0.0,0.0,0.0,1.0,0.6,0.0,2.0,0.0,0.7142857142857143,0.4285714285714285,8.0,1.0
3890382,2015-11-29,904,181,0,0,1.8,1.6,0.4,0.0,0.0,0.0,0,0,0.0,0.0,Draw,1.48965163674,1.38235888032,14.2,5.8,54.863096652376974,0.7352609680840912,5.8,1.6,0.2,1.0,0.8,1.0,0.0,1.0,0.5,0.4285714285714285,8.0,1.0,0.0,0.0,0.0,0.0,0.0,0.0,0.0,0.0,0.0,0.0,0.0,0.0,0.0,0.0,0.0,0.0,0.0,0.0
3825676,2015-11-29,216,222,0,0,1.2,2.2,0.2,0.8,1.4,0.2,0,0,0.0,0.0,Home Win,0.0,0.0,0.0,0.0,50.0,0.0,0.0,0.0,0.0,1.0,0.4,0.0,0.0,1.0,0.5,0.0,6.0,1.0,0.0,0.0,0.0,0.0,50.0,0.0,0.0,0.0,0.0,1.0,0.6,0.0,0.0,1.0,0.6666666666666666,0.3333333333333333,7.0,1.0
3825675,2015-11-29,360,215,0,0,1.6,1.6,0.4,2.0,1.2,0.6,0,0,0.0,0.0,Away Win,0.0,0.0,0.0,0.0,50.0,0.0,0.0,0.0,0.0,1.0,0.6,0.0,0.0,2.0,0.5,0.1666666666666666,6.0,1.0,0.0,0.0,0.0,0.0,50.0,0.0,0.0,0.0,0.0,1.0,0.6,0.0,1.0,0.0,0.7142857142857143,0.1666666666666666,7.0,1.0
3825677,2015-11-29,213,207,0,0,2.0,1.4,0.4,2.6,0.8,0.6,0,0,0.0,0.0,Home Win,0.0,0.0,0.0,0.0,50.0,0.0,0.0,0.0,0.0,1.0,0.6,0.0,1.0,0.0,0.6666666666666666,0.0,8.0,1.0,0.0,0.0,0.0,0.0,50.0,0.0,0.0,0.0,0.0,2.0,0.6,0.0,0.0,3.0,0.5,0.3333333333333333,8.0,1.0
3825679,2015-12-05,218,209,0,0,0.8,1.0,0.4,1.4,2.6,0.4,0,0,0.0,0.0,Draw,0.0,0.0,0.0,0.0,50.0,0.0,0.0,0.0,0.0,2.0,0.4,1.0,0.0,1.0,0.1666666666666666,0.5714285714285714,8.0,2.0,0.0,0.0,0.0,0.0,50.0,0.0,0.0,0.0,0.0,0.0,0.8,1.0,0.0,1.0,0.4285714285714285,0.6666666666666666,7.0,2.0
3825680,2015-12-05,219,213,0,0,1.2,0.8,0.4,2.0,1.2,0.6,0,0,0.0,0.0,Draw,0.0,0.0,0.0,0.0,50.0,0.0,0.0,0.0,0.0,2.0,0.4,2.0,0.0,4.0,0.3333333333333333,0.4285714285714285,7.0,2.0,0.0,0.0,0.0,0.0,50.0,0.0,0.0,0.0,0.0,2.0,0.4,1.0,0.0,1.0,0.7142857142857143,0.0,6.0,2.0
3825682,2015-12-05,1049,212,0,0,1.4,1.2,0.2,1.2,0.4,0.8,0,0,0.0,0.0,Away Win,0.0,0.0,0.0,0.0,50.0,0.0,0.0,0.0,0.0,1.0,0.8,0.0,0.0,2.0,0.1666666666666666,0.1428571428571428,7.0,2.0,0.0,0.0,0.0,0.0,50.0,0.0,0.0,0.0,0.0,3.0,0.4,3.0,0.0,7.0,0.7142857142857143,0.5714285714285714,7.0,2.0
267274,2015-12-05,207,217,0,0,2.0,1.0,0.4,3.2,0.2,1.0,0,0,0.0,0.0,Draw,0.0,0.0,0.0,0.0,50.0,0.0,0.0,0.0,0.0,1.0,0.6,0.0,1.0,0.0,0.5,0.2857142857142857,6.0,2.0,0.0,0.0,0.0,0.0,50.0,0.0,0.0,0.0,0.0,4.0,0.2,6.0,0.0,6.0,1.0,0.625,7.0,2.0
3890390,2015-12-05,173,904,0,0,0.0,0.0,0.0,2.0,1.8,0.4,0,0,0.0,0.0,Home Win,0.0,0.0,0.0,0.0,0.0,0.0,0.0,0.0,0.0,0.0,0.0,0.0,0.0,0.0,0.0,0.0,0.0,0.0,1.67341079494,1.4694937929200005,15.8,6.4,55.44120978940057,0.7528222806371865,6.6,1.4,0.2,0.0,1.0,0.0,0.0,2.0,0.4285714285714285,0.4285714285714285,6.0,2.0
3825681,2015-12-05,220,216,0,0,2.0,1.8,0.6,0.8,2.2,0.2,0,0,0.0,0.0,Home Win,0.0,0.0,0.0,0.0,50.0,0.0,0.0,0.0,0.0,1.0,0.6,1.0,0.0,1.0,0.7142857142857143,0.5,6.0,2.0,0.0,0.0,0.0,0.0,50.0,0.0,0.0,0.0,0.0,1.0,0.4,1.0,0.0,2.0,0.5714285714285714,0.0,6.0,2.0
3825686,2015-12-06,215,223,0,0,2.2,0.8,0.8,0.8,1.2,0.2,0,0,0.0,0.0,Draw,0.0,0.0,0.0,0.0,50.0,0.0,0.0,0.0,0.0,2.0,0.4,1.0,0.0,1.0,0.7142857142857143,0.2857142857142857,7.0,2.0,0.0,0.0,0.0,0.0,50.0,0.0,0.0,0.0,0.0,1.0,0.2,0.0,0.0,1.0,0.2857142857142857,0.0,8.0,1.0
3825683,2015-12-06,210,322,0,0,1.6,1.8,0.4,1.2,1.4,0.4,0,0,0.0,0.0,Home Win,0.0,0.0,0.0,0.0,50.0,0.0,0.0,0.0,0.0,2.0,0.2,0.0,1.0,0.0,0.1666666666666666,0.2857142857142857,8.0,1.0,0.0,0.0,0.0,0.0,50.0,0.0,0.0,0.0,0.0,1.0,0.6,0.0,1.0,0.0,0.4285714285714285,0.3333333333333333,7.0,2.0
3825685,2015-12-06,1041,208,0,0,0.4,1.8,0.2,0.8,1.2,0.2,0,0,0.0,0.0,Home Win,0.0,0.0,0.0,0.0,50.0,0.0,0.0,0.0,0.0,1.0,0.2,0.0,3.0,0.0,0.1666666666666666,0.2857142857142857,8.0,2.0,0.0,0.0,0.0,0.0,50.0,0.0,0.0,0.0,0.0,2.0,0.4,0.0,1.0,0.0,0.2857142857142857,0.0,8.0,1.0
3825684,2015-12-06,222,360,0,0,0.6,1.4,0.2,1.2,1.2,0.4,0,0,0.0,0.0,Home Win,0.0,0.0,0.0,0.0,50.0,0.0,0.0,0.0,0.0,1.0,0.4,0.0,1.0,0.0,0.6666666666666666,0.2857142857142857,7.0,2.0,0.0,0.0,0.0,0.0,50.0,0.0,0.0,0.0,0.0,1.0,0.4,0.0,1.0,0.0,0.4285714285714285,0.1666666666666666,7.0,2.0
3825687,2015-12-07,214,221,0,0,0.8,1.4,0.2,0.8,1.8,0.2,0,0,0.0,0.0,Draw,0.0,0.0,0.0,0.0,50.0,0.0,0.0,0.0,0.0,1.0,0.4,0.0,1.0,0.0,0.5,0.2857142857142857,9.0,1.0,0.0,0.0,0.0,0.0,50.0,0.0,0.0,0.0,0.0,1.0,0.2,0.0,1.0,0.0,0.1428571428571428,0.1666666666666666,10.0,1.0
3825688,2015-12-11,216,210,0,0,1.0,2.0,0.2,1.2,2.0,0.4,0,0,0.0,0.0,Draw,0.0,0.0,0.0,0.0,50.0,0.0,0.0,0.0,0.0,1.0,0.6,0.0,1.0,0.0,0.5714285714285714,0.0,6.0,2.0,0.0,0.0,0.0,0.0,50.0,0.0,0.0,0.0,0.0,1.0,0.4,1.0,0.0,1.0,0.2857142857142857,0.2857142857142857,5.0,2.0
266961,2015-12-12,217,219,0,0,2.8,0.2,0.8,1.4,0.6,0.4,0,0,0.0,0.0,Draw,0.0,0.0,0.0,0.0,50.0,0.0,0.0,0.0,0.0,4.0,0.2,0.0,0.0,7.0,1.0,0.5555555555555556,7.0,2.0,0.0,0.0,0.0,0.0,50.0,0.0,0.0,0.0,0.0,2.0,0.6,0.0,0.0,5.0,0.2857142857142857,0.4285714285714285,7.0,2.0
3825691,2015-12-12,221,1049,0,0,1.0,1.2,0.2,1.2,1.4,0.2,0,0,0.0,0.0,Away Win,0.0,0.0,0.0,0.0,50.0,0.0,0.0,0.0,0.0,1.0,0.4,0.0,0.0,1.0,0.1428571428571428,0.1428571428571428,5.0,1.0,0.0,0.0,0.0,0.0,50.0,0.0,0.0,0.0,0.0,1.0,0.6,0.0,1.0,0.0,0.1428571428571428,0.1428571428571428,7.0,2.0
3825692,2015-12-12,213,1041,0,0,1.2,1.4,0.4,1.0,1.4,0.4,0,0,0.0,0.0,Home Win,0.0,0.0,0.0,0.0,50.0,0.0,0.0,0.0,0.0,1.0,0.6,0.0,0.0,2.0,0.7142857142857143,0.0,7.0,2.0,0.0,0.0,0.0,0.0,50.0,0.0,0.0,0.0,0.0,1.0,0.4,1.0,0.0,1.0,0.2857142857142857,0.2857142857142857,6.0,2.0
3825690,2015-12-12,208,218,0,0,1.0,1.8,0.2,0.8,1.0,0.4,0,0,0.0,0.0,Home Win,0.0,0.0,0.0,0.0,50.0,0.0,0.0,0.0,0.0,1.0,0.6,0.0,2.0,0.0,0.2857142857142857,0.0,6.0,2.0,0.0,0.0,0.0,0.0,50.0,0.0,0.0,0.0,0.0,2.0,0.4,0.0,0.0,2.0,0.1428571428571428,0.5714285714285714,7.0,1.0
3825689,2015-12-12,209,214,0,0,1.4,2.2,0.4,1.0,1.0,0.2,0,0,0.0,0.0,Home Win,0.0,0.0,0.0,0.0,50.0,0.0,0.0,0.0,0.0,0.0,0.8,0.0,0.0,2.0,0.4285714285714285,0.5714285714285714,7.0,2.0,0.0,0.0,0.0,0.0,50.0,0.0,0.0,0.0,0.0,1.0,0.6,0.0,0.0,1.0,0.4285714285714285,0.2857142857142857,5.0,2.0
3890395,2015-12-12,904,185,0,0,1.4,1.6,0.2,0.0,0.0,0.0,0,0,0.0,0.0,Home Win,1.2745000547399998,1.31368064546,13.4,5.4,51.43355123666005,0.7628111088145545,6.0,1.6,0.4,0.0,1.0,0.0,1.0,0.0,0.4285714285714285,0.375,7.0,2.0,0.0,0.0,0.0,0.0,0.0,0.0,0.0,0.0,0.0,0.0,0.0,0.0,0.0,0.0,0.0,0.0,0.0,0.0
3825695,2015-12-13,222,220,0,0,1.0,1.6,0.4,2.2,1.8,0.6,0,0,0.0,0.0,Home Win,0.0,0.0,0.0,0.0,50.0,0.0,0.0,0.0,0.0,0.0,0.6,1.0,0.0,1.0,0.7142857142857143,0.2857142857142857,7.0,2.0,0.0,0.0,0.0,0.0,50.0,0.0,0.0,0.0,0.0,1.0,0.6,2.0,0.0,2.0,0.75,0.5,8.0,2.0
3825696,2015-12-13,360,223,0,0,0.8,1.6,0.2,0.4,1.2,0.0,0,0,0.0,0.0,Away Win,0.0,0.0,0.0,0.0,50.0,0.0,0.0,0.0,0.0,0.0,0.6,0.0,2.0,0.0,0.4285714285714285,0.1428571428571428,7.0,2.0,0.0,0.0,0.0,0.0,50.0,0.0,0.0,0.0,0.0,1.0,0.2,0.0,0.0,2.0,0.2857142857142857,0.0,7.0,1.0
3825693,2015-12-13,212,215,0,0,1.2,0.2,0.8,1.6,0.8,0.6,0,0,0.0,0.0,Home Win,0.0,0.0,0.0,0.0,50.0,0.0,0.0,0.0,0.0,4.0,0.2,4.0,0.0,8.0,0.7142857142857143,0.625,8.0,1.0,0.0,0.0,0.0,0.0,50.0,0.0,0.0,0.0,0.0,2.0,0.4,0.0,0.0,2.0,0.625,0.2857142857142857,7.0,2.0
3825694,2015-12-13,322,207,0,0,1.2,1.2,0.4,2.0,0.8,0.4,0,0,0.0,0.0,Draw,0.0,0.0,0.0,0.0,50.0,0.0,0.0,0.0,0.0,1.0,0.6,0.0,2.0,0.0,0.4285714285714285,0.2857142857142857,7.0,2.0,0.0,0.0,0.0,0.0,50.0,0.0,0.0,0.0,0.0,1.0,0.6,0.0,0.0,1.0,0.4285714285714285,0.2857142857142857,8.0,2.0
3890409,2015-12-19,189,904,0,0,0.0,0.0,0.0,2.2,1.2,0.4,0,0,0.0,0.0,Away Win,0.0,0.0,0.0,0.0,0.0,0.0,0.0,0.0,0.0,0.0,0.0,0.0,0.0,0.0,0.0,0.0,0.0,0.0,1.5358724470799998,1.00407325114,13.4,5.4,50.50574375002903,0.76596137325807,5.8,1.2,0.4,1.0,0.8,1.0,0.0,1.0,0.5,0.375,7.0,2.0
3825891,2015-12-19,214,208,0,0,0.8,1.0,0.2,1.0,1.2,0.4,0,0,0.0,0.0,Home Win,0.0,0.0,0.0,0.0,50.0,0.0,0.0,0.0,0.0,1.0,0.4,0.0,1.0,0.0,0.4285714285714285,0.25,7.0,2.0,0.0,0.0,0.0,0.0,50.0,0.0,0.0,0.0,0.0,2.0,0.4,1.0,0.0,1.0,0.375,0.0,7.0,2.0
3825697,2015-12-19,207,216,0,0,1.6,1.0,0.2,1.2,1.8,0.2,0,0,0.0,0.0,Draw,0.0,0.0,0.0,0.0,50.0,0.0,0.0,0.0,0.0,0.0,0.8,0.0,0.0,2.0,0.4285714285714285,0.25,6.0,2.0,0.0,0.0,0.0,0.0,50.0,0.0,0.0,0.0,0.0,1.0,0.8,0.0,0.0,1.0,0.5,0.0,8.0,2.0
3825698,2015-12-19,219,322,0,0,1.6,0.8,0.4,1.2,1.4,0.2,0,0,0.0,0.0,Home Win,0.0,0.0,0.0,0.0,50.0,0.0,0.0,0.0,0.0,2.0,0.6,0.0,0.0,6.0,0.2857142857142857,0.375,7.0,2.0,0.0,0.0,0.0,0.0,50.0,0.0,0.0,0.0,0.0,0.0,0.8,0.0,0.0,1.0,0.375,0.2857142857142857,6.0,2.0
3825699,2015-12-19,218,213,0,0,0.6,0.6,0.4,1.4,1.0,0.6,0,0,0.0,0.0,Draw,0.0,0.0,0.0,0.0,50.0,0.0,0.0,0.0,0.0,2.0,0.2,0.0,1.0,0.0,0.1428571428571428,0.5,7.0,2.0,0.0,0.0,0.0,0.0,50.0,0.0,0.0,0.0,0.0,2.0,0.4,1.0,0.0,3.0,0.75,0.0,7.0,2.0
3825704,2015-12-20,1049,209,0,0,1.4,1.4,0.4,1.0,1.8,0.4,0,0,0.0,0.0,Away Win,0.0,0.0,0.0,0.0,50.0,0.0,0.0,0.0,0.0,1.0,0.6,1.0,0.0,1.0,0.1428571428571428,0.25,8.0,1.0,0.0,0.0,0.0,0.0,50.0,0.0,0.0,0.0,0.0,1.0,0.6,1.0,0.0,3.0,0.5,0.5714285714285714,8.0,1.0
3825702,2015-12-20,210,222,0,0,1.0,1.6,0.4,0.8,1.4,0.4,0,0,0.0,0.0,Away Win,0.0,0.0,0.0,0.0,50.0,0.0,0.0,0.0,0.0,1.0,0.4,0.0,0.0,2.0,0.2857142857142857,0.25,9.0,2.0,0.0,0.0,0.0,0.0,50.0,0.0,0.0,0.0,0.0,1.0,0.4,2.0,0.0,2.0,0.75,0.2857142857142857,7.0,2.0
3825701,2015-12-20,223,212,0,0,0.8,1.2,0.2,1.4,0.2,1.0,0,0,0.0,0.0,Home Win,0.0,0.0,0.0,0.0,50.0,0.0,0.0,0.0,0.0,1.0,0.4,1.0,0.0,3.0,0.2857142857142857,0.125,7.0,2.0,0.0,0.0,0.0,0.0,50.0,0.0,0.0,0.0,0.0,4.0,0.2,5.0,0.0,9.0,0.75,0.625,7.0,1.0
3825700,2015-12-20,220,360,0,0,1.6,1.8,0.4,1.0,1.8,0.2,0,0,0.0,0.0,Home Win,0.0,0.0,0.0,0.0,50.0,0.0,0.0,0.0,0.0,1.0,0.4,0.0,1.0,0.0,0.75,0.4444444444444444,7.0,1.0,0.0,0.0,0.0,0.0,50.0,0.0,0.0,0.0,0.0,0.0,0.8,0.0,3.0,0.0,0.375,0.1428571428571428,7.0,2.0
3825703,2015-12-20,215,221,0,0,1.2,1.0,0.4,1.2,1.0,0.2,0,0,0.0,0.0,Home Win,0.0,0.0,0.0,0.0,50.0,0.0,0.0,0.0,0.0,2.0,0.4,0.0,1.0,0.0,0.625,0.25,7.0,2.0,0.0,0.0,0.0,0.0,50.0,0.0,0.0,0.0,0.0,1.0,0.6,0.0,1.0,0.0,0.125,0.1428571428571428,8.0,2.0
3825709,2015-12-30,213,214,0,0,0.8,0.6,0.4,0.8,0.6,0.4,0,0,0.0,0.0,Home Win,0.0,0.0,0.0,0.0,50.0,0.0,0.0,0.0,0.0,3.0,0.2,0.0,0.0,4.0,0.75,0.0,11.0,1.0,0.0,0.0,0.0,0.0,50.0,0.0,0.0,0.0,0.0,2.0,0.2,1.0,0.0,1.0,0.5,0.25,11.0,1.0
267327,2015-12-30,217,218,0,0,2.8,0.6,0.6,0.4,0.6,0.2,0,0,0.0,0.0,Home Win,0.0,0.0,0.0,0.0,50.0,0.0,0.0,0.0,0.0,3.0,0.4,0.0,0.0,8.0,0.9166666666666666,0.5555555555555556,18.0,0.0,0.0,0.0,0.0,0.0,50.0,0.0,0.0,0.0,0.0,2.0,0.2,0.0,0.0,1.0,0.125,0.5,11.0,1.0
3825710,2015-12-30,220,210,0,0,3.2,1.6,0.6,1.0,1.6,0.4,0,0,0.0,0.0,Home Win,0.0,0.0,0.0,0.0,50.0,0.0,0.0,0.0,0.0,1.0,0.4,1.0,0.0,1.0,0.7777777777777778,0.4444444444444444,10.0,1.0,0.0,0.0,0.0,0.0,50.0,0.0,0.0,0.0,0.0,1.0,0.4,0.0,1.0,0.0,0.25,0.25,10.0,1.0
3825706,2015-12-30,209,215,0,0,1.2,0.8,0.6,1.2,0.8,0.4,0,0,0.0,0.0,Away Win,0.0,0.0,0.0,0.0,50.0,0.0,0.0,0.0,0.0,2.0,0.4,2.0,0.0,4.0,0.5,0.625,10.0,1.0,0.0,0.0,0.0,0.0,50.0,0.0,0.0,0.0,0.0,3.0,0.2,1.0,0.0,1.0,0.6666666666666666,0.25,10.0,1.0
3825712,2015-12-30,216,219,0,0,1.4,1.6,0.2,1.8,0.6,0.6,0,0,0.0,0.0,Draw,0.0,0.0,0.0,0.0,50.0,0.0,0.0,0.0,0.0,1.0,0.8,0.0,0.0,2.0,0.5,0.0,11.0,1.0,0.0,0.0,0.0,0.0,50.0,0.0,0.0,0.0,0.0,3.0,0.4,1.0,0.0,7.0,0.375,0.375,11.0,1.0
3825708,2015-12-30,221,223,0,0,1.0,1.2,0.2,1.0,1.0,0.4,0,0,0.0,0.0,Away Win,0.0,0.0,0.0,0.0,50.0,0.0,0.0,0.0,0.0,1.0,0.4,0.0,2.0,0.0,0.125,0.125,10.0,1.0,0.0,0.0,0.0,0.0,50.0,0.0,0.0,0.0,0.0,2.0,0.4,2.0,0.0,4.0,0.375,0.125,10.0,1.0
3825707,2015-12-30,208,1049,0,0,0.6,1.4,0.2,1.2,1.4,0.4,0,0,0.0,0.0,Home Win,0.0,0.0,0.0,0.0,50.0,0.0,0.0,0.0,0.0,1.0,0.4,0.0,1.0,0.0,0.375,0.0,11.0,1.0,0.0,0.0,0.0,0.0,50.0,0.0,0.0,0.0,0.0,1.0,0.4,0.0,1.0,0.0,0.125,0.25,10.0,1.0
3825705,2015-12-30,322,1041,0,0,0.6,1.6,0.0,0.8,1.8,0.2,0,0,0.0,0.0,Home Win,0.0,0.0,0.0,0.0,50.0,0.0,0.0,0.0,0.0,0.0,0.6,0.0,1.0,0.0,0.375,0.25,11.0,1.0,0.0,0.0,0.0,0.0,50.0,0.0,0.0,0.0,0.0,0.0,0.4,0.0,1.0,0.0,0.2857142857142857,0.25,18.0,0.0
3825711,2015-12-30,360,212,0,0,1.0,3.6,0.0,1.2,0.4,0.8,0,0,0.0,0.0,Away Win,0.0,0.0,0.0,0.0,50.0,0.0,0.0,0.0,0.0,0.0,0.8,0.0,4.0,0.0,0.375,0.125,10.0,1.0,0.0,0.0,0.0,0.0,50.0,0.0,0.0,0.0,0.0,3.0,0.2,0.0,1.0,0.0,0.75,0.5555555555555556,10.0,1.0
3825713,2015-12-31,222,207,0,0,1.2,0.8,0.6,1.0,1.2,0.0,0,0,0.0,0.0,Home Win,0.0,0.0,0.0,0.0,50.0,0.0,0.0,0.0,0.0,2.0,0.4,3.0,0.0,3.0,0.75,0.375,11.0,1.0,0.0,0.0,0.0,0.0,50.0,0.0,0.0,0.0,0.0,0.0,0.8,0.0,0.0,3.0,0.375,0.25,12.0,1.0
3825714,2016-01-02,212,221,0,0,1.4,0.4,0.8,0.4,1.4,0.0,0,0,0.0,0.0,Home Win,0.0,0.0,0.0,0.0,50.0,0.0,0.0,0.0,0.0,3.0,0.2,1.0,0.0,1.0,0.75,0.6,3.0,2.0,0.0,0.0,0.0,0.0,50.0,0.0,0.0,0.0,0.0,0.0,0.4,0.0,3.0,0.0,0.1111111111111111,0.125,3.0,2.0
3825715,2016-01-02,223,209,0,0,1.2,0.6,0.6,1.2,0.6,0.6,0,0,0.0,0.0,Home Win,0.0,0.0,0.0,0.0,50.0,0.0,0.0,0.0,0.0,3.0,0.4,3.0,0.0,5.0,0.375,0.2222222222222222,3.0,2.0,0.0,0.0,0.0,0.0,50.0,0.0,0.0,0.0,0.0,2.0,0.4,0.0,1.0,0.0,0.4444444444444444,0.625,3.0,2.0
266670,2016-01-02,214,217,0,0,0.4,1.0,0.2,3.0,0.6,0.6,0,0,0.0,0.0,Draw,0.0,0.0,0.0,0.0,50.0,0.0,0.0,0.0,0.0,1.0,0.2,0.0,1.0,0.0,0.5,0.2222222222222222,3.0,2.0,0.0,0.0,0.0,0.0,50.0,0.0,0.0,0.0,0.0,3.0,0.4,1.0,0.0,9.0,0.9230769230769232,0.5555555555555556,3.0,1.0
3825716,2016-01-03,360,210,0,0,0.8,3.8,0.0,0.8,2.2,0.2,0,0,0.0,0.0,Draw,0.0,0.0,0.0,0.0,50.0,0.0,0.0,0.0,0.0,0.0,0.6,0.0,5.0,0.0,0.3333333333333333,0.125,4.0,2.0,0.0,0.0,0.0,0.0,50.0,0.0,0.0,0.0,0.0,0.0,0.6,0.0,2.0,0.0,0.25,0.2222222222222222,4.0,2.0
3825719,2016-01-03,215,208,0,0,1.4,0.4,0.6,1.2,1.4,0.4,0,0,0.0,0.0,Draw,0.0,0.0,0.0,0.0,50.0,0.0,0.0,0.0,0.0,4.0,0.2,2.0,0.0,2.0,0.6666666666666666,0.3333333333333333,4.0,2.0,0.0,0.0,0.0,0.0,50.0,0.0,0.0,0.0,0.0,1.0,0.4,1.0,0.0,1.0,0.4444444444444444,0.0,4.0,1.0
3825720,2016-01-03,218,322,0,0,0.4,1.2,0.2,0.8,1.4,0.2,0,0,0.0,0.0,Away Win,0.0,0.0,0.0,0.0,50.0,0.0,0.0,0.0,0.0,2.0,0.2,0.0,1.0,0.0,0.125,0.4444444444444444,4.0,1.0,0.0,0.0,0.0,0.0,50.0,0.0,0.0,0.0,0.0,1.0,0.4,1.0,0.0,1.0,0.4444444444444444,0.25,4.0,1.0
3825718,2016-01-03,207,220,0,0,0.8,1.2,0.0,3.8,1.0,0.8,0,0,0.0,0.0,Draw,0.0,0.0,0.0,0.0,50.0,0.0,0.0,0.0,0.0,0.0,0.6,0.0,1.0,0.0,0.375,0.2222222222222222,3.0,1.0,0.0,0.0,0.0,0.0,50.0,0.0,0.0,0.0,0.0,1.0,0.6,2.0,0.0,2.0,0.8,0.4444444444444444,4.0,2.0
3825721,2016-01-03,219,222,0,0,1.4,0.6,0.4,1.2,0.6,0.8,0,0,0.0,0.0,Away Win,0.0,0.0,0.0,0.0,50.0,0.0,0.0,0.0,0.0,3.0,0.4,0.0,0.0,8.0,0.375,0.3333333333333333,4.0,1.0,0.0,0.0,0.0,0.0,50.0,0.0,0.0,0.0,0.0,3.0,0.2,4.0,0.0,4.0,0.7777777777777778,0.375,3.0,2.0
3825717,2016-01-03,1049,213,0,0,1.0,2.2,0.2,1.2,0.2,0.6,0,0,0.0,0.0,Home Win,0.0,0.0,0.0,0.0,50.0,0.0,0.0,0.0,0.0,0.0,0.6,0.0,2.0,0.0,0.125,0.2222222222222222,4.0,2.0,0.0,0.0,0.0,0.0,50.0,0.0,0.0,0.0,0.0,4.0,0.2,1.0,0.0,5.0,0.7777777777777778,0.0,4.0,1.0
3825722,2016-01-04,1041,216,0,0,0.8,2.0,0.2,1.2,1.4,0.2,0,0,0.0,0.0,Away Win,0.0,0.0,0.0,0.0,50.0,0.0,0.0,0.0,0.0,0.0,0.4,0.0,2.0,0.0,0.2857142857142857,0.2222222222222222,5.0,1.0,0.0,0.0,0.0,0.0,50.0,0.0,0.0,0.0,0.0,2.0,0.6,0.0,0.0,3.0,0.4444444444444444,0.0,5.0,1.0
266620,2016-01-09,217,1049,0,0,2.2,0.6,0.4,1.0,2.0,0.4,0,0,0.0,0.0,Home Win,0.0,0.0,0.0,0.0,50.0,0.0,0.0,0.0,0.0,3.0,0.4,0.0,0.0,10.0,0.9230769230769232,0.5,7.0,2.0,0.0,0.0,0.0,0.0,50.0,0.0,0.0,0.0,0.0,0.0,0.6,1.0,0.0,1.0,0.2222222222222222,0.2222222222222222,6.0,2.0
3825725,2016-01-09,216,218,0,0,1.2,1.6,0.2,0.2,2.0,0.0,0,0,0.0,0.0,Home Win,0.0,0.0,0.0,0.0,50.0,0.0,0.0,0.0,0.0,1.0,0.8,1.0,0.0,4.0,0.4444444444444444,0.1111111111111111,5.0,2.0,0.0,0.0,0.0,0.0,50.0,0.0,0.0,0.0,0.0,1.0,0.2,0.0,2.0,0.0,0.1111111111111111,0.4444444444444444,6.0,2.0
3825723,2016-01-09,221,360,0,0,0.4,1.4,0.0,1.2,3.6,0.0,0,0,0.0,0.0,Home Win,0.0,0.0,0.0,0.0,50.0,0.0,0.0,0.0,0.0,0.0,0.4,0.0,4.0,0.0,0.1111111111111111,0.1111111111111111,7.0,2.0,0.0,0.0,0.0,0.0,50.0,0.0,0.0,0.0,0.0,0.0,0.8,0.0,0.0,1.0,0.3,0.125,6.0,2.0
3825726,2016-01-09,213,215,0,0,1.2,0.6,0.4,1.2,0.8,0.4,0,0,0.0,0.0,Home Win,0.0,0.0,0.0,0.0,50.0,0.0,0.0,0.0,0.0,3.0,0.4,0.0,1.0,0.0,0.7777777777777778,0.0,6.0,2.0,0.0,0.0,0.0,0.0,50.0,0.0,0.0,0.0,0.0,3.0,0.4,0.0,0.0,3.0,0.6,0.3333333333333333,6.0,2.0
3825724,2016-01-09,220,219,0,0,3.8,1.4,0.6,1.2,1.0,0.2,0,0,0.0,0.0,Home Win,0.0,0.0,0.0,0.0,50.0,0.0,0.0,0.0,0.0,0.0,0.8,0.0,0.0,3.0,0.8,0.4,6.0,2.0,0.0,0.0,0.0,0.0,50.0,0.0,0.0,0.0,0.0,2.0,0.6,0.0,1.0,0.0,0.3333333333333333,0.3333333333333333,6.0,2.0
3825727,2016-01-10,322,214,0,0,1.6,1.0,0.4,0.4,0.8,0.2,0,0,0.0,0.0,Home Win,0.0,0.0,0.0,0.0,50.0,0.0,0.0,0.0,0.0,2.0,0.4,2.0,0.0,2.0,0.4444444444444444,0.3333333333333333,7.0,2.0,0.0,0.0,0.0,0.0,50.0,0.0,0.0,0.0,0.0,2.0,0.2,0.0,0.0,1.0,0.4444444444444444,0.2222222222222222,8.0,2.0
3825728,2016-01-10,209,212,0,0,0.8,0.8,0.4,1.4,0.4,0.8,0,0,0.0,0.0,Away Win,0.0,0.0,0.0,0.0,50.0,0.0,0.0,0.0,0.0,2.0,0.2,0.0,2.0,0.0,0.4444444444444444,0.5555555555555556,8.0,2.0,0.0,0.0,0.0,0.0,50.0,0.0,0.0,0.0,0.0,3.0,0.2,2.0,0.0,2.0,0.7777777777777778,0.6,8.0,2.0
3825730,2016-01-10,210,207,0,0,1.2,1.8,0.2,1.2,1.4,0.0,0,0,0.0,0.0,Home Win,0.0,0.0,0.0,0.0,50.0,0.0,0.0,0.0,0.0,0.0,0.8,0.0,0.0,1.0,0.25,0.2,7.0,2.0,0.0,0.0,0.0,0.0,50.0,0.0,0.0,0.0,0.0,0.0,0.8,0.0,0.0,1.0,0.3333333333333333,0.2222222222222222,7.0,2.0
3825729,2016-01-10,222,1041,0,0,1.6,0.4,1.0,1.0,1.8,0.2,0,0,0.0,0.0,Home Win,0.0,0.0,0.0,0.0,50.0,0.0,0.0,0.0,0.0,3.0,0.4,5.0,0.0,5.0,0.7777777777777778,0.4444444444444444,7.0,2.0,0.0,0.0,0.0,0.0,50.0,0.0,0.0,0.0,0.0,0.0,0.6,0.0,3.0,0.0,0.25,0.2222222222222222,6.0,2.0
3825731,2016-01-10,208,223,0,0,1.6,1.4,0.4,1.2,0.2,0.8,0,0,0.0,0.0,Draw,0.0,0.0,0.0,0.0,50.0,0.0,0.0,0.0,0.0,1.0,0.6,0.0,0.0,2.0,0.4444444444444444,0.0,7.0,2.0,0.0,0.0,0.0,0.0,50.0,0.0,0.0,0.0,0.0,4.0,0.2,4.0,0.0,6.0,0.4444444444444444,0.2222222222222222,8.0,2.0
3825735,2016-01-16,222,218,0,0,1.6,0.2,1.0,0.0,2.0,0.0,0,0,2.0,0.0,Draw,0.0,0.0,0.0,0.0,50.0,0.0,0.0,0.0,0.0,4.0,0.2,6.0,0.0,6.0,0.8,0.4444444444444444,6.0,2.0,0.0,0.0,0.0,0.0,50.0,0.0,0.0,0.0,0.0,1.0,0.0,0.0,3.0,0.0,0.1111111111111111,0.4,7.0,2.0
3825732,2016-01-16,209,221,0,0,0.6,1.0,0.4,0.6,1.4,0.2,1,0,3.0,0.0,Home Win,0.0,0.0,0.0,0.0,50.0,0.0,0.0,0.0,0.0,2.0,0.0,0.0,3.0,0.0,0.4,0.5555555555555556,6.0,2.0,0.0,0.0,0.0,0.0,50.0,0.0,0.0,0.0,0.0,0.0,0.4,1.0,0.0,1.0,0.2,0.1111111111111111,7.0,2.0
3825733,2016-01-16,213,223,0,0,1.4,0.4,0.6,1.4,0.4,0.8,0,0,0.0,0.0,Home Win,0.0,0.0,0.0,0.0,50.0,0.0,0.0,0.0,0.0,4.0,0.2,1.0,0.0,1.0,0.8,0.0,7.0,2.0,0.0,0.0,0.0,0.0,50.0,0.0,0.0,0.0,0.0,3.0,0.4,0.0,0.0,7.0,0.4444444444444444,0.2,6.0,2.0
3825734,2016-01-16,210,219,0,0,1.2,1.6,0.2,1.0,1.8,0.2,0,0,0.0,0.0,Draw,0.0,0.0,0.0,0.0,50.0,0.0,0.0,0.0,0.0,1.0,0.6,1.0,0.0,2.0,0.3333333333333333,0.2,6.0,2.0,0.0,0.0,0.0,0.0,50.0,0.0,0.0,0.0,0.0,2.0,0.4,0.0,2.0,0.0,0.3333333333333333,0.3,7.0,2.0
3825739,2016-01-17,220,1041,0,0,4.0,1.2,0.6,0.8,1.8,0.2,0,0,0.0,0.0,Home Win,0.0,0.0,0.0,0.0,50.0,0.0,0.0,0.0,0.0,1.0,0.6,1.0,0.0,4.0,0.8181818181818182,0.4,8.0,2.0,0.0,0.0,0.0,0.0,50.0,0.0,0.0,0.0,0.0,0.0,0.4,0.0,4.0,0.0,0.25,0.2,7.0,2.0
3825737,2016-01-17,216,214,0,0,1.2,0.8,0.4,0.4,1.0,0.2,0,1,1.0,0.0,Home Win,0.0,0.0,0.0,0.0,50.0,0.0,0.0,0.0,0.0,2.0,0.6,2.0,0.0,5.0,0.5,0.1111111111111111,8.0,2.0,0.0,0.0,0.0,0.0,50.0,0.0,0.0,0.0,0.0,2.0,0.2,0.0,1.0,0.0,0.4444444444444444,0.2,7.0,1.0
3825736,2016-01-17,207,360,0,0,1.0,1.6,0.0,1.2,3.6,0.0,0,0,0.0,0.0,Draw,0.0,0.0,0.0,0.0,50.0,0.0,0.0,0.0,0.0,0.0,0.6,0.0,1.0,0.0,0.3333333333333333,0.2,7.0,2.0,0.0,0.0,0.0,0.0,50.0,0.0,0.0,0.0,0.0,0.0,0.8,0.0,1.0,0.0,0.3,0.1111111111111111,8.0,2.0
3825738,2016-01-17,208,212,0,0,1.6,1.0,0.4,1.4,0.4,0.8,0,1,1.0,0.0,Away Win,0.0,0.0,0.0,0.0,50.0,0.0,0.0,0.0,0.0,1.0,0.6,0.0,0.0,3.0,0.4,0.0,7.0,2.0,0.0,0.0,0.0,0.0,50.0,0.0,0.0,0.0,0.0,3.0,0.2,3.0,0.0,3.0,0.7777777777777778,0.6363636363636364,7.0,1.0
266149,2016-01-17,217,215,0,0,2.2,0.6,0.4,1.2,1.2,0.4,1,1,1.0,0.0,Home Win,0.0,0.0,0.0,0.0,50.0,0.0,0.0,0.0,0.0,3.0,0.4,1.0,0.0,11.0,0.9285714285714286,0.5,8.0,1.0,0.0,0.0,0.0,0.0,50.0,0.0,0.0,0.0,0.0,2.0,0.4,0.0,1.0,0.0,0.6,0.3,8.0,2.0
3825740,2016-01-18,322,1049,0,0,1.8,0.8,0.6,1.0,2.4,0.4,1,0,4.0,0.0,Home Win,0.0,0.0,0.0,0.0,50.0,0.0,0.0,0.0,0.0,2.0,0.4,3.0,0.0,3.0,0.5,0.3333333333333333,8.0,1.0,0.0,0.0,0.0,0.0,50.0,0.0,0.0,0.0,0.0,0.0,0.6,0.0,1.0,0.0,0.2222222222222222,0.2,9.0,1.0
3825741,2016-01-22,1041,210,0,0,0.4,2.6,0.0,1.2,1.6,0.2,0,0,0.0,0.0,Home Win,0.657441291,2.220954735,9.0,2.0,46.64401019541207,0.7851662404092071,4.0,1.0,0.0,0.0,0.4,0.0,5.0,0.0,0.25,0.1818181818181818,5.0,2.0,0.0,0.0,0.0,0.0,50.0,0.0,0.0,0.0,0.0,1.0,0.6,0.0,0.0,3.0,0.3,0.2,6.0,2.0
3890415,2016-01-23,175,904,0,0,1.0,2.0,0.0,2.2,0.8,0.6,0,1,3.0,3.963282140000001,Draw,0.523961415,3.4393207250000004,6.0,2.0,41.58291457286432,0.5921450151057401,5.0,0.0,0.0,0.0,1.0,0.0,1.0,0.0,0.0,0.0,161.0,0.0,1.5560723936799998,0.7866866629400001,12.8,5.0,49.517563461199856,0.7400488144385717,5.2,1.6,0.2,2.0,0.6,2.0,0.0,2.0,0.5,0.4444444444444444,35.0,0.0
3825743,2016-01-23,360,209,0,0,1.4,3.6,0.0,1.2,1.6,0.4,0,1,3.0,0.0,Home Win,0.0,0.0,0.0,0.0,50.0,0.0,0.0,0.0,0.0,0.0,0.8,0.0,0.0,1.0,0.3,0.1,6.0,2.0,0.0,0.0,0.0,0.0,50.0,0.0,0.0,0.0,0.0,1.0,0.2,1.0,0.0,1.0,0.4545454545454545,0.5555555555555556,7.0,2.0
3825742,2016-01-23,1049,216,0,0,0.8,3.2,0.2,1.6,0.8,0.6,1,0,3.0,0.0,Home Win,0.9642138057,1.714239506,4.0,1.0,48.96637608966376,0.6416666666666667,2.0,4.0,0.0,0.0,0.6,0.0,2.0,0.0,0.2222222222222222,0.1818181818181818,5.0,2.0,0.0,0.0,0.0,0.0,50.0,0.0,0.0,0.0,0.0,2.0,0.6,3.0,0.0,6.0,0.5454545454545454,0.1111111111111111,6.0,2.0
3825744,2016-01-23,214,222,0,0,0.6,1.4,0.2,1.4,0.2,0.8,0,1,4.0,0.0,Draw,0.0,0.0,0.0,0.0,50.0,0.0,0.0,0.0,0.0,2.0,0.4,0.0,2.0,0.0,0.4444444444444444,0.1818181818181818,6.0,2.0,0.0,0.0,0.0,0.0,50.0,0.0,0.0,0.0,0.0,4.0,0.2,0.0,0.0,7.0,0.7272727272727273,0.4444444444444444,7.0,2.0
265894,2016-01-23,223,217,0,0,1.2,0.6,0.6,3.2,0.4,0.6,0,1,1.0,0.0,Away Win,0.0,0.0,0.0,0.0,50.0,0.0,0.0,0.0,0.0,3.0,0.4,0.0,1.0,0.0,0.4444444444444444,0.1818181818181818,7.0,2.0,0.0,0.0,0.0,0.0,50.0,0.0,0.0,0.0,0.0,4.0,0.2,2.0,0.0,12.0,0.9333333333333332,0.5,6.0,2.0
3825746,2016-01-24,218,220,0,0,0.0,1.8,0.0,5.0,1.2,0.8,0,1,5.0,0.0,Draw,0.0,0.0,0.0,0.0,50.0,0.0,0.0,0.0,0.0,2.0,0.0,0.0,0.0,1.0,0.1111111111111111,0.3636363636363636,8.0,1.0,2.220954735,0.657441291,17.0,9.0,53.355989804587935,0.8918575063613231,4.0,1.0,0.0,1.0,0.8,2.0,0.0,5.0,0.8333333333333334,0.4,7.0,1.0
3825745,2016-01-24,219,207,0,0,0.8,1.6,0.2,1.2,1.8,0.0,0,0,2.0,0.0,Draw,0.0,0.0,0.0,0.0,50.0,0.0,0.0,0.0,0.0,2.0,0.4,0.0,0.0,1.0,0.3333333333333333,0.2727272727272727,8.0,1.0,0.0,0.0,0.0,0.0,50.0,0.0,0.0,0.0,0.0,0.0,0.6,0.0,0.0,1.0,0.3,0.2,7.0,2.0
3825748,2016-01-24,212,213,0,0,1.6,0.2,0.8,1.4,0.6,0.6,1,0,3.0,0.0,Draw,0.0,0.0,0.0,0.0,50.0,0.0,0.0,0.0,0.0,4.0,0.0,4.0,0.0,4.0,0.7777777777777778,0.6666666666666666,7.0,2.0,0.0,0.0,0.0,0.0,50.0,0.0,0.0,0.0,0.0,3.0,0.4,2.0,0.0,2.0,0.8181818181818182,0.0,8.0,1.0
3825747,2016-01-24,215,322,0,0,1.0,2.0,0.4,2.6,0.8,0.8,0,1,2.0,0.0,Home Win,0.0,0.0,0.0,0.0,50.0,0.0,0.0,0.0,0.0,2.0,0.2,0.0,2.0,0.0,0.6,0.2727272727272727,7.0,1.0,1.714239506,0.9642138057,12.0,7.0,51.03362391033624,0.7042889390519187,3.0,1.0,0.0,2.0,0.4,4.0,0.0,4.0,0.5454545454545454,0.3333333333333333,6.0,2.0
3825749,2016-01-25,221,208,0,0,1.0,1.8,0.2,1.4,1.6,0.2,0,0,0.0,0.0,Home Win,0.0,0.0,0.0,0.0,50.0,0.0,0.0,0.0,0.0,0.0,0.4,0.0,1.0,0.0,0.2,0.1,9.0,1.0,0.0,0.0,0.0,0.0,50.0,0.0,0.0,0.0,0.0,0.0,0.6,0.0,1.0,0.0,0.3636363636363636,0.0,8.0,1.0
3825752,2016-01-30,322,223,0,0,3.0,1.4,0.8,1.2,1.0,0.4,0,0,0.0,0.0,Away Win,1.714239506,0.9642138057,12.0,7.0,51.03362391033624,0.7042889390519187,3.0,1.0,0.0,2.0,0.6,0.0,1.0,0.0,0.5454545454545454,0.3,6.0,2.0,0.0,0.0,0.0,0.0,50.0,0.0,0.0,0.0,0.0,2.0,0.6,0.0,2.0,0.0,0.4,0.1818181818181818,7.0,2.0
267576,2016-01-30,217,212,0,0,3.2,0.2,0.8,1.6,0.0,0.8,1,0,3.0,0.0,Home Win,0.0,0.0,0.0,0.0,50.0,0.0,0.0,0.0,0.0,4.0,0.2,3.0,0.0,13.0,0.9333333333333332,0.5454545454545454,7.0,2.0,0.0,0.0,0.0,0.0,50.0,0.0,0.0,0.0,0.0,5.0,0.0,0.0,0.0,5.0,0.7,0.6666666666666666,6.0,2.0
3825751,2016-01-30,216,215,0,0,1.6,1.0,0.6,1.6,2.4,0.4,0,1,4.0,0.0,Away Win,0.0,0.0,0.0,0.0,50.0,0.0,0.0,0.0,0.0,2.0,0.6,0.0,1.0,0.0,0.5454545454545454,0.1,7.0,2.0,0.0,0.0,0.0,0.0,50.0,0.0,0.0,0.0,0.0,1.0,0.4,1.0,0.0,1.0,0.6363636363636364,0.2727272727272727,6.0,2.0
3825750,2016-01-30,210,218,0,0,1.4,2.2,0.2,0.2,2.0,0.0,0,1,1.0,0.0,Home Win,0.0,0.0,0.0,0.0,50.0,0.0,0.0,0.0,0.0,1.0,0.8,0.0,1.0,0.0,0.3,0.1818181818181818,8.0,2.0,0.0,0.0,0.0,0.0,50.0,0.0,0.0,0.0,0.0,1.0,0.2,0.0,0.0,2.0,0.1,0.3636363636363636,6.0,2.0
3890427,2016-01-30,904,178,0,0,1.8,0.8,0.4,0.0,1.0,0.0,1,0,1.0,1.050138528,Home Win,1.54927978468,0.83806909274,13.0,4.4,50.501233615851376,0.7369128743644368,5.4,1.8,0.2,2.0,0.6,0.0,0.0,3.0,0.5,0.4,7.0,1.0,0.1273189049999999,0.922819623,5.0,3.0,41.91096634093377,0.6424870466321243,3.0,0.0,0.0,0.0,0.0,0.0,1.0,0.0,0.0,0.0,161.0,0.0
3825753,2016-01-30,222,1049,0,0,1.4,0.6,0.6,1.4,3.2,0.4,1,0,4.0,0.0,Home Win,0.0,0.0,0.0,0.0,50.0,0.0,0.0,0.0,0.0,3.0,0.4,0.0,0.0,8.0,0.7272727272727273,0.4,7.0,2.0,0.9642138057,1.714239506,4.0,1.0,48.96637608966376,0.6416666666666667,2.0,4.0,0.0,0.0,0.8,1.0,0.0,1.0,0.3,0.1818181818181818,7.0,2.0
3825757,2016-01-31,220,214,0,0,3.2,1.0,0.6,0.8,1.8,0.0,1,0,6.0,0.0,Home Win,2.220954735,0.657441291,17.0,9.0,53.355989804587935,0.8918575063613231,4.0,1.0,0.0,1.0,0.8,0.0,0.0,6.0,0.8333333333333334,0.3636363636363636,7.0,2.0,0.0,0.0,0.0,0.0,50.0,0.0,0.0,0.0,0.0,1.0,0.6,0.0,0.0,1.0,0.4,0.1818181818181818,8.0,2.0
3825754,2016-01-31,208,209,0,0,1.8,2.0,0.2,0.8,2.2,0.2,0,0,6.0,0.0,Home Win,0.0,0.0,0.0,0.0,50.0,0.0,0.0,0.0,0.0,0.0,0.8,0.0,2.0,0.0,0.3636363636363636,0.0,6.0,2.0,0.0,0.0,0.0,0.0,50.0,0.0,0.0,0.0,0.0,0.0,0.2,0.0,1.0,0.0,0.4545454545454545,0.5,8.0,1.0
3825756,2016-01-31,213,221,0,0,1.4,0.6,0.6,1.6,1.8,0.4,0,0,2.0,0.0,Home Win,0.0,0.0,0.0,0.0,50.0,0.0,0.0,0.0,0.0,3.0,0.4,0.0,0.0,3.0,0.8181818181818182,0.0,7.0,1.0,0.0,0.0,0.0,0.0,50.0,0.0,0.0,0.0,0.0,0.0,0.6,1.0,0.0,1.0,0.2727272727272727,0.1,6.0,1.0
3825755,2016-01-31,207,1041,0,0,1.0,1.6,0.0,1.4,2.4,0.2,1,0,1.0,0.0,Away Win,0.0,0.0,0.0,0.0,50.0,0.0,0.0,0.0,0.0,0.0,0.6,0.0,0.0,2.0,0.3,0.1818181818181818,7.0,2.0,0.657441291,2.220954735,9.0,2.0,46.64401019541207,0.7851662404092071,4.0,1.0,0.0,0.0,0.6,1.0,0.0,1.0,0.3333333333333333,0.1818181818181818,9.0,2.0
3825758,2016-02-01,219,360,0,0,0.6,1.8,0.0,1.6,1.6,0.2,1,0,4.0,0.0,Draw,0.0,0.0,0.0,0.0,50.0,0.0,0.0,0.0,0.0,1.0,0.6,0.0,0.0,2.0,0.3,0.2727272727272727,8.0,1.0,0.0,0.0,0.0,0.0,50.0,0.0,0.0,0.0,0.0,1.0,0.6,1.0,0.0,2.0,0.3636363636363636,0.1,9.0,1.0
3825759,2016-02-05,223,216,0,0,1.4,1.2,0.4,1.6,1.2,0.6,0,1,1.0,0.0,Home Win,0.0,0.0,0.0,0.0,50.0,0.0,0.0,0.0,0.0,1.0,0.8,1.0,0.0,1.0,0.4,0.25,6.0,2.0,0.0,0.0,0.0,0.0,50.0,0.0,0.0,0.0,0.0,1.0,0.6,0.0,2.0,0.0,0.5,0.1,6.0,2.0
3890431,2016-02-06,904,169,0,0,2.2,0.6,0.6,1.5,1.0,0.5,0,1,3.0,3.475105425,Draw,1.59590563868,0.70850229874,12.2,4.4,50.97621274274521,0.7319928687812376,4.8,1.6,0.2,3.0,0.4,1.0,0.0,4.0,0.5555555555555556,0.4,7.0,2.0,3.6255713591,1.8564194962,24.5,7.5,61.99091707045375,0.8113812335297403,10.25,1.75,0.0,1.0,0.5,2.0,0.0,3.0,0.3333333333333333,1.0,161.0,0.0
3825763,2016-02-06,360,208,0,0,2.0,1.6,0.2,1.4,2.0,0.2,1,0,1.0,0.0,Home Win,0.0,0.0,0.0,0.0,50.0,0.0,0.0,0.0,0.0,1.0,0.8,0.0,0.0,3.0,0.3636363636363636,0.0909090909090909,5.0,2.0,0.0,0.0,0.0,0.0,50.0,0.0,0.0,0.0,0.0,0.0,0.8,1.0,0.0,1.0,0.4166666666666667,0.0,6.0,2.0
3825761,2016-02-06,215,222,0,0,1.6,2.4,0.4,1.4,0.6,0.6,0,1,4.0,0.0,Draw,0.0,0.0,0.0,0.0,50.0,0.0,0.0,0.0,0.0,1.0,0.4,2.0,0.0,2.0,0.6363636363636364,0.3333333333333333,7.0,2.0,0.0,0.0,0.0,0.0,50.0,0.0,0.0,0.0,0.0,3.0,0.4,1.0,0.0,9.0,0.75,0.4,7.0,2.0
3825762,2016-02-06,1041,219,0,0,1.6,2.0,0.4,1.0,2.2,0.0,1,0,5.0,0.0,Draw,0.657441291,2.220954735,9.0,2.0,46.64401019541207,0.7851662404092071,4.0,1.0,0.0,1.0,0.6,2.0,0.0,2.0,0.3333333333333333,0.25,6.0,1.0,0.0,0.0,0.0,0.0,50.0,0.0,0.0,0.0,0.0,0.0,0.8,0.0,0.0,3.0,0.2727272727272727,0.2727272727272727,5.0,2.0
3825760,2016-02-06,212,322,0,0,1.4,0.4,0.6,2.8,1.8,0.6,1,0,2.0,0.0,Home Win,0.0,0.0,0.0,0.0,50.0,0.0,0.0,0.0,0.0,4.0,0.2,0.0,1.0,0.0,0.7,0.6153846153846154,7.0,2.0,1.714239506,0.9642138057,12.0,7.0,51.03362391033624,0.7042889390519187,3.0,1.0,0.0,1.0,0.8,0.0,2.0,0.0,0.5,0.3,7.0,2.0
3825764,2016-02-07,1049,220,0,0,1.2,2.6,0.4,3.8,0.8,0.6,0,1,1.0,0.0,Away Win,0.9642138057,1.714239506,4.0,1.0,48.96637608966376,0.6416666666666667,2.0,4.0,0.0,0.0,0.6,0.0,1.0,0.0,0.3,0.1666666666666666,8.0,1.0,2.220954735,0.657441291,17.0,9.0,53.355989804587935,0.8918575063613231,4.0,1.0,0.0,2.0,0.6,1.0,0.0,7.0,0.8461538461538461,0.3636363636363636,7.0,2.0
3825765,2016-02-07,209,213,0,0,1.0,2.4,0.2,1.6,0.8,0.6,1,0,3.0,0.0,Draw,0.0,0.0,0.0,0.0,50.0,0.0,0.0,0.0,0.0,0.0,0.4,0.0,2.0,0.0,0.4545454545454545,0.4545454545454545,7.0,1.0,0.0,0.0,0.0,0.0,50.0,0.0,0.0,0.0,0.0,2.0,0.6,1.0,0.0,4.0,0.8333333333333334,0.0,7.0,2.0
266160,2016-02-07,221,217,0,0,1.8,2.2,0.4,2.8,0.4,0.8,0,1,5.0,0.0,Away Win,0.0,0.0,0.0,0.0,50.0,0.0,0.0,0.0,0.0,0.0,0.8,0.0,1.0,0.0,0.2727272727272727,0.0909090909090909,7.0,2.0,0.0,0.0,0.0,0.0,50.0,0.0,0.0,0.0,0.0,3.0,0.4,4.0,0.0,14.0,0.9375,0.5454545454545454,8.0,1.0
3825766,2016-02-07,218,207,0,0,0.4,1.6,0.0,1.0,1.6,0.0,0,0,0.0,0.0,Home Win,0.0,0.0,0.0,0.0,50.0,0.0,0.0,0.0,0.0,1.0,0.4,0.0,1.0,0.0,0.1,0.3333333333333333,8.0,2.0,0.0,0.0,0.0,0.0,50.0,0.0,0.0,0.0,0.0,0.0,0.6,0.0,1.0,0.0,0.2727272727272727,0.1818181818181818,7.0,2.0
3825767,2016-02-08,214,210,0,0,0.8,2.6,0.0,1.6,1.8,0.4,1,0,5.0,0.0,Away Win,0.0,0.0,0.0,0.0,50.0,0.0,0.0,0.0,0.0,1.0,0.6,0.0,1.0,0.0,0.4,0.1666666666666666,8.0,1.0,0.0,0.0,0.0,0.0,50.0,0.0,0.0,0.0,0.0,1.0,0.8,1.0,0.0,1.0,0.3636363636363636,0.1818181818181818,9.0,1.0
3825768,2016-02-12,1041,360,0,0,1.6,1.8,0.4,2.0,1.2,0.4,0,1,3.0,0.0,Draw,0.657441291,2.220954735,9.0,2.0,46.64401019541207,0.7851662404092071,4.0,1.0,0.0,1.0,0.6,0.0,0.0,3.0,0.3,0.25,6.0,2.0,0.0,0.0,0.0,0.0,50.0,0.0,0.0,0.0,0.0,2.0,0.6,1.0,0.0,4.0,0.4166666666666667,0.0909090909090909,6.0,2.0
3890444,2016-02-13,872,904,0,0,1.0,0.0,1.0,2.0,0.2,0.6,1,0,1.0,1.7677504034000002,Away Win,0.3345079974,1.4332424060000002,5.0,3.0,28.0225988700565,0.5040322580645161,4.0,1.0,0.0,1.0,0.0,1.0,0.0,1.0,0.0,1.0,154.0,0.0,1.45952661328,0.6782283298,12.0,4.6,50.14124693871044,0.7098980016230793,5.6,1.0,0.0,4.0,0.2,0.0,0.0,5.0,0.5,0.4,7.0,2.0
3825771,2016-02-13,219,218,0,0,1.0,2.0,0.0,0.6,0.8,0.2,1,0,3.0,0.0,Draw,0.0,0.0,0.0,0.0,50.0,0.0,0.0,0.0,0.0,0.0,0.8,0.0,0.0,4.0,0.2727272727272727,0.25,7.0,2.0,0.0,0.0,0.0,0.0,50.0,0.0,0.0,0.0,0.0,2.0,0.4,1.0,0.0,1.0,0.1818181818181818,0.3333333333333333,6.0,2.0
3825772,2016-02-13,207,214,0,0,0.6,1.4,0.0,0.8,3.6,0.0,0,1,1.0,0.0,Home Win,0.0,0.0,0.0,0.0,50.0,0.0,0.0,0.0,0.0,0.0,0.4,0.0,2.0,0.0,0.2727272727272727,0.1666666666666666,6.0,2.0,0.0,0.0,0.0,0.0,50.0,0.0,0.0,0.0,0.0,0.0,0.6,0.0,2.0,0.0,0.3636363636363636,0.1666666666666666,5.0,2.0
3825769,2016-02-13,222,223,0,0,1.0,0.4,0.4,1.6,1.2,0.4,1,0,1.0,0.0,Home Win,0.0,0.0,0.0,0.0,50.0,0.0,0.0,0.0,0.0,4.0,0.2,0.0,0.0,10.0,0.75,0.3636363636363636,7.0,2.0,0.0,0.0,0.0,0.0,50.0,0.0,0.0,0.0,0.0,1.0,0.8,2.0,0.0,2.0,0.4545454545454545,0.25,8.0,2.0
3825770,2016-02-13,220,215,0,0,3.8,0.6,0.8,1.2,2.0,0.4,1,0,3.0,0.0,Home Win,2.220954735,0.657441291,17.0,9.0,53.355989804587935,0.8918575063613231,4.0,1.0,0.0,2.0,0.6,2.0,0.0,8.0,0.8461538461538461,0.4166666666666667,6.0,2.0,0.0,0.0,0.0,0.0,50.0,0.0,0.0,0.0,0.0,2.0,0.2,0.0,0.0,3.0,0.5833333333333334,0.3333333333333333,7.0,2.0
3825774,2016-02-14,216,212,0,0,1.2,1.6,0.4,1.8,0.6,0.6,0,1,2.0,0.0,Away Win,0.0,0.0,0.0,0.0,50.0,0.0,0.0,0.0,0.0,1.0,0.4,0.0,3.0,0.0,0.5,0.0909090909090909,9.0,1.0,0.0,0.0,0.0,0.0,50.0,0.0,0.0,0.0,0.0,3.0,0.4,1.0,0.0,1.0,0.7272727272727273,0.6153846153846154,8.0,1.0
3825775,2016-02-14,210,1049,0,0,2.2,1.4,0.6,1.0,2.8,0.2,1,0,3.0,0.0,Home Win,0.0,0.0,0.0,0.0,50.0,0.0,0.0,0.0,0.0,2.0,0.6,2.0,0.0,2.0,0.3636363636363636,0.25,6.0,1.0,0.9642138057,1.714239506,4.0,1.0,48.96637608966376,0.6416666666666667,2.0,4.0,0.0,0.0,0.6,0.0,2.0,0.0,0.2727272727272727,0.1666666666666666,7.0,1.0
3825776,2016-02-14,213,208,0,0,1.6,0.6,0.6,1.0,2.0,0.2,0,1,2.0,2.858395254,Home Win,0.0,0.0,0.0,0.0,50.0,0.0,0.0,0.0,0.0,2.0,0.6,0.0,0.0,5.0,0.8333333333333334,0.0,7.0,2.0,0.0,0.0,0.0,0.0,50.0,0.0,0.0,0.0,0.0,0.0,0.6,0.0,1.0,0.0,0.4166666666666667,0.0,8.0,2.0
3825773,2016-02-14,322,221,0,0,2.2,2.4,0.4,1.8,2.4,0.4,0,0,4.0,1.7211549126,Home Win,1.714239506,0.9642138057,12.0,7.0,51.03362391033624,0.7042889390519187,3.0,1.0,0.0,0.0,1.0,0.0,3.0,0.0,0.5,0.2727272727272727,8.0,1.0,0.0,0.0,0.0,0.0,50.0,0.0,0.0,0.0,0.0,0.0,0.8,0.0,2.0,0.0,0.25,0.0909090909090909,7.0,2.0
266254,2016-02-14,217,209,0,0,3.2,0.4,1.0,1.2,2.2,0.2,0,1,5.0,0.0,Home Win,0.0,0.0,0.0,0.0,50.0,0.0,0.0,0.0,0.0,3.0,0.4,5.0,0.0,15.0,0.9375,0.5833333333333334,7.0,1.0,0.0,0.0,0.0,0.0,50.0,0.0,0.0,0.0,0.0,0.0,0.6,0.0,0.0,1.0,0.4166666666666667,0.4545454545454545,7.0,2.0
266815,2016-02-17,1041,217,0,0,2.0,1.8,0.4,3.6,0.6,1.0,0,0,0.0,0.0,Away Win,0.657441291,2.220954735,9.0,2.0,46.64401019541207,0.7851662404092071,4.0,1.0,0.0,1.0,0.8,0.0,0.0,4.0,0.2727272727272727,0.25,5.0,2.0,0.0,0.0,0.0,0.0,50.0,0.0,0.0,0.0,0.0,2.0,0.6,6.0,0.0,16.0,0.9411764705882352,0.5833333333333334,3.0,2.0
3825777,2016-02-19,221,216,0,0,1.4,2.6,0.2,1.0,1.8,0.2,0,1,3.0,0.0,Home Win,0.0,0.0,0.0,0.0,50.0,0.0,0.0,0.0,0.0,0.0,0.6,0.0,3.0,0.0,0.25,0.0833333333333333,5.0,2.0,0.0,0.0,0.0,0.0,50.0,0.0,0.0,0.0,0.0,0.0,0.4,0.0,4.0,0.0,0.4615384615384615,0.0909090909090909,5.0,2.0
3825778,2016-02-20,218,1041,0,0,1.0,1.0,0.2,2.0,1.4,0.4,1,0,3.0,0.0,Draw,0.0,0.0,0.0,0.0,50.0,0.0,0.0,0.0,0.0,2.0,0.6,0.0,0.0,2.0,0.1818181818181818,0.3076923076923077,7.0,2.0,0.0,0.0,0.0,0.0,50.0,0.0,0.0,0.0,0.0,1.0,0.8,0.0,1.0,0.0,0.25,0.25,3.0,3.0
267273,2016-02-20,208,217,0,0,0.8,2.2,0.2,3.0,0.8,1.0,0,2,3.5,0.0,Away Win,0.0,0.0,0.0,0.0,50.0,0.0,0.0,0.0,0.0,0.0,0.4,0.0,2.0,0.0,0.4166666666666667,0.0,6.0,2.0,0.0,0.0,0.0,0.0,50.0,0.0,0.0,0.0,0.0,1.0,0.8,7.0,0.0,17.0,0.9411764705882352,0.6153846153846154,3.0,3.0
3825780,2016-02-20,214,219,0,0,0.8,3.6,0.0,1.4,1.4,0.0,0,1,3.0,0.0,Home Win,0.0,0.0,0.0,0.0,50.0,0.0,0.0,0.0,0.0,0.0,0.6,0.0,3.0,0.0,0.3636363636363636,0.1538461538461538,7.0,2.0,0.0,0.0,0.0,0.0,50.0,0.0,0.0,0.0,0.0,0.0,1.0,0.0,0.0,5.0,0.25,0.25,7.0,2.0
3825779,2016-02-20,209,322,0,0,1.4,3.0,0.2,2.2,2.2,0.4,0,0,2.0,0.0,Home Win,0.0,0.0,0.0,0.0,50.0,0.0,0.0,0.0,0.0,0.0,0.8,0.0,1.0,0.0,0.4166666666666667,0.4166666666666667,6.0,2.0,1.714239506,0.9642138057,12.0,7.0,51.03362391033624,0.7042889390519187,3.0,1.0,0.0,1.0,0.8,1.0,0.0,1.0,0.5384615384615384,0.2727272727272727,6.0,2.0
3825784,2016-02-21,212,222,0,0,1.6,0.6,0.6,0.8,0.4,0.4,0,1,1.0,0.0,Draw,0.0,0.0,0.0,0.0,50.0,0.0,0.0,0.0,0.0,3.0,0.4,2.0,0.0,2.0,0.7272727272727273,0.6428571428571429,7.0,1.0,0.0,0.0,0.0,0.0,50.0,0.0,0.0,0.0,0.0,4.0,0.2,1.0,0.0,11.0,0.7692307692307693,0.3636363636363636,8.0,1.0
3825781,2016-02-21,360,213,0,0,2.2,1.2,0.4,1.6,0.6,0.6,0,1,5.0,0.0,Draw,0.0,0.0,0.0,0.0,50.0,0.0,0.0,0.0,0.0,2.0,0.6,0.0,0.0,5.0,0.4166666666666667,0.0833333333333333,9.0,1.0,0.0,0.0,0.0,0.0,50.0,0.0,0.0,0.0,0.0,2.0,0.6,1.0,0.0,6.0,0.8461538461538461,0.0,7.0,2.0
3825782,2016-02-21,1049,207,0,0,1.0,2.6,0.2,1.0,1.2,0.2,0,1,1.0,0.0,Away Win,0.9642138057,1.714239506,4.0,1.0,48.96637608966376,0.6416666666666667,2.0,4.0,0.0,0.0,0.6,0.0,3.0,0.0,0.2727272727272727,0.1538461538461538,7.0,2.0,0.0,0.0,0.0,0.0,50.0,0.0,0.0,0.0,0.0,0.0,0.6,1.0,0.0,1.0,0.3333333333333333,0.1666666666666666,8.0,2.0
3825785,2016-02-21,223,220,0,0,1.4,1.2,0.4,3.6,1.0,0.8,0,0,0.0,0.0,Draw,0.0,0.0,0.0,0.0,50.0,0.0,0.0,0.0,0.0,1.0,0.6,0.0,1.0,0.0,0.4545454545454545,0.2307692307692307,8.0,1.0,2.220954735,0.657441291,17.0,9.0,53.355989804587935,0.8918575063613231,4.0,1.0,0.0,1.0,0.8,3.0,0.0,9.0,0.8571428571428571,0.4166666666666667,8.0,2.0
3825783,2016-02-21,215,210,0,0,1.6,2.4,0.4,2.4,1.4,0.6,0,0,0.0,0.0,Away Win,0.0,0.0,0.0,0.0,50.0,0.0,0.0,0.0,0.0,2.0,0.4,0.0,1.0,0.0,0.5833333333333334,0.3076923076923077,8.0,1.0,0.0,0.0,0.0,0.0,50.0,0.0,0.0,0.0,0.0,2.0,0.6,3.0,0.0,3.0,0.4166666666666667,0.25,7.0,2.0
3890456,2016-02-21,904,180,0,0,1.4,0.4,0.6,2.0,1.0,0.5,0,1,3.0,3.9423423644,Away Win,1.2817126464000002,0.8580465867999999,11.8,3.8,52.9677752870767,0.6953728681159616,6.0,1.6,0.0,3.0,0.4,1.0,0.0,6.0,0.5,0.4545454545454545,8.0,1.0,2.337324546,1.9304060007,17.5,8.5,49.00771144278607,0.7132718254981029,4.5,1.0,0.0,1.0,0.5,1.0,0.0,1.0,0.5,0.0,154.0,0.0
3825786,2016-02-26,322,208,0,0,1.6,2.6,0.2,1.0,2.0,0.2,1,0,2.0,0.0,Away Win,0.0,0.0,0.0,0.0,50.0,0.0,0.0,0.0,0.0,1.0,0.8,0.0,1.0,0.0,0.5384615384615384,0.25,6.0,2.0,0.0,0.0,0.0,0.0,50.0,0.0,0.0,0.0,0.0,0.0,0.6,0.0,3.0,0.0,0.3846153846153846,0.0,6.0,2.0
3825787,2016-02-27,220,212,0,0,2.8,1.0,0.6,1.0,0.6,0.4,1,0,3.5,0.0,Away Win,0.0,0.0,0.0,0.0,50.0,0.0,0.0,0.0,0.0,1.0,0.8,0.0,0.0,10.0,0.8571428571428571,0.3846153846153846,6.0,2.0,0.0,0.0,0.0,0.0,50.0,0.0,0.0,0.0,0.0,3.0,0.4,0.0,0.0,3.0,0.6666666666666666,0.6428571428571429,6.0,2.0
3825790,2016-02-27,1041,214,0,0,1.2,1.4,0.2,0.8,3.0,0.2,1,0,3.0,0.0,Away Win,0.233383578,1.581630813,5.0,3.0,48.75846501128668,0.7139175257731959,4.0,3.0,0.0,1.0,0.8,0.0,0.0,1.0,0.25,0.2307692307692307,7.0,2.0,0.0,0.0,0.0,0.0,50.0,0.0,0.0,0.0,0.0,1.0,0.4,1.0,0.0,1.0,0.4166666666666667,0.1538461538461538,7.0,2.0
3825788,2016-02-27,216,209,0,0,0.4,2.2,0.0,1.2,2.8,0.2,0,0,0.0,0.0,Away Win,1.741446856,1.873779319,14.0,6.0,50.97799511002445,0.7104677060133631,8.0,2.0,0.0,0.0,0.2,0.0,5.0,0.0,0.4615384615384615,0.0833333333333333,8.0,2.0,0.0,0.0,0.0,0.0,50.0,0.0,0.0,0.0,0.0,0.0,0.8,1.0,0.0,1.0,0.4615384615384615,0.4166666666666667,7.0,2.0
3825791,2016-02-27,218,360,0,0,1.2,1.2,0.2,2.2,1.2,0.4,1,0,2.0,0.0,Draw,1.581630813,0.233383578,18.0,5.0,51.24153498871332,0.7409638554216867,10.0,2.0,0.0,1.0,0.8,0.0,0.0,3.0,0.1666666666666666,0.3076923076923077,7.0,2.0,0.0,0.0,0.0,0.0,50.0,0.0,0.0,0.0,0.0,2.0,0.6,0.0,0.0,6.0,0.3846153846153846,0.0833333333333333,6.0,1.0
3825789,2016-02-27,210,223,0,0,2.4,1.2,0.8,1.4,1.0,0.4,0,1,4.0,0.0,Draw,0.0,0.0,0.0,0.0,50.0,0.0,0.0,0.0,0.0,3.0,0.4,4.0,0.0,4.0,0.4166666666666667,0.3076923076923077,6.0,2.0,0.0,0.0,0.0,0.0,50.0,0.0,0.0,0.0,0.0,1.0,0.6,0.0,0.0,1.0,0.4166666666666667,0.2307692307692307,6.0,2.0
3890463,2016-02-28,177,904,0,0,0.0,1.0,0.0,1.2,0.6,0.4,0,1,1.0,1.9021823796,Home Win,0.4078567999999999,1.4943255796,3.0,2.0,33.81742738589212,0.6134969325153374,3.0,0.0,0.0,0.0,0.0,0.0,1.0,0.0,0.0,0.0,158.0,0.0,1.2526399631,1.0401464268,11.8,4.0,53.99355201941033,0.713383159711159,7.0,2.0,0.0,2.0,0.4,0.0,1.0,0.0,0.4545454545454545,0.4545454545454545,7.0,1.0
3825794,2016-02-28,222,221,0,0,0.8,0.4,0.4,1.4,1.8,0.4,0,1,1.0,0.0,Home Win,0.0,0.0,0.0,0.0,50.0,0.0,0.0,0.0,0.0,4.0,0.2,0.0,0.0,12.0,0.7692307692307693,0.3333333333333333,7.0,1.0,1.873779319,1.741446856,12.0,6.0,49.02200488997555,0.7100271002710027,6.0,2.0,0.0,1.0,0.4,1.0,0.0,1.0,0.3076923076923077,0.0833333333333333,9.0,2.0
3825792,2016-02-28,219,1049,0,0,1.2,1.4,0.0,1.0,2.0,0.2,0,0,2.0,0.0,Away Win,0.0,0.0,0.0,0.0,50.0,0.0,0.0,0.0,0.0,0.0,0.8,0.0,1.0,0.0,0.25,0.2307692307692307,8.0,1.0,0.0,0.0,0.0,0.0,50.0,0.0,0.0,0.0,0.0,0.0,0.6,0.0,4.0,0.0,0.25,0.1538461538461538,7.0,2.0
3825793,2016-02-28,207,215,0,0,1.0,1.0,0.4,1.6,1.4,0.4,0,1,4.0,0.0,Away Win,0.0,0.0,0.0,0.0,50.0,0.0,0.0,0.0,0.0,0.0,0.6,2.0,0.0,2.0,0.3333333333333333,0.2307692307692307,7.0,1.0,0.0,0.0,0.0,0.0,50.0,0.0,0.0,0.0,0.0,2.0,0.4,0.0,2.0,0.0,0.5384615384615384,0.3076923076923077,7.0,1.0
265839,2016-02-28,217,213,0,0,3.0,0.8,1.0,1.6,0.8,0.4,0,1,3.0,0.0,Home Win,0.0,0.0,0.0,0.0,50.0,0.0,0.0,0.0,0.0,1.0,0.8,8.0,0.0,18.0,0.9411764705882352,0.6428571428571429,8.0,3.0,0.0,0.0,0.0,0.0,50.0,0.0,0.0,0.0,0.0,2.0,0.6,0.0,0.0,7.0,0.8461538461538461,0.0,7.0,2.0
3825795,2016-03-01,212,210,0,0,1.2,0.6,0.6,2.4,0.4,0.8,1,0,2.0,0.0,Home Win,0.0,0.0,0.0,0.0,50.0,0.0,0.0,0.0,0.0,3.0,0.4,1.0,0.0,4.0,0.6666666666666666,0.6666666666666666,3.0,2.0,0.0,0.0,0.0,0.0,50.0,0.0,0.0,0.0,0.0,3.0,0.4,0.0,0.0,5.0,0.3846153846153846,0.3076923076923077,3.0,2.0
3825796,2016-03-01,208,216,0,0,0.8,1.4,0.4,0.0,1.8,0.0,0,1,4.0,0.0,Home Win,0.0,0.0,0.0,0.0,50.0,0.0,0.0,0.0,0.0,1.0,0.4,1.0,0.0,1.0,0.3846153846153846,0.0714285714285714,4.0,2.0,1.741446856,1.873779319,14.0,6.0,50.97799511002445,0.7104677060133631,8.0,2.0,0.0,0.0,0.0,0.0,6.0,0.0,0.4285714285714285,0.0833333333333333,3.0,2.0
3825798,2016-03-02,221,220,0,0,0.8,2.0,0.2,2.6,1.0,0.6,0,1,3.0,0.0,Away Win,1.873779319,1.741446856,12.0,6.0,49.02200488997555,0.7100271002710027,6.0,2.0,0.0,1.0,0.2,0.0,1.0,0.0,0.3076923076923077,0.0769230769230769,3.0,2.0,0.0,0.0,0.0,0.0,50.0,0.0,0.0,0.0,0.0,1.0,0.6,0.0,1.0,0.0,0.8,0.3846153846153846,4.0,2.0
3825797,2016-03-02,215,219,0,0,1.2,1.0,0.4,1.0,1.4,0.0,0,0,4.0,0.0,Home Win,0.0,0.0,0.0,0.0,50.0,0.0,0.0,0.0,0.0,3.0,0.2,1.0,0.0,1.0,0.5384615384615384,0.3571428571428571,3.0,2.0,0.0,0.0,0.0,0.0,50.0,0.0,0.0,0.0,0.0,0.0,0.6,0.0,2.0,0.0,0.2307692307692307,0.2307692307692307,3.0,2.0
3825799,2016-03-02,223,207,0,0,1.4,0.8,0.4,0.8,1.4,0.4,0,1,3.0,0.0,Away Win,0.0,0.0,0.0,0.0,50.0,0.0,0.0,0.0,0.0,1.0,0.6,0.0,0.0,2.0,0.4166666666666667,0.2142857142857142,4.0,2.0,0.0,0.0,0.0,0.0,50.0,0.0,0.0,0.0,0.0,0.0,0.4,0.0,1.0,0.0,0.3076923076923077,0.2307692307692307,3.0,2.0
3825801,2016-03-02,213,322,0,0,1.8,1.2,0.4,1.2,1.8,0.2,0,0,2.0,0.0,Home Win,0.0,0.0,0.0,0.0,50.0,0.0,0.0,0.0,0.0,1.0,0.8,0.0,1.0,0.0,0.8461538461538461,0.0,3.0,2.0,0.0,0.0,0.0,0.0,50.0,0.0,0.0,0.0,0.0,1.0,0.6,0.0,2.0,0.0,0.5,0.25,5.0,2.0
3825800,2016-03-02,209,222,0,0,1.4,2.2,0.4,1.0,0.0,0.6,1,0,3.0,0.0,Draw,0.0,0.0,0.0,0.0,50.0,0.0,0.0,0.0,0.0,1.0,0.8,2.0,0.0,2.0,0.4615384615384615,0.4615384615384615,4.0,2.0,0.0,0.0,0.0,0.0,50.0,0.0,0.0,0.0,0.0,5.0,0.0,1.0,0.0,13.0,0.7857142857142857,0.3333333333333333,3.0,2.0
3890472,2016-03-02,904,176,0,0,1.2,1.0,0.4,0.0,3.0,0.0,1,0,3.0,1.5488344457999998,Away Win,1.01997452882,1.2719824428,10.8,3.4,52.96198766855953,0.7015189456925917,7.4,1.8,0.0,2.0,0.4,0.0,2.0,0.0,0.4545454545454545,0.4166666666666667,3.0,2.0,0.459348833,1.0894856128,9.0,0.0,36.38392857142857,0.5306748466257669,2.0,1.0,0.0,0.0,0.0,0.0,1.0,0.0,0.0,0.0,158.0,0.0
3825803,2016-03-03,1049,1041,0,0,0.6,1.6,0.2,1.4,2.2,0.0,0,0,6.0,0.0,Home Win,0.0,0.0,0.0,0.0,50.0,0.0,0.0,0.0,0.0,1.0,0.4,1.0,0.0,1.0,0.25,0.2142857142857142,4.0,2.0,0.233383578,1.581630813,5.0,3.0,48.75846501128668,0.7139175257731959,4.0,3.0,0.0,0.0,1.0,0.0,1.0,0.0,0.2307692307692307,0.2307692307692307,5.0,2.0
3825802,2016-03-03,214,218,0,0,1.2,3.0,0.4,1.4,1.4,0.2,1,0,4.0,0.0,Away Win,0.0,0.0,0.0,0.0,50.0,0.0,0.0,0.0,0.0,1.0,0.4,2.0,0.0,2.0,0.4166666666666667,0.2142857142857142,5.0,2.0,1.581630813,0.233383578,18.0,5.0,51.24153498871332,0.7409638554216867,10.0,2.0,0.0,1.0,0.8,0.0,0.0,4.0,0.1538461538461538,0.3076923076923077,5.0,2.0
266653,2016-03-03,360,217,0,0,2.0,1.6,0.2,3.0,0.8,1.0,0,1,7.0,0.0,Away Win,0.0,0.0,0.0,0.0,50.0,0.0,0.0,0.0,0.0,1.0,0.8,0.0,0.0,7.0,0.3846153846153846,0.0769230769230769,5.0,2.0,0.0,0.0,0.0,0.0,50.0,0.0,0.0,0.0,0.0,1.0,0.8,9.0,0.0,19.0,0.9444444444444444,0.6428571428571429,4.0,2.0
3825806,2016-03-05,220,209,0,0,2.0,1.2,0.6,1.2,1.8,0.4,1,0,4.0,0.0,Home Win,0.0,0.0,0.0,0.0,50.0,0.0,0.0,0.0,0.0,0.0,0.8,1.0,0.0,1.0,0.8,0.4285714285714285,3.0,3.0,0.0,0.0,0.0,0.0,50.0,0.0,0.0,0.0,0.0,2.0,0.6,0.0,0.0,3.0,0.4285714285714285,0.4615384615384615,3.0,3.0
3890477,2016-03-05,172,904,0,0,1.0,1.0,0.0,0.8,1.8,0.2,0,0,2.0,2.607230333,Draw,0.055498986,2.551731347,2.0,0.0,36.15702479338843,0.5914285714285714,1.0,3.0,0.0,0.0,1.0,0.0,0.0,1.0,0.0,0.0,153.0,0.0,0.79548465562,1.5931553489,11.2,3.4,53.93039350664534,0.7061756899119602,8.0,2.0,0.0,1.0,0.6,0.0,3.0,0.0,0.4166666666666667,0.4166666666666667,3.0,3.0
3825804,2016-03-05,219,223,0,0,0.8,1.8,0.0,1.2,1.0,0.2,0,1,2.0,0.0,Draw,0.0,0.0,0.0,0.0,50.0,0.0,0.0,0.0,0.0,0.0,0.6,0.0,3.0,0.0,0.2307692307692307,0.2142857142857142,3.0,3.0,0.0,0.0,0.0,0.0,50.0,0.0,0.0,0.0,0.0,1.0,0.6,0.0,1.0,0.0,0.3846153846153846,0.2142857142857142,3.0,3.0
3825805,2016-03-05,222,208,0,0,0.8,0.0,0.4,1.2,1.2,0.4,0,0,0.0,0.0,Away Win,0.0,0.0,0.0,0.0,50.0,0.0,0.0,0.0,0.0,5.0,0.0,0.0,0.0,14.0,0.7857142857142857,0.3076923076923077,3.0,3.0,0.0,0.0,0.0,0.0,50.0,0.0,0.0,0.0,0.0,2.0,0.2,2.0,0.0,2.0,0.4285714285714285,0.0714285714285714,4.0,3.0
3825867,2016-03-05,216,213,0,0,0.0,2.4,0.0,1.4,1.0,0.4,0,1,5.0,0.0,Draw,1.741446856,1.873779319,14.0,6.0,50.97799511002445,0.7104677060133631,8.0,2.0,0.0,0.0,0.0,0.0,7.0,0.0,0.4285714285714285,0.0769230769230769,4.0,2.0,0.0,0.0,0.0,0.0,50.0,0.0,0.0,0.0,0.0,2.0,0.6,1.0,0.0,1.0,0.8571428571428571,0.0,3.0,3.0
3825807,2016-03-06,207,212,0,0,1.2,1.4,0.6,1.6,0.2,0.8,0,1,3.0,0.0,Away Win,0.0,0.0,0.0,0.0,50.0,0.0,0.0,0.0,0.0,0.0,0.6,1.0,0.0,1.0,0.3076923076923077,0.2857142857142857,4.0,3.0,0.0,0.0,0.0,0.0,50.0,0.0,0.0,0.0,0.0,4.0,0.2,2.0,0.0,5.0,0.6923076923076923,0.6666666666666666,5.0,3.0
3825809,2016-03-06,218,1049,0,0,1.8,1.0,0.4,1.0,1.4,0.4,0,0,2.0,0.0,Home Win,1.581630813,0.233383578,18.0,5.0,51.24153498871332,0.7409638554216867,10.0,2.0,0.0,2.0,0.6,1.0,0.0,5.0,0.1538461538461538,0.3571428571428571,3.0,2.0,0.0,0.0,0.0,0.0,50.0,0.0,0.0,0.0,0.0,2.0,0.4,2.0,0.0,2.0,0.3076923076923077,0.2142857142857142,3.0,3.0
3825808,2016-03-06,1041,215,0,0,1.2,2.4,0.0,1.8,1.2,0.4,0,1,3.0,0.0,Away Win,0.233383578,1.581630813,5.0,3.0,48.75846501128668,0.7139175257731959,4.0,3.0,0.0,0.0,0.8,0.0,2.0,0.0,0.2307692307692307,0.2142857142857142,3.0,2.0,0.0,0.0,0.0,0.0,50.0,0.0,0.0,0.0,0.0,2.0,0.4,2.0,0.0,2.0,0.5714285714285714,0.3571428571428571,4.0,3.0
3825810,2016-03-06,210,221,0,0,2.0,0.8,0.6,0.8,2.0,0.2,1,0,4.0,0.0,Draw,0.0,0.0,0.0,0.0,50.0,0.0,0.0,0.0,0.0,3.0,0.2,0.0,1.0,0.0,0.3846153846153846,0.2857142857142857,5.0,3.0,1.873779319,1.741446856,12.0,6.0,49.02200488997555,0.7100271002710027,6.0,2.0,0.0,1.0,0.2,0.0,2.0,0.0,0.2857142857142857,0.0769230769230769,4.0,2.0
266056,2016-03-06,322,217,0,0,1.0,1.6,0.2,3.6,1.0,1.0,0,1,4.0,0.0,Away Win,0.0,0.0,0.0,0.0,50.0,0.0,0.0,0.0,0.0,1.0,0.4,0.0,3.0,0.0,0.5,0.2307692307692307,4.0,2.0,0.0,0.0,0.0,0.0,50.0,0.0,0.0,0.0,0.0,0.0,1.0,10.0,0.0,20.0,0.9444444444444444,0.6666666666666666,3.0,2.0
3825811,2016-03-07,214,360,0,0,1.2,2.4,0.4,1.8,2.2,0.2,0,1,3.0,0.0,Home Win,0.0,0.0,0.0,0.0,50.0,0.0,0.0,0.0,0.0,1.0,0.4,0.0,1.0,0.0,0.3846153846153846,0.2142857142857142,4.0,2.0,0.0,0.0,0.0,0.0,50.0,0.0,0.0,0.0,0.0,1.0,0.8,0.0,1.0,0.0,0.3571428571428571,0.0769230769230769,4.0,2.0
3825812,2016-03-11,223,1041,0,0,1.2,1.6,0.0,0.8,2.4,0.0,0,1,1.0,0.0,Home Win,0.0,0.0,0.0,0.0,50.0,0.0,0.0,0.0,0.0,0.0,0.8,0.0,0.0,1.0,0.3846153846153846,0.2,6.0,3.0,0.233383578,1.581630813,5.0,3.0,48.75846501128668,0.7139175257731959,4.0,3.0,0.0,0.0,0.6,0.0,3.0,0.0,0.2142857142857142,0.2142857142857142,5.0,3.0
266498,2016-03-12,217,216,0,0,3.2,0.8,1.0,0.2,2.0,0.0,1,0,2.0,0.0,Home Win,0.0,0.0,0.0,0.0,50.0,0.0,0.0,0.0,0.0,1.0,0.8,11.0,0.0,21.0,0.9444444444444444,0.6875,6.0,3.0,1.741446856,1.873779319,14.0,6.0,50.97799511002445,0.7104677060133631,8.0,2.0,0.0,0.0,0.2,0.0,0.0,1.0,0.4,0.0769230769230769,7.0,3.0
3825814,2016-03-12,209,210,0,0,1.2,3.0,0.4,1.2,1.0,0.4,1,0,5.0,0.0,Home Win,0.0,0.0,0.0,0.0,50.0,0.0,0.0,0.0,0.0,2.0,0.6,0.0,1.0,0.0,0.4285714285714285,0.4285714285714285,7.0,3.0,0.0,0.0,0.0,0.0,50.0,0.0,0.0,0.0,0.0,2.0,0.4,0.0,0.0,1.0,0.3571428571428571,0.2857142857142857,6.0,3.0
3825813,2016-03-12,212,219,0,0,1.6,0.2,0.8,1.2,2.2,0.0,0,0,2.0,0.0,Home Win,0.0,0.0,0.0,0.0,50.0,0.0,0.0,0.0,0.0,4.0,0.2,3.0,0.0,6.0,0.6923076923076923,0.6875,6.0,3.0,0.0,0.0,0.0,0.0,50.0,0.0,0.0,0.0,0.0,0.0,0.6,0.0,0.0,1.0,0.2142857142857142,0.2142857142857142,7.0,3.0
3825858,2016-03-12,360,322,0,0,1.6,2.6,0.0,0.8,1.8,0.2,0,1,1.0,0.0,Draw,0.0,0.0,0.0,0.0,50.0,0.0,0.0,0.0,0.0,0.0,1.0,0.0,2.0,0.0,0.3571428571428571,0.0714285714285714,5.0,3.0,0.0,0.0,0.0,0.0,50.0,0.0,0.0,0.0,0.0,1.0,0.2,0.0,4.0,0.0,0.4666666666666667,0.2307692307692307,6.0,2.0
3825879,2016-03-13,208,220,0,0,1.4,0.8,0.6,3.0,1.2,0.6,0,1,4.0,0.0,Away Win,0.0,0.0,0.0,0.0,50.0,0.0,0.0,0.0,0.0,3.0,0.2,3.0,0.0,3.0,0.4285714285714285,0.1333333333333333,8.0,2.0,0.0,0.0,0.0,0.0,50.0,0.0,0.0,0.0,0.0,0.0,0.8,2.0,0.0,2.0,0.8125,0.4285714285714285,8.0,2.0
3890492,2016-03-13,904,171,0,0,1.4,2.4,0.2,0.0,0.0,0.0,0,0,0.0,1.170445361,Home Win,1.05196887712,1.6388338227,14.0,4.0,57.91418303627596,0.7337120121667461,7.8,2.2,0.0,0.0,0.8,0.0,0.0,1.0,0.4166666666666667,0.3846153846153846,8.0,3.0,0.415325303,0.7551200579999999,8.0,3.0,47.18232044198895,0.6463700234192038,3.0,6.0,0.0,1.0,0.0,0.0,0.0,1.0,0.0,0.0,148.0,0.0
3825815,2016-03-13,221,207,0,0,1.0,1.8,0.2,1.4,1.8,0.6,0,1,3.0,0.0,Home Win,1.873779319,1.741446856,12.0,6.0,49.02200488997555,0.7100271002710027,6.0,2.0,0.0,1.0,0.4,0.0,0.0,1.0,0.2857142857142857,0.0714285714285714,7.0,3.0,0.0,0.0,0.0,0.0,50.0,0.0,0.0,0.0,0.0,0.0,0.8,0.0,1.0,0.0,0.2857142857142857,0.2857142857142857,7.0,3.0
3825816,2016-03-13,213,222,0,0,1.4,1.0,0.4,0.8,0.2,0.4,0,1,3.0,0.0,Home Win,0.0,0.0,0.0,0.0,50.0,0.0,0.0,0.0,0.0,2.0,0.6,0.0,0.0,2.0,0.8571428571428571,0.0,8.0,3.0,0.0,0.0,0.0,0.0,50.0,0.0,0.0,0.0,0.0,4.0,0.0,0.0,1.0,0.0,0.7333333333333333,0.3076923076923077,8.0,3.0
3825844,2016-03-13,215,218,0,0,2.2,1.2,0.6,2.0,1.0,0.4,1,0,4.0,0.0,Home Win,0.0,0.0,0.0,0.0,50.0,0.0,0.0,0.0,0.0,2.0,0.4,3.0,0.0,3.0,0.5714285714285714,0.4,7.0,3.0,1.581630813,0.233383578,18.0,5.0,51.24153498871332,0.7409638554216867,10.0,2.0,0.0,2.0,0.6,2.0,0.0,6.0,0.2142857142857142,0.3571428571428571,7.0,2.0
3825881,2016-03-14,1049,214,0,0,0.8,1.4,0.4,1.6,1.6,0.6,0,0,2.0,0.0,Draw,0.0,0.0,0.0,0.0,50.0,0.0,0.0,0.0,0.0,2.0,0.2,0.0,1.0,0.0,0.3076923076923077,0.2,8.0,2.0,0.0,0.0,0.0,0.0,50.0,0.0,0.0,0.0,0.0,1.0,0.6,1.0,0.0,1.0,0.4285714285714285,0.2142857142857142,7.0,2.0
3825817,2016-03-18,216,322,0,0,0.2,3.0,0.0,0.6,2.0,0.0,0,1,4.0,0.0,Draw,1.741446856,1.873779319,14.0,6.0,50.97799511002445,0.7104677060133631,8.0,2.0,0.0,0.0,0.2,0.0,1.0,0.0,0.4,0.0714285714285714,6.0,2.0,0.0,0.0,0.0,0.0,50.0,0.0,0.0,0.0,0.0,0.0,0.4,0.0,0.0,1.0,0.4666666666666667,0.2142857142857142,6.0,2.0
3825818,2016-03-19,210,208,0,0,0.6,1.2,0.2,1.6,0.8,0.6,0,1,2.0,0.0,Away Win,0.0,0.0,0.0,0.0,50.0,0.0,0.0,0.0,0.0,1.0,0.4,0.0,1.0,0.0,0.3571428571428571,0.2666666666666666,7.0,2.0,0.0,0.0,0.0,0.0,50.0,0.0,0.0,0.0,0.0,3.0,0.4,0.0,1.0,0.0,0.4,0.1333333333333333,6.0,2.0
3825887,2016-03-19,1049,360,0,0,1.0,1.0,0.4,1.4,2.4,0.0,0,1,3.0,0.0,Draw,0.0,0.0,0.0,0.0,50.0,0.0,0.0,0.0,0.0,2.0,0.4,0.0,0.0,1.0,0.2857142857142857,0.2,5.0,2.0,0.0,0.0,0.0,0.0,50.0,0.0,0.0,0.0,0.0,0.0,1.0,0.0,0.0,1.0,0.3333333333333333,0.0714285714285714,7.0,2.0
3825880,2016-03-19,219,221,0,0,0.8,2.4,0.0,1.2,1.4,0.4,0,0,2.0,0.0,Home Win,0.0,0.0,0.0,0.0,50.0,0.0,0.0,0.0,0.0,0.0,0.4,0.0,1.0,0.0,0.2142857142857142,0.2,7.0,2.0,1.873779319,1.741446856,12.0,6.0,49.02200488997555,0.7100271002710027,6.0,2.0,0.0,2.0,0.4,1.0,0.0,2.0,0.3333333333333333,0.0714285714285714,6.0,2.0
3825903,2016-03-19,218,223,0,0,1.8,1.2,0.4,1.4,1.4,0.2,1,0,1.0,0.0,Away Win,1.581630813,0.233383578,18.0,5.0,51.24153498871332,0.7409638554216867,10.0,2.0,0.0,2.0,0.6,0.0,1.0,0.0,0.2142857142857142,0.3333333333333333,6.0,2.0,0.0,0.0,0.0,0.0,50.0,0.0,0.0,0.0,0.0,1.0,0.8,1.0,0.0,2.0,0.4285714285714285,0.2,8.0,2.0
3825907,2016-03-19,1041,212,0,0,0.6,2.0,0.0,2.0,0.2,0.8,0,1,1.0,0.0,Home Win,0.233383578,1.581630813,5.0,3.0,48.75846501128668,0.7139175257731959,4.0,3.0,0.0,0.0,0.4,0.0,4.0,0.0,0.2142857142857142,0.2,8.0,2.0,0.0,0.0,0.0,0.0,50.0,0.0,0.0,0.0,0.0,4.0,0.2,4.0,0.0,7.0,0.7142857142857143,0.6875,7.0,2.0
3825819,2016-03-20,207,209,0,0,1.0,1.8,0.4,1.2,1.8,0.6,1,0,6.0,0.0,Away Win,0.0,0.0,0.0,0.0,50.0,0.0,0.0,0.0,0.0,0.0,0.6,0.0,2.0,0.0,0.2857142857142857,0.2666666666666666,7.0,2.0,0.0,0.0,0.0,0.0,50.0,0.0,0.0,0.0,0.0,3.0,0.4,1.0,0.0,1.0,0.4666666666666667,0.4285714285714285,8.0,1.0
3825820,2016-03-20,220,213,0,0,2.6,1.0,0.6,1.8,1.4,0.4,0,1,5.0,0.0,Home Win,0.0,0.0,0.0,0.0,50.0,0.0,0.0,0.0,0.0,0.0,0.8,3.0,0.0,3.0,0.8125,0.4666666666666667,7.0,1.0,0.0,0.0,0.0,0.0,50.0,0.0,0.0,0.0,0.0,1.0,0.8,1.0,0.0,3.0,0.8666666666666667,0.0,7.0,1.0
3825821,2016-03-20,214,215,0,0,1.6,1.4,0.6,2.4,0.6,0.8,0,1,3.0,0.0,Home Win,0.0,0.0,0.0,0.0,50.0,0.0,0.0,0.0,0.0,1.0,0.6,0.0,0.0,2.0,0.4285714285714285,0.2,6.0,2.0,0.0,0.0,0.0,0.0,50.0,0.0,0.0,0.0,0.0,2.0,0.4,4.0,0.0,4.0,0.6,0.4,7.0,2.0
266106,2016-03-20,222,217,0,0,1.0,1.0,0.2,3.8,0.6,1.0,0,1,3.0,0.0,Draw,0.0,0.0,0.0,0.0,50.0,0.0,0.0,0.0,0.0,3.0,0.2,0.0,2.0,0.0,0.7333333333333333,0.2857142857142857,7.0,1.0,0.0,0.0,0.0,0.0,50.0,0.0,0.0,0.0,0.0,2.0,0.6,12.0,0.0,22.0,0.9473684210526316,0.6875,8.0,2.0
3890500,2016-03-20,174,904,0,0,3.0,4.0,0.0,1.2,2.2,0.2,0,1,7.0,4.754132194,Away Win,1.790840584,2.96329161,12.0,6.0,38.52272727272727,0.5486725663716814,3.0,4.0,0.0,0.0,1.0,0.0,1.0,0.0,0.0,0.0,148.0,0.0,0.9885932106,1.6281667869,14.0,4.2,55.20173668434463,0.7178045655148904,7.6,2.6,0.0,1.0,0.6,1.0,0.0,2.0,0.4615384615384615,0.3846153846153846,7.0,1.0
3890502,2016-04-01,904,179,0,0,1.6,2.0,0.4,2.0,1.0,1.0,0,1,3.0,3.0017466183,Home Win,1.2893676585000002,1.4794591087,15.2,5.2,53.930577774099255,0.7074686726972457,7.8,2.2,0.0,2.0,0.6,2.0,0.0,3.0,0.4615384615384615,0.4285714285714285,12.0,1.0,1.9862431546,1.0155034637,13.0,5.0,49.26470588235294,0.7420042643923241,5.0,0.0,0.0,0.0,1.0,1.0,0.0,1.0,1.0,0.0,153.0,0.0
3825885,2016-04-01,360,216,0,0,1.4,2.4,0.0,0.4,2.6,0.0,0,0,2.0,0.0,Home Win,0.0,0.0,0.0,0.0,50.0,0.0,0.0,0.0,0.0,0.0,1.0,0.0,0.0,2.0,0.3333333333333333,0.0666666666666666,13.0,1.0,0.6729239929999999,2.755793431,8.0,4.0,48.04819277108434,0.6167664670658682,3.0,2.0,0.0,0.0,0.4,0.0,0.0,1.0,0.375,0.0714285714285714,14.0,1.0
3825872,2016-04-02,212,218,0,0,2.2,0.6,0.8,1.6,1.2,0.4,1,0,1.0,0.0,Home Win,0.0,0.0,0.0,0.0,50.0,0.0,0.0,0.0,0.0,3.0,0.4,0.0,1.0,0.0,0.7142857142857143,0.6470588235294118,14.0,1.0,0.0,0.0,0.0,0.0,50.0,0.0,0.0,0.0,0.0,2.0,0.4,0.0,2.0,0.0,0.2,0.3333333333333333,14.0,1.0
3825898,2016-04-02,209,219,0,0,1.0,1.4,0.6,1.2,2.4,0.2,0,1,2.0,0.0,Draw,0.0,0.0,0.0,0.0,50.0,0.0,0.0,0.0,0.0,4.0,0.2,2.0,0.0,2.0,0.4666666666666667,0.4666666666666667,13.0,1.0,0.0,0.0,0.0,0.0,50.0,0.0,0.0,0.0,0.0,0.0,0.6,1.0,0.0,1.0,0.2666666666666666,0.2,14.0,1.0
267533,2016-04-02,217,220,0,0,3.8,0.8,0.8,3.2,0.8,0.8,2,0,3.5,0.0,Away Win,0.0,0.0,0.0,0.0,50.0,0.0,0.0,0.0,0.0,2.0,0.6,0.0,0.0,23.0,0.9473684210526316,0.6470588235294118,13.0,1.0,0.0,0.0,0.0,0.0,50.0,0.0,0.0,0.0,0.0,1.0,0.6,4.0,0.0,4.0,0.8235294117647058,0.4666666666666667,13.0,1.0
3825822,2016-04-02,208,207,0,0,1.6,0.4,0.8,0.6,2.0,0.2,0,0,2.0,0.0,Home Win,0.0,0.0,0.0,0.0,50.0,0.0,0.0,0.0,0.0,4.0,0.2,1.0,0.0,1.0,0.4,0.1875,14.0,1.0,0.0,0.0,0.0,0.0,50.0,0.0,0.0,0.0,0.0,0.0,0.4,0.0,3.0,0.0,0.2666666666666666,0.2666666666666666,13.0,1.0
3825824,2016-04-03,322,222,0,0,0.4,1.6,0.0,1.4,1.4,0.2,0,0,2.0,0.0,Away Win,2.755793431,0.6729239929999999,20.0,6.0,51.95180722891566,0.7237903225806451,3.0,2.0,0.0,0.0,0.4,0.0,0.0,2.0,0.4666666666666667,0.2,16.0,0.0,0.0,0.0,0.0,0.0,50.0,0.0,0.0,0.0,0.0,2.0,0.4,0.0,0.0,1.0,0.6875,0.2857142857142857,14.0,1.0
3825905,2016-04-03,223,214,0,0,1.4,1.2,0.4,1.8,1.6,0.6,0,1,2.0,0.0,Draw,0.0,0.0,0.0,0.0,50.0,0.0,0.0,0.0,0.0,2.0,0.6,2.0,0.0,3.0,0.4285714285714285,0.25,15.0,0.0,0.0,0.0,0.0,0.0,50.0,0.0,0.0,0.0,0.0,0.0,0.8,1.0,0.0,3.0,0.4666666666666667,0.2,14.0,1.0
3825823,2016-04-03,213,210,0,0,1.4,1.8,0.4,0.4,1.4,0.0,0,1,2.0,0.0,Away Win,0.0,0.0,0.0,0.0,50.0,0.0,0.0,0.0,0.0,1.0,0.6,0.0,1.0,0.0,0.8666666666666667,0.0,14.0,1.0,0.0,0.0,0.0,0.0,50.0,0.0,0.0,0.0,0.0,0.0,0.4,0.0,2.0,0.0,0.3333333333333333,0.2666666666666666,15.0,0.0
3825877,2016-04-03,215,1049,0,0,2.6,0.8,0.8,1.2,1.0,0.4,0,1,2.0,0.0,Draw,0.0,0.0,0.0,0.0,50.0,0.0,0.0,0.0,0.0,2.0,0.6,0.0,1.0,0.0,0.6,0.375,14.0,1.0,0.0,0.0,0.0,0.0,50.0,0.0,0.0,0.0,0.0,2.0,0.4,0.0,0.0,2.0,0.2666666666666666,0.2,15.0,0.0
3825825,2016-04-04,221,1041,0,0,0.8,1.8,0.2,0.8,2.0,0.2,1,0,3.0,0.0,Draw,0.0,0.0,0.0,0.0,50.0,0.0,0.0,0.0,0.0,1.0,0.6,0.0,1.0,0.0,0.3333333333333333,0.0666666666666666,16.0,0.0,0.0,0.0,0.0,0.0,50.0,0.0,0.0,0.0,0.0,0.0,0.4,1.0,0.0,1.0,0.2666666666666666,0.2,16.0,0.0
3825826,2016-04-08,1049,223,0,0,1.2,1.2,0.2,1.4,1.2,0.4,0,0,4.0,0.0,Draw,0.0,0.0,0.0,0.0,50.0,0.0,0.0,0.0,0.0,1.0,0.6,0.0,0.0,3.0,0.2666666666666666,0.1875,5.0,1.0,0.0,0.0,0.0,0.0,50.0,0.0,0.0,0.0,0.0,2.0,0.6,0.0,0.0,4.0,0.4,0.25,5.0,1.0
266664,2016-04-09,210,217,0,0,0.6,1.4,0.2,3.6,1.0,0.6,0,1,4.0,0.0,Home Win,0.0,0.0,0.0,0.0,50.0,0.0,0.0,0.0,0.0,0.0,0.4,1.0,0.0,1.0,0.3333333333333333,0.3125,6.0,1.0,0.0,0.0,0.0,0.0,50.0,0.0,0.0,0.0,0.0,2.0,0.6,0.0,1.0,0.0,0.9,0.6470588235294118,7.0,1.0
3825856,2016-04-09,220,322,0,0,3.6,0.8,1.0,0.6,1.8,0.0,1,0,2.0,0.0,Home Win,0.0,0.0,0.0,0.0,50.0,0.0,0.0,0.0,0.0,1.0,0.8,5.0,0.0,5.0,0.8235294117647058,0.5,7.0,1.0,2.755793431,0.6729239929999999,20.0,6.0,51.95180722891566,0.7237903225806451,3.0,2.0,0.0,0.0,0.6,0.0,1.0,0.0,0.4375,0.2,6.0,1.0
3825828,2016-04-09,214,212,0,0,1.2,1.4,0.4,3.0,0.8,0.8,0,1,1.0,0.0,Away Win,0.0,0.0,0.0,0.0,50.0,0.0,0.0,0.0,0.0,0.0,0.8,0.0,0.0,4.0,0.4666666666666667,0.1875,6.0,1.0,0.0,0.0,0.0,0.0,50.0,0.0,0.0,0.0,0.0,2.0,0.6,1.0,0.0,1.0,0.7333333333333333,0.6470588235294118,7.0,1.0
3825827,2016-04-09,218,221,0,0,1.4,1.8,0.4,0.8,1.2,0.2,1,0,1.0,0.0,Home Win,0.0,0.0,0.0,0.0,50.0,0.0,0.0,0.0,0.0,2.0,0.4,0.0,3.0,0.0,0.2,0.3125,7.0,1.0,0.0,0.0,0.0,0.0,50.0,0.0,0.0,0.0,0.0,2.0,0.6,0.0,0.0,1.0,0.3125,0.0666666666666666,5.0,1.0
3825832,2016-04-10,1041,209,0,0,0.4,1.2,0.2,1.0,1.6,0.4,0,1,3.0,0.0,Away Win,0.0,0.0,0.0,0.0,50.0,0.0,0.0,0.0,0.0,1.0,0.2,0.0,0.0,2.0,0.2666666666666666,0.1875,6.0,1.0,0.0,0.0,0.0,0.0,50.0,0.0,0.0,0.0,0.0,3.0,0.4,0.0,0.0,3.0,0.4375,0.4666666666666667,8.0,1.0
3825831,2016-04-10,207,213,0,0,0.8,1.8,0.2,1.4,1.8,0.4,0,1,1.0,0.0,Home Win,0.0,0.0,0.0,0.0,50.0,0.0,0.0,0.0,0.0,0.0,0.6,0.0,4.0,0.0,0.2666666666666666,0.25,8.0,1.0,0.0,0.0,0.0,0.0,50.0,0.0,0.0,0.0,0.0,1.0,0.6,0.0,2.0,0.0,0.8125,0.0,7.0,1.0
3825829,2016-04-10,215,360,0,0,2.2,1.0,0.6,1.4,2.0,0.2,1,0,3.0,0.0,Home Win,0.0,0.0,0.0,0.0,50.0,0.0,0.0,0.0,0.0,1.0,0.8,0.0,0.0,1.0,0.5625,0.375,7.0,1.0,0.0,0.0,0.0,0.0,50.0,0.0,0.0,0.0,0.0,1.0,0.8,1.0,0.0,3.0,0.375,0.0666666666666666,9.0,1.0
3890519,2016-04-10,186,904,0,0,2.0,1.0,1.0,2.0,1.4,0.6,1,0,3.0,2.488831385,Away Win,1.821247328,0.6675840570000001,16.0,6.0,48.567870485678704,0.676923076923077,9.0,2.0,0.0,0.0,1.0,1.0,0.0,1.0,0.0,1.0,155.0,0.0,1.2693477305800005,1.1945415815,15.2,5.4,51.59987568500262,0.7086899312420026,6.8,2.0,0.0,3.0,0.4,3.0,0.0,4.0,0.5,0.4285714285714285,9.0,1.0
3825830,2016-04-10,222,216,0,0,1.2,1.6,0.2,0.4,2.8,0.0,0,1,2.0,0.0,Home Win,0.0,0.0,0.0,0.0,50.0,0.0,0.0,0.0,0.0,1.0,0.6,1.0,0.0,2.0,0.6875,0.3333333333333333,7.0,1.0,0.6729239929999999,2.755793431,8.0,4.0,48.04819277108434,0.6167664670658682,3.0,2.0,0.0,0.0,0.4,0.0,1.0,0.0,0.375,0.0666666666666666,9.0,1.0
3825863,2016-04-11,219,208,0,0,1.4,2.4,0.2,1.8,0.6,0.8,1,0,2.0,0.0,Away Win,0.0,0.0,0.0,0.0,50.0,0.0,0.0,0.0,0.0,0.0,0.8,0.0,0.0,2.0,0.2666666666666666,0.1875,9.0,1.0,0.0,0.0,0.0,0.0,50.0,0.0,0.0,0.0,0.0,3.0,0.4,2.0,0.0,2.0,0.4375,0.1875,9.0,1.0
3825857,2016-04-15,221,214,0,0,0.6,0.8,0.2,1.4,1.4,0.4,0,0,2.0,0.0,Home Win,0.0,0.0,0.0,0.0,50.0,0.0,0.0,0.0,0.0,2.0,0.4,0.0,1.0,0.0,0.3125,0.0625,6.0,2.0,0.0,0.0,0.0,0.0,50.0,0.0,0.0,0.0,0.0,0.0,1.0,0.0,1.0,0.0,0.4375,0.1875,6.0,2.0
3825897,2016-04-16,322,210,0,0,0.6,2.4,0.0,0.8,0.8,0.4,0,1,3.0,0.0,Home Win,2.755793431,0.6729239929999999,20.0,6.0,51.95180722891566,0.7237903225806451,3.0,2.0,0.0,0.0,0.6,0.0,2.0,0.0,0.4375,0.1875,7.0,2.0,0.0,0.0,0.0,0.0,50.0,0.0,0.0,0.0,0.0,1.0,0.4,2.0,0.0,2.0,0.375,0.3125,7.0,2.0
3825889,2016-04-16,209,218,0,0,1.2,1.6,0.6,1.0,1.8,0.4,0,0,2.0,0.0,Draw,0.0,0.0,0.0,0.0,50.0,0.0,0.0,0.0,0.0,3.0,0.4,1.0,0.0,4.0,0.4375,0.5,6.0,2.0,0.0,0.0,0.0,0.0,50.0,0.0,0.0,0.0,0.0,2.0,0.4,1.0,0.0,1.0,0.25,0.3125,7.0,2.0
3825833,2016-04-16,216,220,0,0,0.4,2.4,0.0,3.8,0.6,1.0,0,1,5.0,0.0,Away Win,0.6729239929999999,2.755793431,8.0,4.0,48.04819277108434,0.6167664670658682,3.0,2.0,0.0,0.0,0.4,0.0,2.0,0.0,0.375,0.0625,6.0,1.0,0.0,0.0,0.0,0.0,50.0,0.0,0.0,0.0,0.0,2.0,0.6,6.0,0.0,6.0,0.8333333333333334,0.5,7.0,2.0
3890521,2016-04-16,904,184,0,0,2.2,0.6,0.8,1.0,3.0,0.0,1,0,4.0,2.944897027,Home Win,1.2987520174400002,0.99991795174,14.4,5.4,48.56679591353255,0.7090243974447323,6.6,2.4,0.0,4.0,0.2,4.0,0.0,5.0,0.5,0.4666666666666667,6.0,1.0,0.8981380320000001,2.046758995,9.0,1.0,42.14689265536723,0.6729222520107239,3.0,2.0,0.0,0.0,1.0,0.0,1.0,0.0,0.0,0.0,147.0,0.0
3825852,2016-04-16,208,1041,0,0,1.6,0.8,0.8,0.4,1.0,0.2,0,1,4.0,0.0,Draw,0.0,0.0,0.0,0.0,50.0,0.0,0.0,0.0,0.0,2.0,0.6,3.0,0.0,3.0,0.4375,0.2352941176470588,5.0,2.0,0.0,0.0,0.0,0.0,50.0,0.0,0.0,0.0,0.0,1.0,0.2,0.0,1.0,0.0,0.25,0.1875,6.0,2.0
266557,2016-04-17,217,207,0,0,2.6,1.0,0.4,0.8,1.8,0.2,0,0,2.0,0.0,Away Win,0.0,0.0,0.0,0.0,50.0,0.0,0.0,0.0,0.0,2.0,0.4,0.0,2.0,0.0,0.9,0.6111111111111112,8.0,1.0,0.0,0.0,0.0,0.0,50.0,0.0,0.0,0.0,0.0,0.0,0.6,1.0,0.0,1.0,0.3125,0.25,7.0,1.0
3825906,2016-04-17,213,219,0,0,1.4,2.2,0.2,1.4,2.2,0.2,0,0,2.0,0.0,Draw,0.0,0.0,0.0,0.0,50.0,0.0,0.0,0.0,0.0,0.0,0.8,0.0,3.0,0.0,0.8125,0.0,7.0,2.0,0.0,0.0,0.0,0.0,50.0,0.0,0.0,0.0,0.0,0.0,0.8,0.0,1.0,0.0,0.25,0.1875,6.0,1.0
3825834,2016-04-17,212,1049,0,0,3.0,1.0,0.8,0.8,1.2,0.0,1,0,2.0,0.0,Home Win,0.0,0.0,0.0,0.0,50.0,0.0,0.0,0.0,0.0,1.0,0.8,2.0,0.0,2.0,0.7333333333333333,0.6666666666666666,8.0,1.0,0.0,0.0,0.0,0.0,50.0,0.0,0.0,0.0,0.0,1.0,0.6,0.0,0.0,4.0,0.25,0.1875,9.0,2.0
3825835,2016-04-17,223,215,0,0,1.2,0.8,0.4,1.6,0.8,0.6,0,0,0.0,0.0,Away Win,0.0,0.0,0.0,0.0,50.0,0.0,0.0,0.0,0.0,3.0,0.4,0.0,0.0,5.0,0.4,0.2352941176470588,9.0,2.0,0.0,0.0,0.0,0.0,50.0,0.0,0.0,0.0,0.0,2.0,0.6,1.0,0.0,2.0,0.5882352941176471,0.375,7.0,2.0
3825836,2016-04-17,360,222,0,0,1.2,1.2,0.2,1.6,1.6,0.4,0,1,3.0,0.0,Home Win,0.0,0.0,0.0,0.0,50.0,0.0,0.0,0.0,0.0,1.0,0.6,0.0,1.0,0.0,0.375,0.0625,7.0,1.0,0.0,0.0,0.0,0.0,50.0,0.0,0.0,0.0,0.0,1.0,0.6,2.0,0.0,3.0,0.7058823529411765,0.3333333333333333,7.0,2.0
3825837,2016-04-19,218,208,0,0,0.8,2.0,0.2,1.6,1.0,0.6,0,1,1.0,0.0,Home Win,0.0,0.0,0.0,0.0,50.0,0.0,0.0,0.0,0.0,1.0,0.6,0.0,0.0,2.0,0.25,0.2941176470588235,3.0,2.0,0.0,0.0,0.0,0.0,50.0,0.0,0.0,0.0,0.0,1.0,0.8,0.0,0.0,4.0,0.4117647058823529,0.2352941176470588,3.0,2.0
3825862,2016-04-19,214,209,0,0,1.2,1.6,0.2,1.2,0.4,0.6,0,1,1.0,0.0,Draw,0.0,0.0,0.0,0.0,50.0,0.0,0.0,0.0,0.0,0.0,1.0,0.0,2.0,0.0,0.4375,0.1764705882352941,4.0,2.0,0.0,0.0,0.0,0.0,50.0,0.0,0.0,0.0,0.0,3.0,0.4,0.0,0.0,5.0,0.4117647058823529,0.5,3.0,2.0
3825843,2016-04-20,223,360,0,0,0.6,0.4,0.4,1.4,1.0,0.4,1,0,3.0,0.0,Draw,0.0,0.0,0.0,0.0,50.0,0.0,0.0,0.0,0.0,3.0,0.2,0.0,1.0,0.0,0.375,0.2352941176470588,3.0,2.0,0.0,0.0,0.0,0.0,50.0,0.0,0.0,0.0,0.0,1.0,0.6,1.0,0.0,1.0,0.4117647058823529,0.0625,3.0,2.0
3825840,2016-04-20,207,322,0,0,1.0,1.4,0.4,1.0,1.8,0.2,0,0,2.0,0.0,Home Win,0.0,0.0,0.0,0.0,50.0,0.0,0.0,0.0,0.0,0.0,0.6,2.0,0.0,2.0,0.3125,0.2941176470588235,3.0,2.0,2.755793431,0.6729239929999999,20.0,6.0,51.95180722891566,0.7237903225806451,3.0,2.0,0.0,0.0,0.8,1.0,0.0,1.0,0.4705882352941176,0.1875,4.0,2.0
3825838,2016-04-20,215,212,0,0,1.4,0.8,0.6,3.0,0.8,0.8,0,1,3.0,0.0,Away Win,0.0,0.0,0.0,0.0,50.0,0.0,0.0,0.0,0.0,2.0,0.6,2.0,0.0,3.0,0.5882352941176471,0.4117647058823529,3.0,2.0,0.0,0.0,0.0,0.0,50.0,0.0,0.0,0.0,0.0,2.0,0.6,3.0,0.0,3.0,0.75,0.6666666666666666,3.0,2.0
266310,2016-04-20,219,217,0,0,1.0,1.8,0.2,2.0,1.4,0.2,0,0,4.0,0.0,Away Win,0.0,0.0,0.0,0.0,50.0,0.0,0.0,0.0,0.0,0.0,0.8,0.0,0.0,1.0,0.25,0.1764705882352941,3.0,2.0,0.0,0.0,0.0,0.0,50.0,0.0,0.0,0.0,0.0,1.0,0.6,0.0,3.0,0.0,0.8571428571428571,0.6111111111111112,3.0,2.0
3825839,2016-04-20,1041,213,0,0,0.6,0.8,0.2,1.4,2.2,0.2,0,1,2.0,0.0,Home Win,0.0,0.0,0.0,0.0,50.0,0.0,0.0,0.0,0.0,1.0,0.4,0.0,0.0,1.0,0.25,0.1764705882352941,4.0,2.0,0.0,0.0,0.0,0.0,50.0,0.0,0.0,0.0,0.0,0.0,0.8,0.0,0.0,1.0,0.7647058823529411,0.0,3.0,2.0
3825893,2016-04-20,220,222,0,0,3.4,0.6,1.0,1.8,1.8,0.4,0,1,1.0,0.0,Home Win,0.0,0.0,0.0,0.0,50.0,0.0,0.0,0.0,0.0,2.0,0.6,7.0,0.0,7.0,0.8333333333333334,0.5294117647058824,4.0,2.0,0.0,0.0,0.0,0.0,50.0,0.0,0.0,0.0,0.0,1.0,0.8,0.0,1.0,0.0,0.7058823529411765,0.3125,3.0,2.0
3825841,2016-04-21,210,216,0,0,0.8,1.0,0.4,0.4,3.2,0.0,0,0,2.0,0.0,Away Win,0.0,0.0,0.0,0.0,50.0,0.0,0.0,0.0,0.0,1.0,0.4,0.0,1.0,0.0,0.375,0.2941176470588235,5.0,2.0,0.6729239929999999,2.755793431,8.0,4.0,48.04819277108434,0.6167664670658682,3.0,2.0,0.0,0.0,0.4,0.0,3.0,0.0,0.3529411764705882,0.0625,5.0,2.0
3825896,2016-04-21,1049,221,0,0,0.8,1.4,0.0,0.8,0.8,0.4,1,0,3.0,0.0,Home Win,0.0,0.0,0.0,0.0,50.0,0.0,0.0,0.0,0.0,1.0,0.6,0.0,1.0,0.0,0.25,0.1764705882352941,4.0,2.0,0.0,0.0,0.0,0.0,50.0,0.0,0.0,0.0,0.0,2.0,0.4,1.0,0.0,1.0,0.3529411764705882,0.0625,6.0,2.0
3825871,2016-04-22,208,214,0,0,1.4,0.8,0.6,1.2,1.6,0.2,0,1,1.0,0.0,Home Win,0.0,0.0,0.0,0.0,50.0,0.0,0.0,0.0,0.0,1.0,0.6,0.0,1.0,0.0,0.4117647058823529,0.2222222222222222,3.0,3.0,0.0,0.0,0.0,0.0,50.0,0.0,0.0,0.0,0.0,0.0,1.0,0.0,0.0,1.0,0.4117647058823529,0.1764705882352941,3.0,3.0
3890534,2016-04-23,181,904,0,0,1.0,1.0,0.0,2.2,0.0,1.0,0,0,2.0,2.524915715,Away Win,0.8509998660000001,1.673915849,9.0,4.0,44.29175475687104,0.7374701670644391,5.0,2.0,0.0,0.0,1.0,0.0,0.0,1.0,0.0,0.0,146.0,0.0,1.20613684294,0.98606513834,12.8,5.6,49.33435252932942,0.7086479153978688,6.2,3.0,0.0,5.0,0.0,5.0,0.0,6.0,0.5333333333333333,0.4666666666666667,7.0,2.0
3825890,2016-04-23,212,223,0,0,2.6,0.8,0.8,0.6,0.6,0.2,0,1,1.0,0.0,Home Win,0.909193609,0.606769013,8.0,2.0,46.91834942932397,0.7030456852791879,4.0,0.0,0.0,2.0,0.6,4.0,0.0,4.0,0.75,0.6842105263157895,3.0,3.0,0.988143201,0.7130141261,12.0,4.0,50.53398058252427,0.7235023041474654,7.0,1.0,0.0,2.0,0.4,0.0,0.0,1.0,0.3529411764705882,0.2352941176470588,3.0,2.0
265944,2016-04-23,217,1041,0,0,2.4,1.4,0.2,1.0,0.8,0.4,1,0,4.0,0.0,Home Win,0.0,0.0,0.0,0.0,50.0,0.0,0.0,0.0,0.0,1.0,0.6,1.0,0.0,1.0,0.8571428571428571,0.631578947368421,3.0,3.0,1.564057362,1.802238372,14.0,2.0,49.38775510204082,0.7369565217391304,5.0,2.0,0.0,1.0,0.6,1.0,0.0,2.0,0.2941176470588235,0.1764705882352941,3.0,3.0
3825847,2016-04-23,322,219,0,0,0.8,2.4,0.2,1.0,2.8,0.2,0,1,2.0,0.0,Draw,1.81487563,1.6640549735,14.5,4.0,51.641948073986086,0.7494920605151287,3.0,2.0,0.0,0.0,0.6,0.0,1.0,0.0,0.4705882352941176,0.1764705882352941,3.0,3.0,0.0,0.0,0.0,0.0,50.0,0.0,0.0,0.0,0.0,0.0,0.8,0.0,1.0,0.0,0.2352941176470588,0.1764705882352941,3.0,3.0
3825886,2016-04-23,360,220,0,0,1.4,1.0,0.4,3.6,0.4,1.0,0,1,12.0,0.0,Away Win,0.7130141261,0.988143201,11.0,4.0,49.46601941747573,0.735897435897436,7.0,3.0,0.0,1.0,0.6,0.0,0.0,2.0,0.4117647058823529,0.0588235294117647,3.0,3.0,0.0,0.0,0.0,0.0,50.0,0.0,0.0,0.0,0.0,3.0,0.4,8.0,0.0,8.0,0.8421052631578947,0.5294117647058824,3.0,3.0
3825884,2016-04-24,213,218,0,0,0.8,2.2,0.0,0.8,1.4,0.4,0,0,0.0,0.0,Home Win,1.802238372,1.564057362,18.0,8.0,50.61224489795918,0.7807692307692308,7.0,1.0,0.0,0.0,0.8,0.0,1.0,0.0,0.7647058823529411,0.0,4.0,3.0,0.0,0.0,0.0,0.0,50.0,0.0,0.0,0.0,0.0,2.0,0.4,1.0,0.0,3.0,0.2941176470588235,0.2941176470588235,5.0,2.0
3825899,2016-04-24,216,207,0,0,0.8,2.2,0.2,1.8,1.2,0.6,0,0,4.0,0.0,Draw,0.9907318765,1.850705259,7.5,3.5,46.39032582282668,0.6843326006215418,2.5,3.0,0.0,0.0,0.6,1.0,0.0,1.0,0.3529411764705882,0.1176470588235294,3.0,3.0,2.655185954,0.873957829,9.0,6.0,50.309859154929576,0.8123861566484517,6.0,1.0,0.0,1.0,0.6,3.0,0.0,3.0,0.3529411764705882,0.2941176470588235,4.0,3.0
3825842,2016-04-24,221,215,0,0,0.8,1.8,0.2,0.8,0.8,0.4,0,1,2.0,0.0,Draw,1.039706358,3.092966799,14.0,5.0,50.26829268292683,0.7743467933491687,4.0,6.0,0.0,1.0,0.6,0.0,1.0,0.0,0.3529411764705882,0.0588235294117647,3.0,2.0,0.606769013,0.909193609,13.0,6.0,53.08165057067604,0.825503355704698,8.0,0.0,0.0,2.0,0.4,0.0,1.0,0.0,0.5555555555555556,0.4117647058823529,4.0,3.0
3825875,2016-04-24,222,210,0,0,1.4,1.6,0.4,1.0,1.2,0.4,1,0,2.0,0.0,Draw,0.0,0.0,0.0,0.0,50.0,0.0,0.0,0.0,0.0,1.0,0.6,0.0,2.0,0.0,0.7058823529411765,0.2941176470588235,4.0,3.0,0.945617087,1.30853976,15.0,5.0,51.65786694825765,0.7916666666666666,8.0,2.0,0.0,1.0,0.6,0.0,2.0,0.0,0.3529411764705882,0.2941176470588235,3.0,2.0
3825868,2016-04-25,209,1049,0,0,1.2,0.6,0.4,1.6,1.4,0.2,1,0,2.0,0.0,Home Win,0.0,0.0,0.0,0.0,50.0,0.0,0.0,0.0,0.0,2.0,0.6,0.0,0.0,6.0,0.4117647058823529,0.4705882352941176,6.0,2.0,3.092966799,1.039706358,13.0,6.0,49.73170731707317,0.7493734335839599,3.0,6.0,0.0,1.0,0.6,1.0,0.0,1.0,0.2941176470588235,0.1764705882352941,4.0,2.0
3825854,2016-04-29,1041,322,0,0,0.6,1.8,0.2,0.8,2.4,0.2,0,1,2.0,0.0,Home Win,1.564057362,1.802238372,14.0,2.0,49.38775510204082,0.7369565217391304,5.0,2.0,0.0,1.0,0.4,0.0,1.0,0.0,0.2941176470588235,0.1666666666666666,6.0,3.0,0.7166394465,1.5232769249999998,9.0,2.0,49.263701612661045,0.7194454515633363,7.0,1.0,0.0,0.0,0.6,0.0,0.0,1.0,0.4444444444444444,0.1764705882352941,6.0,3.0
266986,2016-04-30,218,217,0,0,0.8,1.6,0.4,3.2,1.0,0.4,0,1,4.0,0.0,Away Win,0.2960170765,1.053605788,8.0,1.0,48.96276595744681,0.6646884272997032,5.0,4.0,0.0,2.0,0.4,0.0,1.0,0.0,0.2941176470588235,0.2777777777777778,6.0,3.0,0.0,0.0,0.0,0.0,50.0,0.0,0.0,0.0,0.0,2.0,0.4,2.0,0.0,2.0,0.8636363636363636,0.631578947368421,7.0,3.0
3825859,2016-04-30,1049,208,0,0,1.4,1.4,0.2,2.0,0.8,0.6,0,1,5.0,0.0,Home Win,3.092966799,1.039706358,13.0,6.0,49.73170731707317,0.7493734335839599,3.0,6.0,0.0,1.0,0.6,0.0,1.0,0.0,0.2941176470588235,0.1666666666666666,5.0,3.0,1.1327808119999998,1.888067782,15.0,9.0,52.39299610894942,0.8524332810047096,5.0,4.0,0.0,1.0,0.6,1.0,0.0,1.0,0.4444444444444444,0.2222222222222222,8.0,3.0
3825864,2016-04-30,210,220,0,0,1.0,1.0,0.4,3.4,0.8,1.0,0,1,4.0,0.0,Away Win,0.79206799,0.90289105,11.0,3.5,53.229708799752345,0.7916666666666666,6.5,1.5,0.0,2.0,0.6,0.0,0.0,1.0,0.3529411764705882,0.2777777777777778,6.0,3.0,0.0,0.0,0.0,0.0,50.0,0.0,0.0,0.0,0.0,2.0,0.6,9.0,0.0,9.0,0.8421052631578947,0.5555555555555556,7.0,3.0
3825878,2016-04-30,212,360,0,0,2.6,0.4,1.0,1.4,1.2,0.4,1,0,2.0,0.0,Home Win,1.1155736615,0.3849896455,11.0,3.0,46.36097238014364,0.6894858056025569,7.0,1.5,0.0,3.0,0.4,5.0,0.0,5.0,0.7647058823529411,0.6842105263157895,7.0,3.0,0.7130141261,0.988143201,11.0,4.0,49.46601941747573,0.735897435897436,7.0,3.0,0.0,1.0,0.6,0.0,1.0,0.0,0.3888888888888889,0.0588235294117647,7.0,3.0
3890540,2016-04-30,904,173,0,0,2.6,0.4,1.0,2.0,1.0,1.0,0,1,3.0,1.9805127557,Home Win,1.30921705306,1.25612413834,13.6,6.0,48.58687778185467,0.7378827338535529,6.0,2.6,0.0,4.0,0.2,6.0,0.0,7.0,0.5333333333333333,0.5,7.0,2.0,1.0117748467,0.968737909,10.0,4.0,58.561020036429866,0.8149300155520995,8.0,1.0,0.0,0.0,1.0,1.0,0.0,1.0,1.0,0.0,147.0,0.0
3825870,2016-05-01,215,209,0,0,1.0,0.8,0.4,1.2,0.8,0.4,1,0,1.0,0.0,Home Win,0.8816817966999997,0.82488200335,16.0,7.0,55.79716781205534,0.7958025253099761,8.5,0.5,0.0,2.0,0.4,0.0,0.0,1.0,0.5555555555555556,0.3888888888888889,7.0,3.0,0.0,0.0,0.0,0.0,50.0,0.0,0.0,0.0,0.0,1.0,0.8,1.0,0.0,7.0,0.4444444444444444,0.4705882352941176,6.0,2.0
3825845,2016-05-01,214,213,0,0,0.8,2.2,0.0,1.2,1.4,0.2,0,1,2.0,0.0,Home Win,1.888067782,1.1327808119999998,12.0,5.0,47.60700389105058,0.7749360613810742,5.0,4.0,0.0,0.0,0.8,0.0,1.0,0.0,0.4117647058823529,0.1666666666666666,9.0,2.0,1.42792208,0.93003721925,15.5,5.5,51.64947894051237,0.7602641334569045,7.5,3.0,0.0,1.0,0.8,1.0,0.0,1.0,0.7777777777777778,0.0,7.0,3.0
3825894,2016-05-01,219,216,0,0,0.8,2.8,0.0,1.0,2.4,0.2,0,0,0.0,0.0,Away Win,0.391367896,0.559321064,9.0,1.0,50.42643923240938,0.689161554192229,7.0,1.0,0.0,0.0,0.8,0.0,0.0,1.0,0.2352941176470588,0.1666666666666666,8.0,3.0,1.30853976,0.945617087,7.0,3.0,48.34213305174234,0.7518987341772152,2.0,4.0,0.0,0.0,0.6,0.0,0.0,2.0,0.3333333333333333,0.1176470588235294,7.0,2.0
3825873,2016-05-01,207,222,0,0,2.2,1.2,0.6,1.0,1.2,0.4,0,1,1.0,0.0,Away Win,2.655185954,0.873957829,9.0,6.0,50.309859154929576,0.8123861566484517,6.0,1.0,0.0,1.0,0.8,0.0,0.0,4.0,0.3529411764705882,0.2777777777777778,7.0,3.0,0.49724234,0.6385188930000001,8.0,3.0,48.4281581485053,0.7162471395881007,3.0,4.0,0.0,2.0,0.4,0.0,0.0,1.0,0.6666666666666666,0.2941176470588235,7.0,3.0
3825855,2016-05-02,223,221,0,0,0.4,0.8,0.0,1.0,1.8,0.2,1,0,1.0,0.0,Home Win,0.5756767395,1.01748392005,9.5,4.0,51.0913576317046,0.7261403860281841,5.5,2.0,0.0,1.0,0.4,0.0,1.0,0.0,0.3529411764705882,0.2222222222222222,9.0,2.0,0.89013837785,2.1247806897,12.0,5.0,47.55277544154752,0.7052207339526908,4.0,4.0,0.0,1.0,0.6,0.0,0.0,1.0,0.3333333333333333,0.0588235294117647,8.0,2.0
3890550,2016-05-07,185,904,0,0,0.0,5.0,0.0,2.6,0.6,1.0,0,1,5.0,2.7605716084000003,Home Win,0.438206183,2.3223654254,6.0,2.0,53.90374331550802,0.7440476190476191,2.0,2.0,0.0,0.0,0.0,0.0,1.0,0.0,0.0,0.0,147.0,0.0,1.22591585206,1.17545719394,14.4,5.8,50.06581830819222,0.7561419904361454,5.4,2.2,0.0,3.0,0.4,7.0,0.0,8.0,0.5625,0.5,7.0,2.0
3825860,2016-05-08,221,212,0,0,1.2,2.4,0.2,1.8,0.2,1.0,0,1,1.0,0.0,Home Win,1.1936522365666666,2.221235824133333,11.666666666666666,4.666666666666667,46.03152264512694,0.6996986071557956,5.0,4.0,0.0,0.0,0.8,0.0,1.0,0.0,0.3333333333333333,0.0555555555555555,6.0,2.0,1.1155736615,0.3849896455,11.0,3.0,46.36097238014364,0.6894858056025569,7.0,1.5,0.0,4.0,0.2,6.0,0.0,6.0,0.7777777777777778,0.6842105263157895,8.0,1.0
265958,2016-05-08,217,214,0,0,3.4,0.6,0.6,0.8,2.0,0.2,0,0,0.0,0.0,Home Win,0.0,0.0,0.0,0.0,50.0,0.0,0.0,0.0,0.0,3.0,0.2,3.0,0.0,3.0,0.8636363636363636,0.65,8.0,1.0,1.888067782,1.1327808119999998,12.0,5.0,47.60700389105058,0.7749360613810742,5.0,4.0,0.0,1.0,0.6,1.0,0.0,1.0,0.4444444444444444,0.1666666666666666,7.0,1.0
3825850,2016-05-08,209,223,0,0,1.2,1.0,0.4,0.8,0.8,0.2,0,1,2.0,0.0,Home Win,0.0,0.0,0.0,0.0,50.0,0.0,0.0,0.0,0.0,1.0,0.8,0.0,1.0,0.0,0.4444444444444444,0.4444444444444444,7.0,2.0,1.1884998573333334,1.2785492647,14.333333333333334,5.666666666666667,52.61261042812517,0.7287537848602134,8.0,2.0,0.0,1.0,0.4,1.0,0.0,1.0,0.3888888888888889,0.2222222222222222,6.0,1.0
3825861,2016-05-08,210,360,0,0,0.6,1.0,0.2,1.0,1.4,0.2,0,0,4.0,0.0,Home Win,0.79206799,0.90289105,11.0,3.5,53.229708799752345,0.7916666666666666,6.5,1.5,0.0,2.0,0.4,0.0,1.0,0.0,0.3333333333333333,0.2777777777777778,8.0,2.0,0.7130141261,0.988143201,11.0,4.0,49.46601941747573,0.735897435897436,7.0,3.0,0.0,0.0,0.6,0.0,2.0,0.0,0.3888888888888889,0.0555555555555555,8.0,1.0
3825853,2016-05-08,213,1049,0,0,1.0,1.2,0.2,1.8,1.6,0.4,0,1,3.0,0.0,Away Win,1.42792208,0.93003721925,15.5,5.5,51.64947894051237,0.7602641334569045,7.5,3.0,0.0,1.0,0.6,0.0,1.0,0.0,0.7777777777777778,0.0,7.0,2.0,3.092966799,1.039706358,13.0,6.0,49.73170731707317,0.7493734335839599,3.0,6.0,0.0,1.0,0.6,1.0,0.0,1.0,0.3333333333333333,0.1666666666666666,8.0,2.0
3825865,2016-05-08,216,1041,0,0,1.4,2.0,0.4,1.0,1.8,0.4,1,0,3.0,0.0,Draw,1.080226863,0.80322703,8.0,4.0,47.65045661563449,0.74622644517425,3.5,5.0,0.0,1.0,0.6,1.0,0.0,3.0,0.3333333333333333,0.1666666666666666,7.0,2.0,1.564057362,1.802238372,14.0,2.0,49.38775510204082,0.7369565217391304,5.0,2.0,0.0,1.0,0.4,1.0,0.0,1.0,0.3333333333333333,0.1666666666666666,9.0,1.0
3825901,2016-05-08,220,207,0,0,3.2,0.6,1.0,2.0,1.2,0.6,0,0,4.0,0.0,Home Win,0.0,0.0,0.0,0.0,50.0,0.0,0.0,0.0,0.0,3.0,0.4,10.0,0.0,10.0,0.8421052631578947,0.5789473684210527,8.0,1.0,2.655185954,0.873957829,9.0,6.0,50.309859154929576,0.8123861566484517,6.0,1.0,0.0,1.0,0.6,0.0,1.0,0.0,0.3333333333333333,0.2777777777777778,7.0,2.0
3825904,2016-05-08,322,218,0,0,0.6,2.4,0.2,0.6,1.0,0.4,1,0,4.0,0.0,Draw,0.7166394465,1.5232769249999998,9.0,2.0,49.263701612661045,0.7194454515633363,7.0,1.0,0.0,0.0,0.4,0.0,1.0,0.0,0.4444444444444444,0.1666666666666666,9.0,1.0,0.2960170765,1.053605788,8.0,1.0,48.96276595744681,0.6646884272997032,5.0,4.0,0.0,2.0,0.2,0.0,2.0,0.0,0.2777777777777778,0.2777777777777778,8.0,2.0
3825851,2016-05-08,222,219,0,0,1.0,1.0,0.4,0.6,3.0,0.0,1,0,3.0,0.0,Away Win,0.49724234,0.6385188930000001,8.0,3.0,48.4281581485053,0.7162471395881007,3.0,4.0,0.0,3.0,0.2,1.0,0.0,2.0,0.6666666666666666,0.3333333333333333,7.0,2.0,0.5261024345,0.705617515,12.0,3.0,51.118115668517234,0.7184842858680444,7.5,1.5,0.0,0.0,0.6,0.0,1.0,0.0,0.2222222222222222,0.1666666666666666,7.0,1.0
3825866,2016-05-08,208,215,0,0,2.0,1.2,0.4,1.2,0.8,0.6,0,0,4.0,0.0,Draw,1.1327808119999998,1.888067782,15.0,9.0,52.39299610894941,0.8524332810047096,5.0,4.0,0.0,1.0,0.6,0.0,1.0,0.0,0.4444444444444444,0.2105263157894736,8.0,1.0,0.8816817966999997,0.82488200335,16.0,7.0,55.79716781205534,0.7958025253099761,8.5,0.5,0.0,2.0,0.4,1.0,0.0,2.0,0.5789473684210527,0.3888888888888889,7.0,2.0
3825849,2016-05-13,207,210,0,0,2.0,1.6,0.4,0.8,1.2,0.2,0,1,2.0,0.0,Away Win,2.655185954,0.873957829,9.0,6.0,50.309859154929576,0.8123861566484517,6.0,1.0,0.0,1.0,0.6,0.0,2.0,0.0,0.3333333333333333,0.2631578947368421,5.0,2.0,0.79206799,0.90289105,11.0,3.5,53.229708799752345,0.7916666666666666,6.5,1.5,0.0,1.0,0.6,1.0,0.0,1.0,0.3684210526315789,0.2777777777777778,5.0,2.0
3825882,2016-05-14,212,209,0,0,1.4,0.4,0.8,1.2,1.0,0.4,1,0,2.0,0.0,Home Win,1.2394465806666668,0.5316967316666666,13.0,3.6666666666666665,45.46150148067274,0.7206391158797407,6.333333333333333,1.3333333333333333,0.0,4.0,0.2,0.0,1.0,0.0,0.7777777777777778,0.65,6.0,2.0,0.0,0.0,0.0,0.0,50.0,0.0,0.0,0.0,0.0,1.0,0.8,1.0,0.0,1.0,0.4736842105263157,0.4444444444444444,6.0,2.0
3825869,2016-05-14,215,213,0,0,1.0,0.8,0.4,1.0,1.6,0.2,0,1,2.0,0.0,Home Win,0.8816817966999997,0.82488200335,16.0,7.0,55.79716781205534,0.7958025253099761,8.5,0.5,0.0,2.0,0.4,0.0,0.0,3.0,0.5789473684210527,0.3684210526315789,6.0,2.0,1.42792208,0.93003721925,15.5,5.5,51.64947894051238,0.7602641334569045,7.5,3.0,0.0,1.0,0.6,0.0,2.0,0.0,0.7368421052631579,0.0,6.0,2.0
267506,2016-05-14,1049,217,0,0,2.6,1.8,0.6,4.4,0.4,0.8,0,1,4.0,0.0,Away Win,3.092966799,1.039706358,13.0,6.0,49.73170731707317,0.7493734335839599,3.0,6.0,0.0,0.0,0.8,2.0,0.0,2.0,0.3333333333333333,0.2105263157894736,6.0,2.0,0.0,0.0,0.0,0.0,50.0,0.0,0.0,0.0,0.0,4.0,0.2,4.0,0.0,4.0,0.8695652173913043,0.65,6.0,2.0
3825846,2016-05-14,219,220,0,0,0.8,2.4,0.2,3.0,1.0,1.0,0,1,5.0,0.0,Away Win,0.5261024345,0.705617515,12.0,3.0,51.118115668517234,0.7184842858680444,7.5,1.5,0.0,1.0,0.4,1.0,0.0,1.0,0.2222222222222222,0.2105263157894736,6.0,2.0,0.0,0.0,0.0,0.0,50.0,0.0,0.0,0.0,0.0,2.0,0.6,11.0,0.0,11.0,0.85,0.5789473684210527,6.0,2.0
3890563,2016-05-14,904,189,0,0,2.2,1.0,0.8,0.0,1.0,0.0,1,0,1.0,1.502898177,Home Win,1.4786642376,1.17171078574,15.2,6.2,49.04735518308832,0.7501957702433499,4.8,2.6,0.0,2.0,0.6,0.0,1.0,0.0,0.5625,0.4705882352941176,7.0,2.0,0.734314387,0.76858379,12.0,3.0,53.50877192982456,0.6229508196721312,6.0,2.0,0.0,0.0,0.0,0.0,1.0,0.0,0.0,0.0,147.0,0.0
3825883,2016-05-15,223,208,0,0,0.8,1.0,0.2,1.4,1.0,0.2,0,0,2.0,0.0,Home Win,1.1884998573333334,1.2785492647,14.333333333333334,5.666666666666667,52.61261042812519,0.7287537848602134,8.0,2.0,0.0,0.0,0.4,0.0,1.0,0.0,0.3888888888888889,0.2105263157894736,7.0,2.0,1.1327808119999998,1.888067782,15.0,9.0,52.39299610894941,0.8524332810047096,5.0,4.0,0.0,2.0,0.4,0.0,0.0,1.0,0.4210526315789473,0.2105263157894736,7.0,1.0
3825908,2016-05-15,214,322,0,0,0.6,2.4,0.2,0.8,1.8,0.2,0,1,3.0,0.0,Home Win,1.888067782,1.1327808119999998,12.0,5.0,47.60700389105058,0.7749360613810742,5.0,4.0,0.0,1.0,0.4,0.0,1.0,0.0,0.4444444444444444,0.1578947368421052,7.0,2.0,0.7166394465,1.5232769249999998,9.0,2.0,49.263701612661045,0.7194454515633363,7.0,1.0,0.0,0.0,0.6,0.0,0.0,1.0,0.4210526315789473,0.1666666666666666,7.0,1.0
3825902,2016-05-15,360,221,0,0,1.2,1.6,0.2,1.6,2.4,0.4,0,1,3.0,0.0,Home Win,0.7130141261,0.988143201,11.0,4.0,49.46601941747573,0.735897435897436,7.0,3.0,0.0,0.0,0.8,0.0,3.0,0.0,0.3888888888888889,0.0526315789473684,7.0,1.0,1.101516903425,2.03772497285,11.5,4.75,46.93099354459784,0.7286574505124778,4.75,3.25,0.0,0.0,1.0,1.0,0.0,1.0,0.3684210526315789,0.0555555555555555,7.0,2.0
3825900,2016-05-15,1041,222,0,0,1.2,1.8,0.4,0.6,1.4,0.2,0,1,2.0,0.0,Home Win,1.564057362,1.802238372,14.0,2.0,49.38775510204082,0.7369565217391304,5.0,2.0,0.0,1.0,0.6,0.0,0.0,2.0,0.3333333333333333,0.1578947368421052,7.0,1.0,0.49724234,0.6385188930000001,8.0,3.0,48.4281581485053,0.7162471395881007,3.0,4.0,0.0,2.0,0.2,0.0,1.0,0.0,0.631578947368421,0.3333333333333333,7.0,2.0
3825876,2016-05-15,218,216,0,0,0.6,1.2,0.2,1.6,1.8,0.4,0,1,1.0,0.0,Home Win,0.2960170765,1.053605788,8.0,1.0,48.96276595744681,0.6646884272997032,5.0,4.0,0.0,1.0,0.4,0.0,0.0,1.0,0.2777777777777778,0.2631578947368421,7.0,1.0,1.080226863,0.80322703,8.0,4.0,47.65045661563449,0.74622644517425,3.5,5.0,0.0,1.0,0.8,0.0,0.0,4.0,0.3157894736842105,0.1666666666666666,7.0,2.0
18243,2016-05-28,220,212,0,0,2.4,0.8,1.0,1.2,0.4,0.8,1,1,2.6666666666666665,0.0,Draw,1.834950117,0.812190933,16.0,5.0,51.76074136478517,0.8810888252148997,8.0,3.0,0.0,3.0,0.4,12.0,0.0,12.0,0.85,0.6,14.0,1.0,1.27168615675,0.51255256475,12.5,4.0,44.69652452214739,0.7286030894048156,5.75,2.0,0.0,4.0,0.2,1.0,0.0,1.0,0.7894736842105263,0.65,14.0,1.0
267670,2016-08-20,217,218,0,0,4.8,0.0,1.0,0.8,1.2,0.4,2,0,3.0,0.0,Home Win,0.0,0.0,0.0,0.0,50.0,0.0,0.0,0.0,0.0,5.0,0.0,5.0,0.0,5.0,0.8695652173913043,0.6666666666666666,98.0,0.0,1.00006713125,1.221672294,7.5,3.0,50.81621423330888,0.7423442136498516,4.0,2.5,0.0,1.0,0.4,1.0,0.0,2.0,0.3157894736842105,0.2631578947368421,97.0,0.0
266892,2016-08-28,215,217,0,0,1.4,1.0,0.4,4.4,0.4,1.0,1,2,2.6666666666666665,0.0,Away Win,1.1976368598,0.9616275792333332,15.333333333333334,7.0,57.10929504863585,0.7994278112494158,8.0,0.6666666666666666,0.3333333333333333,1.0,0.6,1.0,0.0,4.0,0.6,0.3684210526315789,106.0,0.0,3.5265039949999992,0.226682301,29.0,12.0,54.44555444555444,0.8727524204702628,10.0,1.0,0.0,4.0,0.2,6.0,0.0,6.0,0.875,0.6666666666666666,8.0,1.0
266669,2016-09-10,217,206,0,0,3.4,0.4,1.0,0.0,0.0,0.0,0,0,0.0,0.0,Away Win,2.66842008,0.38759372525,20.0,7.0,57.10180444555444,0.8530428769017981,7.0,2.5,0.0,4.0,0.2,7.0,0.0,7.0,0.875,0.6818181818181818,13.0,1.0,0.0,0.0,0.0,0.0,0.0,0.0,0.0,0.0,0.0,0.0,0.0,0.0,0.0,0.0,0.0,0.0,0.0,0.0
267212,2016-09-17,205,217,0,0,0.0,0.0,0.0,3.2,0.8,0.8,0,0,0.0,0.0,Away Win,0.0,0.0,0.0,0.0,0.0,0.0,0.0,0.0,0.0,0.0,0.0,0.0,0.0,0.0,0.0,0.0,0.0,0.0,2.3287588871666665,0.3913923405666666,19.0,5.333333333333333,61.96236221447875,0.859579969766525,9.0,2.0,0.0,3.0,0.4,0.0,1.0,0.0,0.84,0.6818181818181818,7.0,1.0
267220,2016-09-21,217,212,0,0,3.2,1.0,0.8,1.2,0.6,0.6,2,0,3.0,0.0,Draw,2.584486419875,0.565195027925,16.75,5.5,64.17192941265643,0.856905126578625,8.0,2.0,0.0,2.0,0.6,1.0,0.0,1.0,0.84,0.6956521739130435,4.0,2.0,2.462489486,1.9860638709,16.0,5.25,48.35254917235214,0.7544433393942107,6.25,2.5,0.0,3.0,0.4,0.0,0.0,2.0,0.7894736842105263,0.6190476190476191,116.0,0.0
267492,2016-10-15,217,219,0,0,2.8,1.2,0.6,0.6,2.6,0.2,1,0,6.0,0.0,Home Win,2.2745084317,0.56828283634,17.2,5.8,68.25004022101247,0.8635886173919323,8.0,2.0,0.0,1.0,0.8,0.0,0.0,2.0,0.8076923076923077,0.6956521739130435,24.0,0.0,0.6214652673333334,1.0820617156666668,11.333333333333334,2.6666666666666665,49.35737430373207,0.75233649051053,6.333333333333333,1.3333333333333333,0.0,1.0,0.2,0.0,1.0,0.0,0.2105263157894736,0.2105263157894736,154.0,0.0
266033,2016-10-22,207,217,0,0,1.6,1.6,0.2,2.4,0.8,0.6,1,0,2.5,0.0,Away Win,1.7311156515,0.9567292432,8.5,3.0,50.45508737069721,0.7814487020461072,5.0,1.5,0.0,1.0,0.4,0.0,3.0,0.0,0.3157894736842105,0.2631578947368421,162.0,0.0,2.3197895877,0.5788196357400001,16.4,5.0,67.8064917935122,0.8649693653895703,7.6,2.0,0.0,2.0,0.6,1.0,0.0,3.0,0.8148148148148148,0.6956521739130435,7.0,1.0
267058,2016-10-29,217,1049,0,0,2.8,1.2,0.6,2.6,1.8,0.6,2,0,3.5,0.0,Home Win,2.3526487935,0.6763290530399999,17.2,6.2,68.95590980970653,0.8722029919780354,7.0,2.0,0.0,1.0,0.8,2.0,0.0,4.0,0.8148148148148148,0.7083333333333334,7.0,2.0,3.092966799,1.039706358,13.0,6.0,49.73170731707317,0.7493734335839599,3.0,6.0,0.0,0.0,0.8,0.0,1.0,0.0,0.3157894736842105,0.2105263157894736,168.0,0.0
266989,2016-11-06,213,217,0,0,1.0,2.0,0.2,2.8,0.8,0.8,1,1,3.0,0.0,Away Win,1.363654297,1.2298738081666667,13.0,5.0,50.33735170393186,0.7577962262710408,7.0,3.0,0.6666666666666666,1.0,0.6,0.0,3.0,0.0,0.7368421052631579,0.0,176.0,0.0,2.3554299238,0.5994044782,16.8,6.8,68.30077839737136,0.8752983546032601,6.0,2.0,0.0,2.0,0.6,3.0,0.0,5.0,0.8214285714285714,0.7083333333333334,8.0,1.0
266191,2016-11-27,210,217,0,0,0.8,0.8,0.4,2.2,0.8,0.8,1,1,2.5,0.0,Draw,0.8745455458000001,0.870942483,12.333333333333334,4.333333333333333,53.08448058398472,0.7747953216374269,6.333333333333333,1.6666666666666667,0.0,2.0,0.4,2.0,0.0,2.0,0.3684210526315789,0.3157894736842105,198.0,0.0,2.0541394232,0.6649123000000001,17.6,7.0,66.51289794618162,0.8766205010962288,6.0,2.8,0.0,2.0,0.6,4.0,0.0,6.0,0.8214285714285714,0.72,21.0,0.0
267076,2016-12-03,217,220,0,0,2.2,0.8,0.8,2.0,1.0,0.8,2,1,3.333333333333333,0.0,Draw,1.9611077536,0.90269587288,15.8,6.0,62.218959799696094,0.8489761530344234,5.6,3.2,0.0,2.0,0.6,0.0,0.0,7.0,0.8214285714285714,0.6923076923076923,6.0,1.0,4.1678821773,3.2422989295,23.5,8.5,51.18636728525645,0.8522631626074499,7.5,4.5,0.0,2.0,0.6,0.0,0.0,13.0,0.8095238095238095,0.6,189.0,0.0
266357,2016-12-10,422,217,0,0,0.0,0.0,0.0,1.6,1.0,0.6,0,0,0.0,0.0,Away Win,0.0,0.0,0.0,0.0,0.0,0.0,0.0,0.0,0.0,0.0,0.0,0.0,0.0,0.0,0.0,0.0,0.0,0.0,1.4536064658,1.0688036556800002,13.2,4.8,59.319757519959694,0.8434152913131031,5.0,3.8,0.0,1.0,0.8,0.0,0.0,8.0,0.7931034482758621,0.6923076923076923,7.0,2.0
266528,2016-12-18,217,214,0,0,1.6,0.6,0.6,1.2,2.4,0.4,1,0,2.5,0.0,Home Win,1.7158649441999998,0.87927642348,13.6,4.4,61.40882634587062,0.8503097000447262,5.8,3.0,0.0,2.0,0.6,1.0,0.0,9.0,0.7931034482758621,0.7037037037037037,8.0,1.0,2.0276840945,1.6226584875,11.0,6.0,47.721706706483324,0.7451999894534237,4.0,4.0,0.0,1.0,0.4,1.0,0.0,1.0,0.4736842105263157,0.1578947368421052,217.0,0.0
266477,2017-01-08,222,217,0,0,0.4,1.4,0.2,2.2,0.8,0.6,0,1,3.5,0.0,Draw,0.6003473,1.1778213485000002,9.5,4.0,47.952838221631445,0.7813481379322461,2.0,3.0,0.0,2.0,0.0,0.0,2.0,0.0,0.631578947368421,0.3157894736842105,238.0,0.0,1.7875972405999998,0.92547087468,13.4,4.8,60.4886729038026,0.8484974598086781,5.2,2.8,0.0,1.0,0.8,2.0,0.0,10.0,0.8,0.7037037037037037,21.0,0.0
267395,2017-01-14,217,208,0,0,2.0,0.8,0.4,1.4,1.6,0.2,3,0,3.333333333333333,0.0,Home Win,1.6938117073999996,0.7068601276800001,14.6,5.0,63.83371655834428,0.8529547494682799,5.0,2.0,0.0,1.0,0.8,0.0,0.0,11.0,0.8,0.6785714285714286,6.0,1.0,1.40588108525,2.0307266299,13.5,8.0,55.1146455934855,0.851662345526666,5.5,2.5,0.0,2.0,0.4,0.0,1.0,0.0,0.4210526315789473,0.2,244.0,0.0
266731,2017-01-22,322,217,0,0,0.8,2.4,0.0,2.8,0.6,0.6,0,2,4.0,0.0,Away Win,1.1819383520000002,1.7379514189999998,10.333333333333334,4.0,49.1489987972283,0.7088848720689471,6.0,1.6666666666666667,0.0,0.0,0.6,0.0,1.0,0.0,0.4210526315789473,0.1578947368421052,252.0,0.0,2.2561499196,0.4664655896,17.2,6.6,66.04551163840925,0.8786690351825654,4.8,1.8,0.0,2.0,0.6,1.0,0.0,12.0,0.8064516129032258,0.6785714285714286,8.0,2.0
266516,2017-01-29,218,217,0,0,1.0,2.4,0.2,3.4,0.4,0.8,0,3,4.666666666666667,0.0,Draw,0.7422721878333333,1.9899495276666663,6.333333333333333,2.6666666666666665,46.370659787754434,0.7311071736082942,3.333333333333333,2.6666666666666665,0.0,0.0,0.6,0.0,1.0,0.0,0.3157894736842105,0.25,162.0,0.0,2.3802383952,0.36630713726,17.6,7.6,67.06451536571036,0.870049069998581,4.8,1.2,0.0,3.0,0.4,2.0,0.0,13.0,0.8064516129032258,0.6896551724137931,7.0,1.0
266874,2017-02-04,217,215,0,0,3.0,0.6,0.6,1.4,1.0,0.4,3,1,2.25,0.0,Home Win,1.907114412,0.60648297138,16.2,7.2,64.45032151003042,0.8558642487614001,4.2,1.8,0.0,2.0,0.6,0.0,0.0,14.0,0.8064516129032258,0.6666666666666666,6.0,2.0,1.1782155719666665,1.2620084312333333,14.0,6.333333333333333,51.37139447795983,0.7707139267237363,6.666666666666667,2.333333333333333,0.3333333333333333,1.0,0.6,0.0,1.0,0.0,0.5714285714285714,0.3684210526315789,160.0,0.0
266273,2017-02-11,206,217,0,0,2.0,1.0,1.0,2.8,0.4,0.6,1,0,3.0,2.0484260727,Away Win,0.3989895712,1.6494365015,5.0,4.0,25.697211155378486,0.6666666666666666,0.0,1.0,0.0,0.0,1.0,1.0,0.0,1.0,0.0,1.0,154.0,0.0,1.69617731566,0.72195784458,16.6,7.0,61.98834176820009,0.844428773937221,4.6,2.0,0.0,3.0,0.4,1.0,0.0,15.0,0.8125,0.6666666666666666,7.0,2.0
267596,2017-02-19,217,205,0,0,3.8,0.2,0.8,1.0,5.0,0.0,1,0,6.0,4.438272108,Home Win,1.99718480798,0.94240940078,17.0,7.2,62.20256374762282,0.8454399758748534,5.6,2.2,0.0,4.0,0.2,2.0,0.0,16.0,0.8125,0.6774193548387096,8.0,1.0,1.08660309,3.351669018,15.0,5.0,38.95216400911162,0.7105263157894737,2.0,4.0,0.0,0.0,1.0,0.0,1.0,0.0,0.0,0.0,155.0,0.0
267464,2017-02-26,212,217,0,0,1.2,0.8,0.4,3.2,0.4,0.8,0,2,2.6666666666666665,0.0,Away Win,2.277159575,2.20391042115,14.75,5.25,44.83181541317643,0.7779465204894165,4.25,2.75,0.0,2.0,0.6,0.0,0.0,3.0,0.7894736842105263,0.5909090909090909,158.0,0.0,1.7489505269200003,1.04909647638,15.0,6.4,64.28601838835883,0.8457157785035972,5.4,1.8,0.0,3.0,0.4,3.0,0.0,17.0,0.8181818181818182,0.6774193548387096,7.0,1.0
265952,2017-03-01,217,1041,0,0,2.8,0.6,0.8,1.4,1.6,0.6,2,0,5.0,0.0,Home Win,1.7470506707199998,1.13184068252,15.2,6.2,64.64648042628608,0.8381320399838781,5.4,2.0,0.0,2.0,0.6,4.0,0.0,18.0,0.8181818181818182,0.6875,3.0,2.0,1.640590583,1.252845316,15.0,4.0,49.86307502891468,0.7838360270126716,4.5,1.5,0.0,2.0,0.4,1.0,0.0,3.0,0.3684210526315789,0.1578947368421052,290.0,0.0
266299,2017-03-04,217,209,0,0,3.8,0.6,1.0,1.0,1.2,0.4,1,1,6.0,0.0,Home Win,1.92185469004,1.1265006422,17.6,7.4,66.2515095791642,0.8487948865070314,7.0,1.6,0.0,2.0,0.6,5.0,0.0,19.0,0.8235294117647058,0.6875,3.0,3.0,0.455120064,1.368404885,7.0,4.0,50.76497695852535,0.8287671232876712,4.0,5.0,0.0,1.0,0.6,0.0,1.0,0.0,0.4736842105263157,0.4210526315789473,294.0,0.0
267660,2017-03-12,219,217,0,0,0.6,1.8,0.2,4.2,0.6,1.0,0,2,5.333333333333333,0.0,Home Win,0.535940525,1.7497737305,10.25,2.0,45.3553682856779,0.7548878193879142,5.25,1.5,0.25,1.0,0.2,0.0,2.0,0.0,0.2105263157894736,0.2,148.0,0.0,2.2550597377800004,1.0608438958800002,18.2,8.0,68.09362283369461,0.8551626764995548,7.6,1.6,0.0,2.0,0.6,6.0,0.0,20.0,0.8285714285714286,0.6875,8.0,3.0
266440,2017-03-19,217,207,0,0,3.2,1.0,0.8,1.2,2.2,0.0,1,1,3.333333333333333,0.0,Home Win,1.94693157426,1.08996417932,16.8,7.2,68.1937260606593,0.8486093058872235,7.4,1.0,0.0,1.0,0.8,0.0,1.0,0.0,0.8285714285714286,0.6666666666666666,7.0,1.0,0.9215487925,1.5070664257000002,7.5,2.0,46.3395601995733,0.7216608524800513,3.5,3.5,0.0,0.0,0.6,0.0,4.0,0.0,0.3,0.2631578947368421,148.0,0.0
266280,2017-04-05,217,213,0,0,3.6,1.2,0.8,1.0,2.0,0.2,2,1,3.0,0.0,Home Win,2.26209497992,1.06632831932,19.8,8.2,68.50742934930898,0.8477214375366685,8.0,1.4,0.0,1.0,0.8,1.0,0.0,1.0,0.8333333333333334,0.6666666666666666,17.0,0.0,1.2342889060000002,1.3235935258333331,12.0,4.0,49.30342005898472,0.7651848195086907,5.666666666666667,4.0,0.6666666666666666,1.0,0.6,0.0,4.0,0.0,0.7,0.0,150.0,0.0
267590,2017-04-08,223,217,0,0,1.6,1.0,0.4,3.8,1.0,0.8,0,2,2.0,0.0,Home Win,1.43472126245,1.37865728815,14.25,6.25,49.89096094358909,0.7292848853873697,6.75,1.75,0.0,0.0,0.6,1.0,0.0,1.0,0.4210526315789473,0.2105263157894736,328.0,0.0,2.13031894392,0.98365600506,19.4,8.4,67.38139854377373,0.8677585925260528,7.8,1.8,0.0,2.0,0.6,2.0,0.0,2.0,0.8378378378378378,0.6666666666666666,3.0,1.0
267373,2017-04-15,217,210,0,0,2.6,1.2,0.6,0.8,0.6,0.4,1,1,2.333333333333333,0.0,Home Win,2.0362844004000005,0.90492899106,17.4,7.0,66.02464339132565,0.8605904990350896,6.4,2.4,0.0,2.0,0.4,0.0,1.0,0.0,0.8378378378378378,0.6470588235294118,7.0,2.0,1.1491904949333334,0.6245752733333334,13.333333333333334,4.666666666666667,51.64244097385656,0.7798534481744267,6.333333333333333,1.6666666666666667,0.0,2.0,0.4,0.0,0.0,3.0,0.35,0.3157894736842105,139.0,0.0
267569,2017-04-23,220,217,0,0,1.6,0.8,0.6,2.2,1.6,0.6,1,2,3.0,0.0,Away Win,3.1485565222,2.566667065,20.33333333333333,7.333333333333333,50.08356354693869,0.8398841252116892,7.333333333333333,3.6666666666666665,0.0,2.0,0.6,0.0,0.0,14.0,0.8095238095238095,0.5714285714285714,141.0,0.0,2.0182309084000005,0.9583081815,16.6,7.0,63.90082303760545,0.8597524872591069,5.4,2.8,0.0,1.0,0.6,1.0,0.0,1.0,0.8421052631578947,0.6470588235294118,8.0,1.0
267101,2017-04-26,217,422,0,0,2.6,1.6,0.8,0.0,3.0,0.0,1,0,3.0,3.374340661,Home Win,2.1068267335,1.18108363286,16.8,7.8,61.15635279554205,0.8649542466777339,4.6,3.2,0.0,1.0,0.6,2.0,0.0,2.0,0.8421052631578947,0.6571428571428571,3.0,2.0,0.088416075,3.285924586,4.0,1.0,20.526315789473685,0.6452991452991453,2.0,3.0,0.0,0.0,0.0,0.0,1.0,0.0,0.0,0.0,137.0,0.0
267077,2017-04-29,214,217,0,0,1.2,3.0,0.4,3.2,1.4,0.8,0,2,3.333333333333333,0.0,Away Win,1.4335690473333331,1.7557735366666665,8.333333333333334,4.333333333333333,44.436433791962216,0.7370862915374562,3.333333333333333,3.6666666666666665,0.0,1.0,0.4,0.0,1.0,0.0,0.4736842105263157,0.15,132.0,0.0,2.0959669023,1.00036453518,15.0,7.6,61.97905446235038,0.8665004165376541,5.2,2.6,0.0,1.0,0.6,3.0,0.0,3.0,0.8461538461538461,0.6571428571428571,3.0,3.0
266952,2017-05-06,217,222,0,0,3.2,1.4,0.8,0.6,1.0,0.2,1,0,3.0,0.0,Home Win,2.1969703853,0.96076620284,15.6,8.2,63.66460390816849,0.8592116470425569,5.4,1.8,0.0,1.0,0.6,4.0,0.0,4.0,0.8461538461538461,0.6666666666666666,7.0,3.0,0.5072610213333334,1.243977182,8.0,3.6666666666666665,44.18610782010181,0.7652750367401069,2.0,2.6666666666666665,0.0,2.0,0.2,0.0,0.0,1.0,0.6,0.3157894736842105,118.0,0.0
267039,2017-05-14,208,217,0,0,1.4,2.4,0.2,4.0,1.2,1.0,0,4,3.75,0.0,Away Win,1.1264471381666663,2.480860817266666,11.333333333333334,5.666666666666667,53.11867785155001,0.8372963075971224,4.0,3.0,0.0,2.0,0.4,0.0,2.0,0.0,0.4210526315789473,0.1904761904761904,120.0,0.0,2.4398776597,0.93872724984,17.2,9.2,63.35102164230511,0.8684635816254044,5.6,1.4,0.0,1.0,0.8,5.0,0.0,5.0,0.85,0.6666666666666666,8.0,1.0
267432,2017-05-21,217,322,0,0,4.2,1.0,1.0,0.8,2.4,0.0,3,0,4.0,0.0,Home Win,2.3046777119,0.92968327732,16.4,8.4,64.99835473320016,0.8750083798862501,5.8,1.0,0.0,1.0,0.8,6.0,0.0,6.0,0.85,0.6756756756756757,7.0,1.0,1.0936567257666667,1.4648380056666668,12.0,5.333333333333333,47.33705048653901,0.6732633316048618,7.666666666666667,2.0,0.0,0.0,0.6,0.0,2.0,0.0,0.4,0.1578947368421052,119.0,0.0
18244,2017-06-03,224,220,0,0,0.5,2.0,0.0,1.8,1.4,0.4,0,0,0.0,0.0,Away Win,1.0713203340000002,2.3534452573,13.0,5.5,41.665394538943374,0.736875099650679,6.0,1.5,0.0,0.0,0.5,0.0,2.0,0.0,0.0,0.0,728.0,0.0,3.0321236214,2.370916453375,20.75,9.0,48.74697818108504,0.8337419227375957,7.25,3.5,0.25,1.0,0.8,0.0,1.0,0.0,0.7727272727272727,0.5714285714285714,41.0,0.0
9575,2017-08-20,217,218,0,0,4.4,1.0,1.0,1.2,2.2,0.2,3,0,4.0,0.0,Home Win,2.9522750128000004,0.60894202352,16.6,8.6,68.04026880743606,0.8717558504091963,7.0,0.8,0.0,1.0,0.8,7.0,0.0,7.0,0.8536585365853658,0.6756756756756757,91.0,0.0,1.0733649108666663,1.9455158216666664,9.333333333333334,4.666666666666667,44.12735084388229,0.7463569346542966,4.333333333333333,2.0,0.0,0.0,0.8,0.0,0.0,1.0,0.3,0.25,203.0,0.0
9581,2017-08-26,206,217,0,0,1.0,3.5,0.5,3.4,0.8,1.0,1,1,4.5,3.17654931415,Away Win,0.9111679081,2.26538140605,7.0,4.0,27.89622462530829,0.7083333333333333,1.5,1.0,0.0,0.0,0.5,0.0,1.0,0.0,0.0,1.0,196.0,0.0,2.452733484,0.6313270612,15.8,7.0,64.89492605080437,0.8698697742413997,6.6,1.2,0.0,2.0,0.6,8.0,0.0,8.0,0.8571428571428571,0.6756756756756757,6.0,1.0
9592,2017-09-09,217,214,0,0,3.2,0.8,1.0,1.2,2.8,0.4,3,0,3.25,0.0,Home Win,2.5608368224,0.6801148898000001,17.2,7.4,66.44421597388991,0.8815534481950955,8.4,1.8,0.0,2.0,0.6,9.0,0.0,9.0,0.8571428571428571,0.6842105263157895,14.0,1.0,0.9413733693333332,1.9356744886666668,6.333333333333333,3.333333333333333,43.78764175708267,0.6994446621385507,3.0,3.333333333333333,0.0,1.0,0.4,0.0,2.0,0.0,0.45,0.15,133.0,0.0
9602,2017-09-16,216,217,0,0,1.6,1.2,0.4,3.4,0.6,1.0,0,2,4.0,0.0,Away Win,1.1833975086666666,1.1035237486666667,10.0,4.333333333333333,45.79700833977242,0.747925213890417,3.0,6.0,0.3333333333333333,1.0,0.8,0.0,1.0,0.0,0.3157894736842105,0.1578947368421052,489.0,0.0,2.6720607596,0.6219721742,17.2,7.6,68.26332865230907,0.8800036683422336,9.2,1.6,0.0,3.0,0.4,10.0,0.0,10.0,0.8604651162790697,0.6842105263157895,7.0,1.0
9609,2017-09-19,217,322,0,0,3.0,0.6,1.0,1.0,3.0,0.0,4,0,4.5,0.0,Home Win,2.4097912942000006,0.60967882132,16.4,7.6,70.00368257239244,0.8804194425377482,8.8,2.2,0.0,3.0,0.4,11.0,0.0,11.0,0.8604651162790697,0.6923076923076923,3.0,2.0,1.2669225877666668,3.008265748,12.0,6.0,43.38499027885881,0.6592022781202109,5.333333333333333,3.0,0.0,0.0,0.6,0.0,3.0,0.0,0.4,0.15,121.0,0.0
9620,2017-09-23,211,217,0,0,0.0,0.0,0.0,3.4,0.4,1.0,0,0,0.0,0.0,Away Win,0.0,0.0,0.0,0.0,0.0,0.0,0.0,0.0,0.0,0.0,0.0,0.0,0.0,0.0,0.0,0.0,0.0,0.0,1.8057527126,0.60028261292,15.2,7.6,67.64776074283907,0.8812267787669615,8.2,2.0,0.0,3.0,0.4,12.0,0.0,12.0,0.8636363636363636,0.6923076923076923,4.0,3.0
9636,2017-10-01,217,208,0,0,3.6,0.4,1.0,0.8,3.2,0.0,5,0,4.0,0.0,Home Win,1.7694968535999998,0.77934525006,14.2,8.2,67.65466923669769,0.8733292885834334,7.2,1.6,0.0,3.0,0.4,13.0,0.0,13.0,0.8636363636363636,0.7,8.0,2.0,0.9875554264999998,2.4738636209333333,10.0,4.333333333333333,48.5367625782046,0.8221441286575679,3.333333333333333,1.6666666666666667,0.0,1.0,0.6,0.0,3.0,0.0,0.4,0.1904761904761904,140.0,0.0
9642,2017-10-14,212,217,0,0,1.2,1.2,0.2,3.8,0.4,1.0,0,3,2.75,0.0,Draw,2.0262944562,2.12839762352,14.4,5.0,42.349545909630336,0.7582062729953067,4.6,3.0,0.0,1.0,0.8,0.0,1.0,0.0,0.75,0.5909090909090909,230.0,0.0,1.9470897388,0.7618978348600001,14.0,7.8,62.61954143621304,0.8672212687884864,6.0,2.0,0.0,3.0,0.4,14.0,0.0,14.0,0.8666666666666667,0.7,13.0,1.0
9650,2017-10-21,217,223,0,0,3.0,0.6,0.8,1.8,0.8,0.6,2,1,2.0,0.0,Home Win,1.590926928,0.7478368578600001,13.0,7.4,61.19434896637931,0.8635412590606958,4.6,2.2,0.0,2.0,0.6,0.0,0.0,15.0,0.8666666666666667,0.6829268292682927,7.0,1.0,1.4049254557000002,1.531441768875,13.25,6.25,45.82816337420942,0.7140343093505034,5.5,2.5,0.0,1.0,0.4,2.0,0.0,2.0,0.45,0.2105263157894736,196.0,0.0
9661,2017-10-28,215,217,0,0,1.0,1.2,0.4,3.0,0.4,0.8,1,4,2.4,0.0,Away Win,1.0669218181666669,1.3375910164333331,11.0,4.666666666666667,47.83258406388976,0.7823051195929769,4.333333333333333,3.0,0.3333333333333333,1.0,0.4,0.0,2.0,0.0,0.5714285714285714,0.35,266.0,0.0,1.8432496106000005,0.7608104719400001,14.0,7.2,60.0829452977075,0.8649566120292314,4.6,1.6,0.0,3.0,0.4,1.0,0.0,16.0,0.8695652173913043,0.6829268292682927,7.0,2.0
9673,2017-11-04,217,213,0,0,2.2,0.2,0.8,0.6,2.6,0.0,3,1,3.0,0.0,Home Win,1.974089736,0.81649165714,15.2,6.2,60.10856045825561,0.8548533256442548,4.0,2.4,0.0,4.0,0.2,2.0,0.0,17.0,0.8695652173913043,0.6904761904761905,7.0,2.0,1.0862444465666667,1.6140765846666667,10.0,4.0,46.90994731842069,0.7933544016027573,4.333333333333333,3.0,0.6666666666666666,0.0,0.6,0.0,5.0,0.0,0.7,0.0,213.0,0.0
9682,2017-11-18,205,217,0,0,1.0,3.5,0.0,2.0,0.4,0.8,0,2,4.5,3.83962225835,Away Win,1.093808856,2.74581340235,13.5,5.5,34.27752604787711,0.7195924261874198,3.0,3.5,0.0,0.0,1.0,0.0,2.0,0.0,0.0,0.0,272.0,0.0,2.1521288694,0.6952100662,16.8,6.2,58.41968089641272,0.8573244316369335,4.0,2.6,0.0,3.0,0.4,3.0,0.0,18.0,0.8723404255319149,0.6904761904761905,14.0,1.0
9695,2017-11-26,207,217,0,0,1.2,2.6,0.0,2.0,0.4,0.8,1,2,4.0,0.0,Draw,0.9419776356666666,2.243302555466667,7.0,3.0,41.94643452825214,0.7097151532497916,3.333333333333333,3.6666666666666665,0.3333333333333333,0.0,0.6,0.0,5.0,0.0,0.3,0.25,252.0,0.0,1.8848815022,0.8382180942999999,14.6,5.4,62.29994462175242,0.8548184113815495,3.0,2.0,0.0,3.0,0.4,4.0,0.0,19.0,0.8723404255319149,0.6976744186046512,8.0,1.0
9700,2017-12-02,217,209,0,0,2.0,0.4,0.8,0.8,2.0,0.4,2,1,5.666666666666667,0.0,Draw,1.80475462654,0.9787284141,14.0,5.6,62.52094567137774,0.8521202040261622,4.6,1.6,0.0,3.0,0.4,0.0,0.0,20.0,0.8723404255319149,0.6818181818181818,6.0,2.0,0.4747748256999999,2.0008741385,7.0,3.0,48.099570531304174,0.7855175822623923,2.5,4.0,0.0,1.0,0.4,0.0,2.0,0.0,0.4736842105263157,0.4,273.0,0.0
9717,2017-12-10,222,217,0,0,0.8,1.8,0.2,2.0,0.8,0.6,0,2,3.5,0.0,Away Win,0.594435311,1.8773670246666665,8.0,4.0,42.54271495060448,0.7858819519165711,2.0,2.6666666666666665,0.0,1.0,0.4,0.0,1.0,0.0,0.6,0.3,218.0,0.0,2.10088242474,1.1694276199,16.0,6.2,62.61974292223685,0.8469973120431129,4.6,2.0,0.0,2.0,0.6,0.0,0.0,21.0,0.8541666666666666,0.6818181818181818,8.0,2.0
9726,2017-12-17,217,219,0,0,2.0,0.8,0.6,0.8,1.8,0.4,2,1,4.75,0.0,Home Win,2.21415968874,1.0206317837,15.8,6.4,64.15677265325158,0.8620809543999319,4.6,1.4,0.0,2.0,0.6,1.0,0.0,22.0,0.8541666666666666,0.6888888888888889,7.0,1.0,0.83033546655,1.94511483775,11.5,3.75,40.84787344535146,0.7569604881646976,4.5,1.75,0.25,1.0,0.2,1.0,0.0,1.0,0.25,0.2,280.0,0.0
9736,2017-12-23,220,217,0,0,2.0,1.2,0.4,2.4,0.6,0.6,1,3,3.4,0.0,Away Win,2.74004320492,1.9805680499,20.2,8.2,49.9158093499162,0.8390865614458904,6.0,3.4,0.2,1.0,0.8,1.0,0.0,1.0,0.7727272727272727,0.5909090909090909,203.0,0.0,3.06991407834,0.9867881076999998,16.8,7.6,65.84207284799818,0.8690351916278939,5.2,1.2,0.0,3.0,0.4,2.0,0.0,23.0,0.8571428571428571,0.6888888888888889,6.0,2.0
9742,2018-01-07,217,221,0,0,2.4,0.6,0.6,1.4,2.8,0.2,2,0,3.5,0.0,Home Win,3.38573288654,0.91220243168,18.2,8.6,63.33992479029455,0.8749299025485,6.0,1.2,0.0,3.0,0.4,3.0,0.0,24.0,0.8571428571428571,0.6956521739130435,15.0,0.0,1.2017568066200002,2.0013180200800003,11.4,4.2,45.90979893958821,0.7327113681353041,4.4,3.2,0.0,0.0,1.0,0.0,1.0,0.0,0.3684210526315789,0.0526315789473684,602.0,0.0
9754,2018-01-14,210,217,0,0,1.2,1.2,0.4,2.8,0.4,0.8,1,2,3.0,0.0,Away Win,1.1901260438,1.306519804,15.666666666666666,6.333333333333333,49.5290130488609,0.7879481993673373,6.0,2.0,0.0,1.0,0.6,0.0,1.0,0.0,0.35,0.3,274.0,0.0,3.6764530658,0.82892365188,19.0,8.6,63.60333606255377,0.8855206948820307,4.8,1.2,0.0,4.0,0.2,4.0,0.0,25.0,0.86,0.6956521739130435,7.0,1.0
9765,2018-01-21,218,217,0,0,1.2,2.2,0.2,3.2,0.4,1.0,0,4,3.6,0.0,Away Win,0.8528149386499999,1.7500788699999998,7.75,3.5,42.056866262384496,0.7664343676573891,3.25,1.75,0.0,0.0,0.8,0.0,1.0,0.0,0.3,0.238095238095238,154.0,0.0,3.2480823852,0.66546526028,16.8,8.2,60.67667938589709,0.8819594045594501,4.6,1.0,0.0,4.0,0.2,5.0,0.0,26.0,0.86,0.7021276595744681,7.0,2.0
9774,2018-01-28,217,206,0,0,3.8,0.4,1.0,0.6666666666666666,3.0,0.3333333333333333,2,1,3.6666666666666665,3.073839626433333,Home Win,3.0473884710000005,0.62178402488,16.4,8.8,57.587780413209785,0.8716346647128471,4.2,1.2,0.0,4.0,0.2,6.0,0.0,27.0,0.86,0.7083333333333334,7.0,2.0,0.8259185690666667,2.2479210573666664,8.333333333333334,3.333333333333333,27.6123529720147,0.7093356242840779,1.3333333333333333,1.3333333333333333,0.0,0.0,0.3333333333333333,0.0,2.0,0.0,0.0,1.0,155.0,0.0
9783,2018-02-04,214,217,0,0,1.0,3.8,0.2,3.4,0.6,1.0,0,4,3.6,0.0,Draw,0.8230429347499999,2.22545789325,7.0,2.75,38.75329435767148,0.6787336942323715,4.0,3.75,0.0,0.0,0.4,0.0,3.0,0.0,0.45,0.1428571428571428,148.0,0.0,2.26481428886,0.71579083876,15.4,8.8,60.702085516830856,0.8675449296631534,4.6,1.2,0.0,3.0,0.4,7.0,0.0,28.0,0.8627450980392157,0.7083333333333334,7.0,2.0
9794,2018-02-11,217,216,0,0,3.0,0.8,0.8,1.4,1.4,0.2,3,0,3.6666666666666665,0.0,Draw,1.7615058732600002,0.64691700808,14.4,7.2,64.167137554099,0.8570560380381063,4.6,1.4,0.0,2.0,0.6,0.0,0.0,29.0,0.8627450980392157,0.6938775510204082,7.0,2.0,0.9654305595333332,0.9735610083333333,12.0,4.666666666666667,43.525602203550704,0.7227507706749267,3.333333333333333,5.333333333333333,0.3333333333333333,1.0,0.8,0.0,2.0,0.0,0.3,0.1578947368421052,148.0,0.0
9799,2018-02-17,322,217,0,0,1.2,3.8,0.0,2.4,0.8,0.6,0,5,5.0,0.0,Away Win,1.2082263428250002,2.75656386475,12.25,5.5,41.36241266832259,0.6854394444392148,5.75,2.75,0.0,0.0,0.8,0.0,4.0,0.0,0.4,0.1428571428571428,151.0,0.0,1.47876542526,0.5890427703800001,13.8,6.8,65.7216308513598,0.8469834699229205,5.8,1.8,0.0,2.0,0.6,0.0,0.0,30.0,0.8461538461538461,0.6938775510204082,6.0,2.0
9811,2018-02-24,217,211,0,0,2.0,0.4,0.6,0.0,3.0,0.0,1,0,3.0,2.0689669277,Home Win,1.80955529126,0.55364773158,13.6,7.0,66.39217132006543,0.8412388916096676,5.2,1.6,0.0,3.0,0.4,1.0,0.0,31.0,0.8461538461538461,0.7,7.0,2.0,1.0864782077,0.98248872,14.0,2.0,39.61303462321793,0.7377892030848329,9.0,3.0,0.0,0.0,0.0,0.0,1.0,0.0,0.0,0.0,154.0,0.0
9827,2018-03-01,208,217,0,0,0.4,3.2,0.0,2.2,0.6,0.6,0,6,3.8333333333333335,0.0,Draw,0.8827122736249999,2.6306389122,10.25,3.5,48.98081231177476,0.8342951713231079,3.25,1.5,0.0,1.0,0.4,0.0,4.0,0.0,0.4,0.1818181818181818,151.0,0.0,1.89458702846,0.6370294147800001,15.0,7.6,68.40077875712308,0.8476303571331003,5.8,1.4,0.0,2.0,0.6,2.0,0.0,32.0,0.8490566037735849,0.7,5.0,2.0
9837,2018-03-04,217,212,0,0,2.0,0.6,0.4,1.2,1.0,0.2,3,0,2.6,0.0,Home Win,1.6558744104000005,0.7286053622,13.4,6.2,65.95564050679697,0.8461961980718227,5.4,2.0,0.0,2.0,0.6,0.0,0.0,33.0,0.8490566037735849,0.6862745098039216,3.0,2.0,1.8084053216,2.22617425332,12.0,4.8,39.63986187952377,0.7498264920996695,4.0,3.4,0.0,1.0,0.8,0.0,0.0,1.0,0.7142857142857143,0.5909090909090909,141.0,0.0
9855,2018-03-18,217,215,0,0,2.0,0.4,0.6,0.6,1.4,0.2,5,1,2.333333333333333,0.0,Home Win,1.7081412017399995,0.6544185796599999,14.2,6.6,63.046648208712455,0.8492431927119451,6.4,1.8,0.0,3.0,0.4,1.0,0.0,34.0,0.8518518518518519,0.6862745098039216,14.0,1.0,1.1278272471250002,1.6671079728249998,12.5,4.75,45.78439129280542,0.7691783346442276,4.75,2.5,0.25,1.0,0.2,0.0,3.0,0.0,0.5454545454545454,0.35,141.0,0.0
9860,2018-03-31,213,217,0,0,0.8,2.8,0.0,2.4,0.4,0.8,1,4,3.0,0.0,Draw,0.934700898175,1.67872853525,9.5,3.75,46.52143380490717,0.8054727432055829,4.0,2.25,0.5,0.0,0.8,0.0,6.0,0.0,0.7,0.0,147.0,0.0,1.82293183254,0.70249907036,15.0,7.2,59.100913241385,0.8477256498472225,5.8,1.8,0.0,3.0,0.4,2.0,0.0,35.0,0.8545454545454545,0.6862745098039216,13.0,1.0
9870,2018-04-07,217,205,0,0,2.4,0.8,0.6,0.6666666666666666,3.333333333333333,0.0,3,0,4.0,3.5757318074,Home Win,1.67132580614,1.08831281482,17.0,7.8,60.30849465080127,0.8560924503826979,7.6,1.6,0.0,2.0,0.6,0.0,0.0,36.0,0.8545454545454545,0.6730769230769231,7.0,1.0,1.1569468891666668,2.4187849182333334,15.0,6.0,33.79132737896882,0.7075234774373813,4.0,2.6666666666666665,0.0,0.0,0.6666666666666666,0.0,3.0,0.0,0.0,0.0,140.0,0.0
9880,2018-04-14,217,207,0,0,1.8,0.8,0.6,1.4,2.4,0.0,2,1,3.6,0.0,Home Win,1.5899583277400002,1.0664467184200002,15.2,6.6,61.499416218894055,0.8564342312947645,7.6,1.8,0.0,2.0,0.6,1.0,0.0,37.0,0.8571428571428571,0.6730769230769231,7.0,2.0,0.981557813,1.910816835275,7.5,2.5,38.11627854904937,0.7211908593193662,3.25,3.75,0.25,0.0,0.8,0.0,0.0,1.0,0.2857142857142857,0.25,139.0,0.0
9889,2018-04-17,209,217,0,0,0.8,2.2,0.2,2.0,0.8,0.8,1,2,5.25,0.0,Draw,0.8741842211333332,2.4332431823333334,8.0,3.6666666666666665,45.18290386463751,0.7832862313121831,2.0,4.666666666666667,0.0,1.0,0.4,0.0,0.0,1.0,0.4736842105263157,0.3809523809523809,136.0,0.0,1.70731082154,1.2624837966400002,15.6,7.2,61.18328591551453,0.8617020842456073,7.6,1.6,0.0,2.0,0.6,2.0,0.0,38.0,0.8596491228070176,0.6730769230769231,3.0,2.0
9912,2018-04-29,219,217,0,0,0.8,2.2,0.4,2.2,1.2,0.6,1,3,4.6,0.0,Away Win,0.7428391915499999,3.27000043,10.25,3.25,38.0823833009835,0.7645763612731895,3.25,1.5,0.25,1.0,0.2,0.0,1.0,0.0,0.25,0.1904761904761904,133.0,0.0,1.9154422786,1.70562755578,15.0,7.4,60.11023104730864,0.8530411205584564,5.8,1.2,0.2,1.0,0.8,0.0,0.0,39.0,0.8596491228070176,0.660377358490566,12.0,1.0
9924,2018-05-06,217,220,0,0,2.6,1.6,0.6,1.6,1.8,0.2,4,1,3.333333333333333,0.0,Draw,2.2492177444,2.02681494278,15.8,7.4,60.808916417893066,0.8595140416893059,6.0,1.0,0.2,0.0,1.0,1.0,0.0,40.0,0.8596491228070176,0.6666666666666666,7.0,1.0,2.5551120966000003,2.4868942615000003,19.6,8.2,47.2210020510651,0.8265051600392743,5.8,3.2,0.4,0.0,0.8,0.0,1.0,0.0,0.7391304347826086,0.5909090909090909,134.0,0.0
9928,2018-05-09,217,222,0,0,2.6,1.6,0.6,0.4,2.2,0.0,3,0,3.2,0.0,Home Win,2.0415219432,1.85834636412,14.0,6.4,58.94939781418842,0.8604415612915244,5.4,1.6,0.4,0.0,1.0,0.0,0.0,41.0,0.8448275862068966,0.6666666666666666,3.0,2.0,0.5874675715,2.213536559,8.25,4.25,38.957492448505405,0.7844376419478994,2.0,2.5,0.25,0.0,0.4,0.0,2.0,0.0,0.5714285714285714,0.3,150.0,0.0
9948,2018-05-20,217,210,0,0,3.0,1.6,0.6,1.6,1.8,0.4,3,1,3.6,0.0,Home Win,2.1763699062,1.97815832292,14.2,6.4,56.54168087284654,0.8625590219554183,5.2,1.2,0.4,0.0,1.0,1.0,0.0,42.0,0.847457627118644,0.6666666666666666,11.0,2.0,1.10652229635,1.26892181975,15.0,6.25,49.5390030588509,0.7955519678887764,6.25,2.0,0.0,1.0,0.8,0.0,2.0,0.0,0.3333333333333333,0.3,126.0,0.0
18245,2018-05-26,220,24,0,0,1.8,2.0,0.2,1.75,2.75,0.0,0,0,0.0,0.0,Home Win,1.60804158688,1.5551264881,16.8,6.8,47.7867628661666,0.8404383496944468,5.4,3.0,0.4,0.0,0.8,0.0,0.0,1.0,0.7391304347826086,0.5652173913043478,20.0,0.0,2.2779054416,2.34758963955,15.5,5.75,47.10974267821259,0.7256557957987566,7.25,1.75,0.0,0.0,1.0,0.0,1.0,0.0,0.0,0.0,4021.0,0.0
7525,2018-06-14,796,799,0,0,0.0,0.0,0.0,0.0,0.0,0.0,0,0,0.0,0.0,Home Win,0.0,0.0,0.0,0.0,0.0,0.0,0.0,0.0,0.0,0.0,0.0,0.0,0.0,0.0,0.0,0.0,0.0,0.0,0.0,0.0,0.0,0.0,0.0,0.0,0.0,0.0,0.0,0.0,0.0,0.0,0.0,0.0,0.0,0.0,0.0,0.0
7577,2018-06-15,788,797,0,0,0.0,0.0,0.0,0.0,0.0,0.0,0,0,0.0,0.0,Away Win,0.0,0.0,0.0,0.0,0.0,0.0,0.0,0.0,0.0,0.0,0.0,0.0,0.0,0.0,0.0,0.0,0.0,0.0,0.0,0.0,0.0,0.0,0.0,0.0,0.0,0.0,0.0,0.0,0.0,0.0,0.0,0.0,0.0,0.0,0.0,0.0
7576,2018-06-15,780,772,0,0,0.0,0.0,0.0,0.0,0.0,0.0,0,0,0.0,0.0,Draw,0.0,0.0,0.0,0.0,0.0,0.0,0.0,0.0,0.0,0.0,0.0,0.0,0.0,0.0,0.0,0.0,0.0,0.0,0.0,0.0,0.0,0.0,0.0,0.0,0.0,0.0,0.0,0.0,0.0,0.0,0.0,0.0,0.0,0.0,0.0,0.0
7578,2018-06-15,774,783,0,0,0.0,0.0,0.0,1.0,3.0,0.0,0,0,0.0,0.0,Away Win,0.0,0.0,0.0,0.0,0.0,0.0,0.0,0.0,0.0,0.0,0.0,0.0,0.0,0.0,0.0,0.0,0.0,0.0,0.8424569193,1.4168333882999995,18.0,5.0,42.89127837514934,0.7604456824512534,2.0,3.0,0.0,0.0,1.0,0.0,1.0,0.0,0.0,0.0,17530.0,0.0
7530,2018-06-16,771,792,0,0,2.0,5.0,0.0,0.0,0.0,0.0,0,0,0.0,0.0,Home Win,1.4712429085,4.815325868,15.0,7.0,45.13888888888889,0.6717948717948717,5.0,0.0,0.0,0.0,1.0,0.0,1.0,0.0,0.0,0.0,21907.0,0.0,0.0,0.0,0.0,0.0,0.0,0.0,0.0,0.0,0.0,0.0,0.0,0.0,0.0,0.0,0.0,0.0,0.0,0.0
7532,2018-06-16,784,776,0,0,2.0,4.0,0.0,0.0,0.0,0.0,0,0,0.0,0.0,Away Win,0.9219819954,3.6555787996000007,19.0,8.0,48.40698869475848,0.8428874734607219,6.0,0.0,0.0,0.0,1.0,0.0,1.0,0.0,0.0,0.0,17534.0,0.0,0.0,0.0,0.0,0.0,0.0,0.0,0.0,0.0,0.0,0.0,0.0,0.0,0.0,0.0,0.0,0.0,0.0,0.0
7529,2018-06-16,785,775,0,0,0.0,0.0,0.0,0.0,0.0,0.0,0,0,0.0,0.0,Home Win,0.0,0.0,0.0,0.0,0.0,0.0,0.0,0.0,0.0,0.0,0.0,0.0,0.0,0.0,0.0,0.0,0.0,0.0,0.0,0.0,0.0,0.0,0.0,0.0,0.0,0.0,0.0,0.0,0.0,0.0,0.0,0.0,0.0,0.0,0.0,0.0
7531,2018-06-16,779,793,0,0,1.6,1.4,0.8,0.0,0.0,0.0,0,0,0.0,0.0,Draw,1.1805508656,1.52488791626,10.4,3.8,46.5359503858345,0.7784896401020285,4.6,2.0,0.0,2.0,0.4,4.0,0.0,4.0,1.0,0.5,10219.0,0.0,0.0,0.0,0.0,0.0,0.0,0.0,0.0,0.0,0.0,0.0,0.0,0.0,0.0,0.0,0.0,0.0,0.0,0.0
7533,2018-06-17,781,773,0,0,2.2,1.4,0.6,0.0,0.0,0.0,0,0,0.0,0.0,Draw,2.1160402428,1.03529382364,22.2,6.2,55.66782989453965,0.833413458100565,5.8,1.4,0.4,0.0,0.6,0.0,2.0,0.0,0.9,0.0,10220.0,0.0,0.0,0.0,0.0,0.0,0.0,0.0,0.0,0.0,0.0,0.0,0.0,0.0,0.0,0.0,0.0,0.0,0.0,0.0
7534,2018-06-17,770,794,0,0,1.3333333333333333,1.6666666666666667,0.3333333333333333,0.0,2.0,0.0,0,0,0.0,0.0,Away Win,1.553640026,1.4694248343333332,16.666666666666668,3.6666666666666665,52.62178871358163,0.7550705965639218,8.666666666666666,1.0,0.0,0.0,0.6666666666666666,0.0,1.0,0.0,0.0,0.3333333333333333,11676.0,0.0,0.8955184839999999,2.359789981,9.0,4.0,45.908607863974495,0.7453703703703703,2.0,1.0,0.0,0.0,0.0,0.0,1.0,0.0,0.0,0.0,20472.0,0.0
7535,2018-06-17,795,786,0,0,0.0,0.0,0.0,0.0,0.0,0.0,0,0,0.0,0.0,Away Win,0.0,0.0,0.0,0.0,0.0,0.0,0.0,0.0,0.0,0.0,0.0,0.0,0.0,0.0,0.0,0.0,0.0,0.0,0.0,0.0,0.0,0.0,0.0,0.0,0.0,0.0,0.0,0.0,0.0,0.0,0.0,0.0,0.0,0.0,0.0,0.0
7536,2018-06-18,782,798,0,0,0.0,2.0,0.0,0.0,0.0,0.0,0,0,0.0,0.0,Home Win,1.0339213911999998,1.8216716500000003,21.0,3.0,46.63518299881936,0.7721518987341772,5.0,1.0,0.0,0.0,0.0,0.0,1.0,0.0,0.0,0.0,11681.0,0.0,0.0,0.0,0.0,0.0,0.0,0.0,0.0,0.0,0.0,0.0,0.0,0.0,0.0,0.0,0.0,0.0,0.0,0.0
7538,2018-06-18,790,791,0,0,1.0,2.5,0.0,0.0,0.0,0.0,0,0,0.0,0.0,Home Win,0.735319185,2.9571195493,7.0,3.0,41.89968643600199,0.6614847862667305,5.0,2.0,0.0,1.0,0.5,0.0,0.0,1.0,0.0,0.0,16070.0,0.0,0.0,0.0,0.0,0.0,0.0,0.0,0.0,0.0,0.0,0.0,0.0,0.0,0.0,0.0,0.0,0.0,0.0,0.0
7537,2018-06-18,777,768,0,0,0.0,0.0,0.0,0.5,1.5,0.0,0,0,0.0,0.0,Away Win,0.0,0.0,0.0,0.0,0.0,0.0,0.0,0.0,0.0,0.0,0.0,0.0,0.0,0.0,0.0,0.0,0.0,0.0,1.21149165745,1.24075509575,16.5,4.5,49.09209173172387,0.7658723546075654,5.0,1.0,0.0,0.0,0.5,0.0,2.0,0.0,0.0,0.0,11684.0,0.0
7541,2018-06-19,769,778,0,0,0.0,0.0,0.0,0.0,0.0,0.0,0,0,0.0,0.0,Away Win,0.0,0.0,0.0,0.0,0.0,0.0,0.0,0.0,0.0,0.0,0.0,0.0,0.0,0.0,0.0,0.0,0.0,0.0,0.0,0.0,0.0,0.0,0.0,0.0,0.0,0.0,0.0,0.0,0.0,0.0,0.0,0.0,0.0,0.0,0.0,0.0
7540,2018-06-19,796,774,0,0,5.0,0.0,1.0,0.0,1.0,0.0,0,0,0.0,0.0,Home Win,1.2816009420000003,0.2488064999999999,14.0,7.0,40.41666666666666,0.7010309278350515,6.0,1.0,0.0,1.0,0.0,1.0,0.0,1.0,1.0,0.0,5.0,1.0,0.364488455,1.940818593,8.0,3.0,42.94871794871795,0.7334754797441365,0.0,1.0,0.0,0.0,0.0,0.0,1.0,0.0,0.0,0.0,4.0,1.0
7539,2018-06-19,789,787,0,0,0.0,0.0,0.0,0.0,0.0,0.0,0,0,0.0,0.0,Away Win,0.0,0.0,0.0,0.0,0.0,0.0,0.0,0.0,0.0,0.0,0.0,0.0,0.0,0.0,0.0,0.0,0.0,0.0,0.0,0.0,0.0,0.0,0.0,0.0,0.0,0.0,0.0,0.0,0.0,0.0,0.0,0.0,0.0,0.0,0.0,0.0
7544,2018-06-20,783,799,0,0,1.0,1.5,0.5,0.0,5.0,0.0,0,0,0.0,0.0,Home Win,1.39163775615,0.8906609216499998,17.0,4.5,49.97128021321569,0.7919403372127856,3.5,1.5,0.0,1.0,0.5,1.0,0.0,1.0,0.0,0.5,5.0,1.0,0.2488064999999999,1.2816009420000003,6.0,0.0,59.583333333333336,0.8006993006993007,2.0,1.0,0.0,0.0,0.0,0.0,1.0,0.0,0.0,0.0,6.0,1.0
7542,2018-06-20,780,788,0,0,3.0,3.0,0.0,0.0,1.0,0.0,0,0,0.0,0.0,Home Win,1.4345957890000005,1.6609466704999998,10.0,3.0,33.21917808219178,0.8195876288659794,3.0,1.0,0.0,0.0,1.0,0.0,0.0,1.0,0.0,0.0,5.0,1.0,1.0591950265,0.6975558776999999,14.0,3.0,64.82213438735178,0.806910569105691,5.0,1.0,0.0,0.0,0.0,0.0,1.0,0.0,0.0,0.0,5.0,1.0
7543,2018-06-20,797,772,0,0,1.0,0.0,1.0,3.0,3.0,0.0,0,0,0.0,0.0,Away Win,0.6975558776999999,1.0591950265,8.0,2.0,35.177865612648226,0.5393258426966292,2.0,3.0,0.0,1.0,0.0,1.0,0.0,1.0,0.0,1.0,5.0,1.0,1.6609466704999998,1.4345957890000005,12.0,5.0,66.78082191780823,0.9153846153846154,5.0,1.0,0.0,0.0,1.0,0.0,0.0,1.0,0.0,0.0,5.0,1.0
7547,2018-06-21,776,792,0,0,1.0,0.0,1.0,1.0,2.0,0.0,0,0,0.0,0.0,Draw,1.121567638,1.926378192,11.0,3.0,48.028673835125446,0.7512437810945274,7.0,2.0,0.0,1.0,0.0,1.0,0.0,1.0,0.0,1.0,5.0,1.0,0.980031062,1.561557064,5.0,2.0,44.71299093655589,0.7702702702702703,1.0,3.0,0.0,0.0,1.0,0.0,1.0,0.0,0.0,0.0,5.0,1.0
7546,2018-06-21,771,784,0,0,2.0,3.0,0.5,1.0,2.5,0.0,0,0,0.0,0.0,Home Win,1.5163999862500002,2.8976784650000003,13.5,5.5,50.2129489761665,0.7411797674092756,5.0,0.5,0.0,0.0,1.0,1.0,0.0,1.0,1.0,0.0,5.0,1.0,1.4241800937,2.3885732188000004,18.0,7.0,50.18915742981652,0.8202943114430046,4.5,0.5,0.0,0.0,0.5,0.0,2.0,0.0,0.0,0.0,5.0,1.0
7545,2018-06-21,779,785,0,0,1.8,0.8,0.8,2.0,0.0,1.0,0,0,0.0,0.0,Away Win,1.57025284334,1.23786613264,15.4,5.0,53.73519137255177,0.799408813976516,6.4,1.8,0.0,2.0,0.6,0.0,0.0,5.0,0.75,0.5,5.0,1.0,1.694466634,0.7623215977000002,11.0,2.0,54.20258620689656,0.7733598409542743,6.0,2.0,0.0,1.0,0.0,1.0,0.0,1.0,1.0,0.0,5.0,1.0
7548,2018-06-22,781,795,0,0,1.6,1.2,0.4,0.0,1.0,0.0,0,0,0.0,0.0,Home Win,1.7582424416799998,0.94531875482,20.4,4.6,56.306779459749976,0.832549167515159,5.6,1.6,0.4,0.0,0.6,0.0,0.0,1.0,0.8181818181818182,0.0,5.0,1.0,0.5960217237,1.992569004,10.0,3.0,52.28260869565218,0.7817047817047817,5.0,2.0,0.0,0.0,0.0,0.0,1.0,0.0,0.0,0.0,5.0,1.0
7550,2018-06-22,786,773,0,0,1.0,0.0,1.0,1.0,1.0,0.0,0,0,0.0,0.0,Away Win,1.992569004,0.5960217237,12.0,2.0,47.71739130434783,0.7630979498861048,4.0,2.0,0.0,1.0,0.0,1.0,0.0,1.0,0.0,1.0,5.0,1.0,0.4721066513,1.866589794,7.0,2.0,45.21224086870681,0.7925764192139738,2.0,2.0,0.0,0.0,1.0,0.0,0.0,1.0,0.0,0.0,5.0,1.0
7549,2018-06-22,775,793,0,0,0.0,2.0,0.0,1.0,1.0,0.0,0,0,0.0,0.0,Home Win,0.7623215977000002,1.694466634,13.0,2.0,45.797413793103445,0.7505882352941177,4.0,1.0,0.0,0.0,0.0,0.0,1.0,0.0,0.0,0.0,6.0,1.0,1.0321244945,2.0805182487,9.0,2.0,21.96078431372549,0.6116071428571429,2.0,0.0,0.0,0.0,1.0,0.0,0.0,1.0,0.0,0.0,6.0,1.0
7553,2018-06-23,791,794,0,0,0.0,1.0,0.0,0.5,1.0,0.5,0,0,0.0,0.0,Away Win,0.414372021,2.015124456,5.0,0.0,44.470314318975554,0.756544502617801,5.0,2.0,0.0,0.0,0.0,0.0,1.0,0.0,0.0,0.0,5.0,1.0,0.9444036255,2.3295244151,10.5,4.0,40.13351920240082,0.753858024691358,1.5,1.5,0.0,1.0,0.0,1.0,0.0,1.0,0.0,0.5,6.0,1.0
7552,2018-06-23,782,777,0,0,1.5,1.0,0.5,1.0,2.0,0.0,0,0,0.0,0.0,Home Win,1.1229882730999998,1.2235133150000002,18.0,4.5,54.63175987723309,0.8065677526457771,7.0,2.0,0.0,1.0,0.0,1.0,0.0,1.0,1.0,0.0,5.0,1.0,0.945653212,2.6264497449999995,6.0,1.0,39.23240938166311,0.7744565217391305,2.0,0.0,0.0,0.0,1.0,0.0,1.0,0.0,0.0,0.0,5.0,1.0
7551,2018-06-23,770,790,0,0,1.0,1.5,0.25,1.0,1.6666666666666667,0.3333333333333333,0,0,0.0,0.0,Home Win,1.7400447318,1.3503908175,19.0,5.0,55.87673389997944,0.7767229797331191,8.0,1.25,0.0,0.0,0.5,0.0,2.0,0.0,0.0,0.3333333333333333,6.0,1.0,1.161920942,2.1095370398666664,10.0,3.333333333333333,46.44301951767613,0.7002491167704129,5.333333333333333,1.6666666666666667,0.0,2.0,0.3333333333333333,1.0,0.0,2.0,1.0,0.0,5.0,1.0
7556,2018-06-24,778,787,0,0,2.0,1.0,1.0,2.0,1.0,1.0,0,0,0.0,0.0,Draw,2.32067396,0.8062560289999999,14.0,6.0,59.88593155893536,0.8412698412698413,6.0,0.0,0.0,0.0,1.0,1.0,0.0,1.0,0.0,1.0,5.0,1.0,1.427750634,1.042323384,7.0,1.0,39.50361944157187,0.7486910994764397,3.0,1.0,0.0,0.0,1.0,1.0,0.0,1.0,0.0,1.0,5.0,1.0
7554,2018-06-24,768,798,0,0,1.0,1.3333333333333333,0.3333333333333333,0.0,3.0,0.0,0,0,0.0,0.0,Home Win,1.6831443532999997,1.1423878011666666,17.0,5.333333333333333,52.98392469392821,0.7936225054108915,5.666666666666667,1.0,0.0,0.0,0.6666666666666666,1.0,0.0,1.0,0.0,0.3333333333333333,6.0,1.0,0.62535498,1.212055155,7.0,2.0,37.37166324435318,0.7802197802197802,3.0,5.0,0.0,0.0,0.0,0.0,1.0,0.0,0.0,0.0,6.0,1.0
7555,2018-06-24,789,769,0,0,1.0,2.0,0.0,1.0,2.0,0.0,0,0,0.0,0.0,Away Win,1.042323384,1.427750634,10.0,3.0,60.49638055842813,0.8239316239316239,3.0,1.0,0.0,0.0,1.0,0.0,1.0,0.0,0.0,0.0,5.0,1.0,0.8062560289999999,2.32067396,10.0,3.0,40.11406844106464,0.7440758293838863,3.0,2.0,1.0,0.0,1.0,0.0,1.0,0.0,0.0,0.0,5.0,1.0
7558,2018-06-25,783,796,0,0,1.0,1.0,0.6666666666666666,4.0,0.5,1.0,0,0,0.0,0.0,Home Win,1.5302208144333331,0.6849358918666665,16.0,4.0,48.86974236436601,0.8078036690355296,3.333333333333333,1.0,0.0,2.0,0.3333333333333333,2.0,0.0,2.0,1.0,0.5,5.0,2.0,1.1313758695000002,0.9731623765,13.0,5.5,44.76143533123028,0.6941985474293031,6.5,1.5,0.0,1.0,0.5,2.0,0.0,2.0,1.0,0.0,6.0,2.0
7557,2018-06-25,797,780,0,0,0.5,0.5,0.5,2.0,1.5,0.5,0,0,0.0,0.0,Draw,0.56200755685,1.6280747050000004,7.0,1.0,29.74106638702912,0.5711896389055665,2.0,2.5,0.0,1.0,0.0,0.0,1.0,0.0,0.0,1.0,5.0,2.0,1.1597910160000002,1.558024772,11.0,2.5,38.27989471795178,0.7636980965488587,4.0,1.0,0.0,1.0,0.5,1.0,0.0,2.0,0.5,0.0,5.0,2.0
7559,2018-06-25,799,774,0,0,0.0,3.0,0.0,0.5,2.0,0.0,0,0,0.0,0.0,Home Win,0.2611461661499999,1.5444939365,7.0,1.0,56.458333333333336,0.8275756777469107,2.0,0.5,0.0,0.0,0.0,0.0,2.0,0.0,0.0,0.0,5.0,2.0,1.031003354,1.460984695,11.5,2.5,46.921256976462026,0.7386385663183492,2.0,1.0,0.0,0.0,0.5,0.0,2.0,0.0,0.0,0.0,6.0,2.0
7560,2018-06-25,772,788,0,0,2.0,1.5,0.5,0.0,1.0,0.0,0,0,0.0,0.0,Draw,1.928950527,0.9305275125000004,15.0,4.0,71.2382773781991,0.8982560331825038,5.5,0.5,0.0,1.0,0.5,1.0,0.0,2.0,0.0,0.5,5.0,2.0,1.25714895,0.7912710603499999,15.5,3.5,60.74076151682,0.7714706988110344,6.0,1.0,0.0,0.0,0.0,0.0,2.0,0.0,0.0,0.0,5.0,2.0
7561,2018-06-26,793,785,0,0,0.5,1.5,0.0,2.5,0.0,1.0,0,0,0.0,0.0,Away Win,1.29214323075,1.6963387873499998,9.5,2.5,30.508041926448,0.6361870522545301,3.5,0.0,0.0,0.0,0.5,0.0,1.0,0.0,0.0,0.0,4.0,2.0,1.7630883430000002,0.9901897703500004,12.5,3.5,47.930082634527885,0.7453186639326346,4.0,3.0,0.0,2.0,0.0,2.0,0.0,2.0,1.0,1.0,5.0,2.0
7563,2018-06-26,776,771,0,0,1.0,0.5,0.5,1.6666666666666667,2.0,0.6666666666666666,0,0,0.0,0.0,Draw,1.068006206,1.6692850415,10.5,4.0,47.65429735277539,0.7898478319698579,5.0,2.0,0.0,1.0,0.5,0.0,0.0,2.0,0.0,1.0,5.0,2.0,1.6317398428333334,2.1401927216666667,13.0,5.0,48.22606228794282,0.7485259752077162,5.0,1.0,0.0,1.0,0.6666666666666666,2.0,0.0,2.0,1.0,0.0,5.0,2.0
7562,2018-06-26,792,784,0,0,1.0,1.5,0.0,0.6666666666666666,2.0,0.0,0,0,0.0,0.0,Away Win,1.1961114765,1.288000919,9.0,3.5,48.71653503306528,0.7997692814765985,3.0,1.5,0.0,0.0,1.0,0.0,0.0,1.0,0.0,0.0,5.0,2.0,1.1578604741333334,2.2131886645333334,16.0,5.333333333333333,52.042008649379206,0.8120696869474046,3.6666666666666665,1.0,0.0,0.0,0.3333333333333333,0.0,3.0,0.0,0.0,0.0,5.0,2.0
7564,2018-06-26,775,779,0,0,1.0,1.0,0.5,1.4,1.2,0.6,0,0,0.0,0.0,Away Win,1.0372404618500002,1.6233143005,15.0,3.0,53.37105712696647,0.7656532858890248,5.0,1.0,0.0,1.0,0.0,1.0,0.0,1.0,1.0,0.0,4.0,2.0,1.4909409839400003,1.42712329206,14.4,5.0,55.19563117731825,0.7956491634279584,6.6,2.4,0.0,2.0,0.4,0.0,1.0,0.0,0.6,0.5,5.0,2.0
7565,2018-06-27,786,781,0,0,1.0,1.0,0.5,1.4,1.0,0.4,0,0,0.0,0.0,Away Win,1.573027141,1.0766652066,12.0,2.5,43.11507745017613,0.7605115109661071,3.5,3.0,0.0,1.0,0.5,0.0,1.0,0.0,0.0,1.0,5.0,2.0,2.09414832372,0.8085660539599999,20.4,4.8,59.25285122673388,0.8360124869014907,6.6,1.8,0.4,1.0,0.4,1.0,0.0,2.0,0.8333333333333334,0.0,5.0,2.0
7568,2018-06-27,773,795,0,0,1.5,1.0,0.5,0.0,1.5,0.0,0,0,0.0,0.0,Draw,1.0147076704,1.510037536,13.0,3.5,53.349738636351184,0.817768354011319,4.5,1.5,0.0,0.0,1.0,1.0,0.0,2.0,0.0,0.5,5.0,2.0,0.37735756935,2.54446590125,7.0,1.5,40.22176411794104,0.7394918466347038,3.0,1.5,0.0,0.0,0.0,0.0,2.0,0.0,0.0,0.0,5.0,2.0
7567,2018-06-27,791,770,0,0,0.5,1.5,0.0,1.2,1.4,0.4,0,0,0.0,0.0,Home Win,0.6180826365,1.946338088,11.0,3.0,43.28778873843514,0.7657722513089005,6.0,2.5,0.0,0.0,0.5,0.0,2.0,0.0,0.0,0.0,4.0,2.0,1.65565275184,1.243345993,18.8,5.0,59.78542073342893,0.793801782115186,7.4,1.2,0.0,0.0,0.6,1.0,0.0,1.0,0.5,0.3333333333333333,4.0,2.0
7566,2018-06-27,794,790,0,0,1.0,1.0,0.6666666666666666,1.0,1.75,0.25,0,0,0.0,0.0,Away Win,1.2554529903333334,1.8269473607333333,11.666666666666666,4.333333333333333,46.0539250823023,0.7867471006359895,2.333333333333333,1.0,0.0,1.0,0.3333333333333333,2.0,0.0,2.0,0.0,0.6666666666666666,4.0,2.0,1.07523238025,1.9116739879,9.25,4.0,40.97722262145038,0.700400512791485,4.75,1.75,0.0,2.0,0.5,0.0,1.0,0.0,1.0,0.0,4.0,2.0
7569,2018-06-28,798,777,0,0,0.5,4.5,0.0,1.5,3.5,0.0,0,0,0.0,0.0,Away Win,0.8526968659,2.190188093,7.5,2.0,38.72531829542437,0.8199128457749147,2.5,4.0,0.0,0.0,0.5,0.0,2.0,0.0,0.0,0.0,4.0,2.0,1.0669156473,3.9814359749999992,11.5,3.0,44.40389046577848,0.7876565263941906,2.0,0.5,0.0,0.0,1.0,0.0,2.0,0.0,0.0,0.0,5.0,2.0
7571,2018-06-28,787,769,0,0,2.0,1.5,0.5,2.0,1.0,0.5,0,0,0.0,0.0,Away Win,1.6530074634999998,1.0122581899999998,11.0,4.0,42.332454882076256,0.7378659579014852,4.0,2.0,0.0,0.0,1.0,0.0,0.0,2.0,0.0,0.5,4.0,2.0,1.09659939315,1.7174358989999998,11.5,3.0,47.56707438117489,0.7616364548379285,4.0,1.0,0.5,1.0,0.5,1.0,0.0,1.0,0.0,1.0,4.0,2.0
7570,2018-06-28,768,782,0,0,2.25,1.25,0.5,2.6666666666666665,1.3333333333333333,0.6666666666666666,0,0,0.0,0.0,Away Win,2.054438522725,1.126800538825,15.5,5.75,54.71820018382227,0.8225644902608046,5.0,1.0,0.0,0.0,0.75,2.0,0.0,2.0,1.0,0.3333333333333333,4.0,2.0,2.5274662503999994,1.2117349042,19.666666666666668,6.666666666666667,53.229382734857445,0.8127995543954304,5.666666666666667,1.3333333333333333,0.0,1.0,0.3333333333333333,2.0,0.0,2.0,1.0,0.0,5.0,2.0
7572,2018-06-28,778,789,0,0,2.0,1.5,0.5,0.5,2.5,0.0,0,0,0.0,0.0,Away Win,1.651433478,1.342260161,10.5,4.5,57.36232061817735,0.8071895424836601,4.0,1.0,0.0,0.0,1.0,0.0,0.0,2.0,0.0,1.0,4.0,2.0,1.0782606109999997,1.40734669565,10.5,2.5,52.7381501185715,0.7914300976800976,5.0,1.5,0.0,0.0,0.5,0.0,2.0,0.0,0.0,0.0,4.0,2.0
7579,2018-06-30,783,780,0,0,1.5,0.75,0.75,1.6666666666666667,1.3333333333333333,0.3333333333333333,0,0,0.0,0.0,Home Win,1.768310843275,0.5587480516499999,16.0,4.5,51.16665555914648,0.8130770863774077,3.5,1.0,0.0,3.0,0.25,3.0,0.0,3.0,1.0,0.5,5.0,2.0,1.2806666189333331,1.564339716,12.333333333333334,3.0,49.685637521979366,0.7916717469055884,4.333333333333333,1.3333333333333333,0.0,1.0,0.6666666666666666,0.0,0.0,3.0,0.5,0.0,5.0,2.0
7580,2018-06-30,771,779,0,0,1.25,1.5,0.5,1.4,1.4,0.6,0,0,0.0,0.0,Home Win,1.328340005875,1.63988406245,12.5,4.75,52.95629023180726,0.7731255257548573,4.25,0.75,0.0,2.0,0.5,0.0,0.0,3.0,1.0,0.0,4.0,3.0,1.29671862574,1.48140805002,12.4,4.4,57.49976701372335,0.788515973868949,6.4,2.8,0.0,1.0,0.6,1.0,0.0,1.0,0.6,0.6666666666666666,4.0,3.0
7582,2018-07-01,772,796,0,0,2.0,1.6666666666666667,0.3333333333333333,2.6666666666666665,1.3333333333333333,0.6666666666666666,0,0,0.0,0.0,Draw,2.1541313846666665,0.9776052333333336,16.0,3.6666666666666665,72.4921849187994,0.8976421363314966,6.0,0.3333333333333333,0.0,1.0,0.6666666666666666,0.0,0.0,3.0,0.0,0.5,6.0,2.0,0.8143120900000002,1.4763018942666666,9.666666666666666,4.0,43.821825172990906,0.7171849965318161,5.0,1.3333333333333333,0.0,1.0,0.3333333333333333,0.0,1.0,0.0,1.0,0.0,6.0,2.0
7581,2018-07-01,785,776,0,0,2.333333333333333,0.3333333333333333,1.0,0.6666666666666666,0.3333333333333333,0.3333333333333333,0,0,0.0,0.0,Draw,1.400035161,1.3710221474000004,12.666666666666666,3.0,52.54615208737579,0.7778759940236255,4.333333333333333,2.333333333333333,0.0,2.0,0.3333333333333333,3.0,0.0,3.0,1.0,1.0,5.0,2.0,0.7583234989333333,1.2522368593333333,8.666666666666666,3.0,42.72054021405006,0.7565847144906265,4.666666666666667,1.6666666666666667,0.0,2.0,0.3333333333333333,0.0,0.0,3.0,0.0,1.0,5.0,2.0
7583,2018-07-02,781,794,0,0,1.0,0.8,0.4,0.75,1.5,0.5,1,0,2.0,3.255308465,Home Win,1.82444577934,0.67118704606,18.0,4.6,59.04865542253807,0.8355332354960876,7.4,1.6,0.4,2.0,0.2,2.0,0.0,3.0,0.8333333333333334,0.5,5.0,2.0,1.344265624675,2.0678322243,14.25,4.0,51.20711047839339,0.7888792231147874,3.5,1.5,0.0,1.0,0.25,0.0,1.0,0.0,0.0,0.6666666666666666,5.0,2.0
7584,2018-07-02,782,778,0,0,2.25,1.0,0.75,1.3333333333333333,1.3333333333333333,0.3333333333333333,0,0,0.0,0.0,Home Win,2.1369332685499995,1.208972770475,18.25,5.75,53.056847762131085,0.8235715462886641,4.75,1.5,0.0,2.0,0.25,3.0,0.0,3.0,1.0,0.5,4.0,3.0,1.3978321781666665,1.241744791,10.666666666666666,4.0,56.25873553796231,0.8169452145802482,4.333333333333333,1.0,0.0,0.0,0.6666666666666666,0.0,1.0,0.0,0.0,1.0,4.0,3.0
7586,2018-07-03,790,773,0,0,1.4,1.4,0.4,1.6666666666666667,1.3333333333333333,0.3333333333333333,0,0,0.0,0.0,Home Win,1.4182832672,1.85147989586,10.4,4.2,39.44844476382697,0.6800054496032667,4.4,1.8,0.0,3.0,0.4,1.0,0.0,1.0,1.0,0.25,6.0,2.0,1.0830315308333331,1.532095919,13.0,3.333333333333333,56.29097866596175,0.8264113956714115,5.0,1.6666666666666667,0.0,0.0,1.0,0.0,0.0,3.0,0.0,0.5,6.0,2.0
7585,2018-07-03,769,768,0,0,1.6666666666666667,0.6666666666666666,0.6666666666666666,1.8,1.2,0.4,0,0,0.0,0.0,Draw,0.8260202187666666,1.2652456239999998,9.0,2.6666666666666665,51.274775028255966,0.7638377510078321,3.6666666666666665,1.0,0.3333333333333333,2.0,0.3333333333333333,2.0,0.0,2.0,0.0,1.0,5.0,3.0,1.88368809204,1.0945072956600002,14.8,4.8,53.26671157826742,0.8261449774226515,5.4,0.8,0.0,0.0,0.6,0.0,1.0,0.0,0.5,0.3333333333333333,5.0,2.0
8650,2018-07-06,781,782,0,0,1.4,0.4,0.6,2.4,1.2,0.8,0,0,0.0,0.0,Away Win,2.29601613882,0.6369691452599999,19.0,6.4,59.10480404667654,0.8416990018517378,8.8,1.4,0.2,3.0,0.2,3.0,0.0,4.0,0.8461538461538461,0.5,4.0,3.0,2.29311295874,1.10593210682,20.2,6.0,53.94315262830952,0.8284365250568213,5.4,1.2,0.0,2.0,0.4,4.0,0.0,4.0,1.0,0.5,4.0,3.0
8649,2018-07-06,783,771,0,0,1.6,0.8,0.8,1.8,1.8,0.6,0,0,0.0,0.0,Away Win,1.50985026282,0.6461137869399999,14.2,4.2,47.517034854557,0.7810458615417887,3.2,0.8,0.0,3.0,0.4,4.0,0.0,4.0,1.0,0.5,6.0,2.0,1.3902774111,1.60121913936,11.8,4.6,50.27463670521982,0.7802147063181716,3.4,1.0,0.0,2.0,0.6,1.0,0.0,4.0,1.0,0.0,6.0,2.0
8652,2018-07-07,796,785,0,0,2.25,1.25,0.5,2.0,0.5,0.75,0,0,0.0,0.0,Draw,1.7458407697500002,2.4468772092,10.25,4.25,38.36198587232578,0.702766048012359,5.0,1.5,0.0,1.0,0.5,0.0,0.0,1.0,1.0,0.0,6.0,2.0,2.57196027025,2.1817652993000003,16.0,5.0,52.752310694745326,0.7777678977733582,4.5,1.75,0.0,2.0,0.5,0.0,0.0,4.0,0.5,1.0,6.0,2.0
8651,2018-07-07,790,768,0,0,1.2,0.4,0.6,2.0,1.2,0.4,0,0,0.0,0.0,Away Win,1.4435183578,1.2898259790400002,11.6,4.2,36.98906278013736,0.6792508973458459,3.4,2.0,0.0,4.0,0.2,2.0,0.0,2.0,1.0,0.25,4.0,3.0,2.80853424964,1.8708587484600003,15.0,5.2,53.84388045970989,0.8191250454829333,6.0,1.0,0.0,0.0,0.8,0.0,0.0,1.0,0.5,0.25,4.0,3.0
8655,2018-07-10,771,782,0,0,1.8,0.8,0.8,2.8,1.0,1.0,0,0,0.0,0.0,Home Win,1.2037854209400003,0.7767930213600001,11.0,3.6,53.5863583833724,0.8028222222590209,3.0,1.4,0.0,3.0,0.4,2.0,0.0,5.0,1.0,0.3333333333333333,4.0,3.0,2.1673799071,1.26343691006,17.6,6.0,53.01306259343114,0.8350451063489469,5.2,1.4,0.0,2.0,0.6,5.0,0.0,5.0,1.0,0.6666666666666666,4.0,3.0
8656,2018-07-11,785,768,0,0,2.0,0.8,0.6,2.2,0.8,0.6,0,0,0.0,0.0,Home Win,3.1711631314,2.74310006384,17.4,5.8,55.18164653559425,0.7796721651706969,5.2,2.2,0.0,2.0,0.6,0.0,0.0,5.0,0.5,0.6666666666666666,4.0,2.0,2.78309659666,1.71477262826,15.0,4.8,55.74455204915745,0.828814135193559,6.0,1.0,0.0,1.0,0.6,1.0,0.0,2.0,0.5,0.4,4.0,3.0
8657,2018-07-14,782,768,0,0,2.2,1.2,0.8,2.0,1.0,0.4,1,0,1.0,2.1660206923,Home Win,2.0383425349,1.4747032668600002,16.4,5.2,53.07325382816036,0.8430923657758342,4.4,1.4,0.0,1.0,0.6,0.0,1.0,0.0,1.0,0.5,4.0,3.0,2.3671394676600004,1.95390587256,13.6,3.6,52.593548594392,0.8090826836596964,5.4,1.0,0.0,1.0,0.6,0.0,1.0,0.0,0.5,0.3333333333333333,3.0,3.0
8658,2018-07-15,771,785,0,0,1.6,0.6,0.8,2.0,1.0,0.6,0,0,0.0,0.0,Home Win,1.22781136094,0.69416046776,12.4,3.8,49.94309798482499,0.804741987201969,2.8,1.6,0.0,4.0,0.2,3.0,0.0,6.0,1.0,0.3333333333333333,5.0,2.0,3.2605336913,2.6999685643,19.6,6.8,55.33861462531299,0.775000196979842,5.6,2.2,0.0,1.0,0.8,1.0,0.0,6.0,0.6666666666666666,0.6666666666666666,4.0,3.0
15946,2018-08-18,217,206,0,0,2.8,1.4,0.6,0.75,2.75,0.25,3,1,3.5,3.0602475615,Home Win,2.1036330176,1.671476413,14.2,5.8,56.41368118938362,0.8639863482643042,4.6,1.4,0.4,1.0,0.8,2.0,0.0,43.0,0.85,0.6666666666666666,90.0,0.0,0.8146604124,2.2455871491,8.0,3.5,26.72411621415954,0.6822074795299309,1.25,1.5,0.0,0.0,0.5,0.0,3.0,0.0,0.0,0.5,202.0,0.0
15956,2018-08-25,901,217,0,0,0.0,0.0,0.0,3.0,1.0,0.8,0,0,0.0,0.0,Away Win,0.0,0.0,0.0,0.0,0.0,0.0,0.0,0.0,0.0,0.0,0.0,0.0,0.0,0.0,0.0,0.0,0.0,0.0,2.2097636266,1.2477562748,16.4,6.4,61.76617186327377,0.8830538686581072,5.4,1.4,0.2,2.0,0.6,3.0,0.0,44.0,0.8524590163934426,0.6666666666666666,7.0,1.0
15973,2018-09-02,217,902,0,0,2.4,0.6,0.8,0.0,0.0,0.0,0,0,0.0,0.0,Home Win,1.722190338,0.8672219216,14.4,5.6,61.97560267836227,0.8733491469743632,6.0,1.4,0.2,3.0,0.4,4.0,0.0,45.0,0.8524590163934426,0.6727272727272727,8.0,1.0,0.0,0.0,0.0,0.0,0.0,0.0,0.0,0.0,0.0,0.0,0.0,0.0,0.0,0.0,0.0,0.0,0.0,0.0
19715,2018-09-09,965,973,0,0,0.0,0.0,0.0,0.0,0.0,0.0,0,0,0.0,0.0,Away Win,0.0,0.0,0.0,0.0,0.0,0.0,0.0,0.0,0.0,0.0,0.0,0.0,0.0,0.0,0.0,0.0,0.0,0.0,0.0,0.0,0.0,0.0,0.0,0.0,0.0,0.0,0.0,0.0,0.0,0.0,0.0,0.0,0.0,0.0,0.0,0.0
19717,2018-09-09,968,966,0,0,0.0,0.0,0.0,0.0,0.0,0.0,0,0,0.0,0.0,Home Win,0.0,0.0,0.0,0.0,0.0,0.0,0.0,0.0,0.0,0.0,0.0,0.0,0.0,0.0,0.0,0.0,0.0,0.0,0.0,0.0,0.0,0.0,0.0,0.0,0.0,0.0,0.0,0.0,0.0,0.0,0.0,0.0,0.0,0.0,0.0,0.0
19718,2018-09-09,969,967,0,0,0.0,0.0,0.0,0.0,0.0,0.0,0,0,0.0,0.0,Home Win,0.0,0.0,0.0,0.0,0.0,0.0,0.0,0.0,0.0,0.0,0.0,0.0,0.0,0.0,0.0,0.0,0.0,0.0,0.0,0.0,0.0,0.0,0.0,0.0,0.0,0.0,0.0,0.0,0.0,0.0,0.0,0.0,0.0,0.0,0.0,0.0
19714,2018-09-09,971,746,0,0,0.0,0.0,0.0,0.0,0.0,0.0,0,0,0.0,0.0,Draw,0.0,0.0,0.0,0.0,0.0,0.0,0.0,0.0,0.0,0.0,0.0,0.0,0.0,0.0,0.0,0.0,0.0,0.0,0.0,0.0,0.0,0.0,0.0,0.0,0.0,0.0,0.0,0.0,0.0,0.0,0.0,0.0,0.0,0.0,0.0,0.0
19716,2018-09-09,974,970,0,0,0.0,0.0,0.0,0.0,0.0,0.0,0,0,0.0,0.0,Home Win,0.0,0.0,0.0,0.0,0.0,0.0,0.0,0.0,0.0,0.0,0.0,0.0,0.0,0.0,0.0,0.0,0.0,0.0,0.0,0.0,0.0,0.0,0.0,0.0,0.0,0.0,0.0,0.0,0.0,0.0,0.0,0.0,0.0,0.0,0.0,0.0
15978,2018-09-15,210,217,0,0,1.2,1.8,0.2,3.6,0.6,1.0,1,4,3.1666666666666665,0.0,Away Win,1.0223261412800002,1.2687575278,14.6,5.4,47.24015248413826,0.8001231663508221,6.6,2.0,0.0,1.0,0.6,0.0,3.0,0.0,0.3333333333333333,0.2857142857142857,118.0,0.0,2.4221906748,0.7670781566,18.2,7.8,65.48675797709801,0.881654469343931,6.6,1.0,0.0,3.0,0.4,5.0,0.0,46.0,0.8548387096774194,0.6727272727272727,13.0,1.0
19722,2018-09-19,970,968,0,0,0.0,4.0,0.0,5.0,0.0,1.0,0,0,0.0,0.0,Away Win,0.907321075,3.166439968,6.0,3.0,32.59176863181313,0.5119453924914675,2.0,1.0,0.0,0.0,0.0,0.0,1.0,0.0,0.0,0.0,10.0,1.0,3.316440227,0.5916091880000001,21.0,8.0,64.91228070175438,0.8139904610492846,9.0,0.0,0.0,1.0,0.0,1.0,0.0,1.0,1.0,0.0,10.0,1.0
19719,2018-09-19,972,974,0,0,0.0,0.0,0.0,4.0,0.0,1.0,0,0,0.0,0.0,Draw,0.0,0.0,0.0,0.0,0.0,0.0,0.0,0.0,0.0,0.0,0.0,0.0,0.0,0.0,0.0,0.0,0.0,0.0,3.166439968,0.907321075,29.0,7.0,67.40823136818688,0.7937293729372937,4.0,0.0,0.0,1.0,0.0,1.0,0.0,1.0,1.0,0.0,10.0,1.0
19720,2018-09-19,973,971,0,0,1.0,0.0,1.0,0.0,0.0,0.0,0,0,0.0,0.0,Draw,0.3947943147,0.8678992910000001,8.0,3.0,41.43258426966292,0.4847457627118644,3.0,0.0,0.0,1.0,0.0,1.0,0.0,1.0,0.0,1.0,10.0,1.0,0.9513358279999998,1.2317235427000002,15.0,6.0,45.51214361140444,0.6983758700696056,5.0,1.0,0.0,1.0,0.0,0.0,0.0,1.0,0.0,0.0,10.0,1.0
19723,2018-09-20,967,746,0,0,0.0,1.0,0.0,0.0,0.0,0.0,0,0,0.0,0.0,Away Win,0.6330055400000001,1.6276351030000002,6.0,1.0,40.082644628099175,0.6984536082474226,2.0,0.0,0.0,0.0,0.0,0.0,1.0,0.0,0.0,0.0,11.0,1.0,1.2317235427000002,0.9513358279999998,16.0,3.0,54.48785638859557,0.7383720930232558,8.0,2.0,0.0,1.0,0.0,0.0,0.0,1.0,0.0,0.0,11.0,1.0
19726,2018-09-23,967,971,0,0,0.0,2.5,0.0,0.0,0.0,0.0,0,0,0.0,0.0,Draw,0.62701777365,1.7788729835,9.0,2.0,39.130469600871294,0.6588714741744728,3.0,0.0,0.0,0.0,0.0,0.0,2.0,0.0,0.0,0.0,3.0,2.0,1.47261116645,0.6350341128500001,20.0,6.5,59.68846332941564,0.7535595197342564,8.0,0.5,0.0,2.0,0.0,0.0,0.0,2.0,0.0,0.0,4.0,2.0
19727,2018-09-23,974,969,0,0,2.0,0.0,0.5,1.0,0.0,1.0,0,0,0.0,0.0,Away Win,2.101852092,0.8140700495,21.0,6.5,60.69976154766383,0.6750904929202597,6.0,0.5,0.0,2.0,0.0,0.0,0.0,2.0,1.0,0.0,4.0,2.0,1.6276351030000002,0.6330055400000001,18.0,4.0,59.917355371900825,0.8068965517241379,5.0,1.0,0.0,1.0,0.0,1.0,0.0,1.0,1.0,0.0,14.0,1.0
19724,2018-09-23,968,972,0,0,6.0,0.0,1.0,0.0,0.0,0.0,0,0,0.0,0.0,Home Win,2.997436484,0.7043189295000001,22.5,9.5,68.60376421336454,0.8223798459092577,9.0,0.5,0.0,2.0,0.0,2.0,0.0,2.0,1.0,1.0,4.0,2.0,0.720819024,1.037264216,9.0,2.0,46.00870827285922,0.4826498422712933,3.0,2.0,0.0,1.0,0.0,0.0,0.0,1.0,0.0,0.0,4.0,1.0
15986,2018-09-23,217,211,0,0,3.0,0.6,1.0,0.5,4.5,0.0,2,0,5.0,2.73888389835,Draw,2.1195963802,0.6990013828,18.0,7.8,67.83973736645608,0.8793245532209115,7.0,1.2,0.0,3.0,0.4,6.0,0.0,47.0,0.8548387096774194,0.6785714285714286,8.0,1.0,0.92577239985,1.8131114985,12.0,3.0,38.5441898954354,0.7583682857529428,6.0,2.0,0.0,0.0,0.5,0.0,2.0,0.0,0.0,0.0,211.0,0.0
19728,2018-09-23,746,973,0,0,2.0,0.0,0.5,0.5,0.0,0.5,0,0,0.0,0.0,Draw,1.58091720335,0.7861829176499999,21.5,5.5,58.15478090747608,0.7680888678282423,8.0,1.0,0.0,2.0,0.0,1.0,0.0,2.0,0.0,0.5,3.0,2.0,0.21656949885,1.4308928979500002,5.0,2.0,33.78390061111804,0.4682416072246581,1.5,0.0,0.0,2.0,0.0,0.0,0.0,2.0,0.0,1.0,4.0,2.0
19725,2018-09-23,965,966,0,0,0.0,1.0,0.0,0.0,5.0,0.0,0,0,0.0,0.0,Away Win,0.8678992910000001,0.3947943147,5.0,2.0,58.56741573033708,0.6139088729016786,6.0,0.0,0.0,0.0,0.0,0.0,1.0,0.0,0.0,0.0,14.0,1.0,0.5916091880000001,3.316440227,9.0,3.0,35.08771929824561,0.6676470588235294,3.0,1.0,0.0,0.0,0.0,0.0,1.0,0.0,0.0,0.0,14.0,1.0
15998,2018-09-26,205,217,0,0,0.75,3.25,0.0,3.2,1.0,0.8,0,4,4.0,3.4049571043,Home Win,1.031644194375,2.373312909925,14.0,4.75,33.22367986602386,0.7119291577856384,3.75,3.0,0.0,0.0,0.75,0.0,4.0,0.0,0.0,0.0,172.0,0.0,2.166473353,0.7757335416,19.8,9.0,68.95017688815008,0.8834037175969423,8.0,1.2,0.2,2.0,0.6,0.0,0.0,48.0,0.8412698412698413,0.6785714285714286,3.0,2.0
16010,2018-09-29,217,215,0,0,2.8,1.4,0.6,0.6,1.8,0.2,6,1,2.2857142857142856,0.0,Draw,1.7449039603999998,0.9314939112,16.6,8.2,68.42125712044624,0.881869602410758,7.6,1.6,0.2,1.0,0.8,0.0,1.0,0.0,0.8412698412698413,0.6666666666666666,3.0,3.0,1.0292489399,1.6391286752599998,12.0,4.4,44.08206571141007,0.7655668829620188,4.8,2.4,0.2,0.0,0.2,0.0,4.0,0.0,0.5454545454545454,0.3333333333333333,195.0,0.0
19731,2018-09-30,972,970,0,0,1.5,2.0,0.0,0.0,5.5,0.0,0,0,0.0,0.0,Home Win,0.8153592786499999,2.845282806,8.5,3.0,44.37277518906119,0.5713741822193905,2.0,1.0,0.0,1.0,0.5,0.0,1.0,0.0,0.0,0.0,7.0,2.0,0.8621748730000001,2.9224363545000003,5.5,2.5,30.148260453419205,0.5333449590194563,1.0,0.5,0.0,0.0,0.0,0.0,2.0,0.0,0.0,0.0,11.0,1.0
19730,2018-09-30,971,965,0,0,0.0,0.0,0.0,0.0,1.0,0.0,0,0,0.0,0.0,Home Win,1.6999742373,0.6004922030666667,20.0,6.333333333333333,59.66410375807197,0.7372343600718473,7.666666666666667,0.3333333333333333,0.0,3.0,0.0,0.0,0.0,3.0,0.0,0.0,7.0,2.0,0.7186921260000001,0.3994360274999999,6.5,2.5,57.79199515798622,0.6528846690089789,5.5,0.0,0.0,0.0,0.0,0.0,2.0,0.0,0.0,0.0,7.0,1.0
19732,2018-09-30,966,974,0,0,0.5,2.5,0.5,1.3333333333333333,0.3333333333333333,0.3333333333333333,0,0,0.0,0.0,Away Win,0.49784346415,1.942962594,8.5,2.5,39.03557235630512,0.6461628610313019,2.5,1.0,0.0,1.0,0.0,1.0,0.0,1.0,0.0,0.5,7.0,1.0,1.995053663666667,1.2297091875,19.33333333333333,5.666666666666667,60.00673758350002,0.6657466031233104,6.0,1.0,0.0,2.0,0.0,0.0,1.0,0.0,0.5,0.0,7.0,2.0
19733,2018-09-30,969,746,0,0,1.0,0.0,1.0,2.0,0.6666666666666666,0.3333333333333333,0,0,0.0,0.0,Away Win,1.84431128325,1.2072311735,18.0,6.5,50.648332858364206,0.6657939548744146,4.5,1.0,0.0,2.0,0.0,2.0,0.0,2.0,1.0,1.0,7.0,1.0,2.4598645136,0.8950225794333333,26.33333333333333,7.333333333333333,63.71609049745717,0.7797795517322381,12.0,1.0,0.0,2.0,0.3333333333333333,0.0,0.0,3.0,0.0,0.5,7.0,2.0
16023,2018-10-07,207,217,0,0,1.2,2.2,0.0,2.8,1.6,0.4,1,3,3.5,0.0,Draw,1.22903646452,1.85501042882,9.4,3.0,35.689428290873806,0.7433163238191293,3.6,3.4,0.2,0.0,0.8,0.0,1.0,0.0,0.2857142857142857,0.238095238095238,176.0,0.0,2.1439083054,0.9608993652,18.4,8.6,69.83310512034859,0.88432532937221,6.4,2.0,0.2,0.0,1.0,0.0,0.0,1.0,0.828125,0.6666666666666666,8.0,3.0
19736,2018-10-14,971,968,0,0,0.5,0.0,0.25,5.333333333333333,1.0,1.0,0,0,0.0,0.0,Away Win,1.830736729625,0.6587720145500001,21.0,7.0,61.25218459473467,0.757824681406918,8.0,0.5,0.0,4.0,0.0,1.0,0.0,4.0,0.5,0.0,14.0,1.0,3.5493914546666665,0.7728457974333334,23.33333333333333,10.0,64.8235621071553,0.8056061717826424,8.333333333333334,0.3333333333333333,0.0,2.0,0.3333333333333333,3.0,0.0,3.0,1.0,1.0,21.0,0.0
19737,2018-10-14,966,970,0,0,0.3333333333333333,2.0,0.3333333333333333,0.3333333333333333,4.333333333333333,0.0,0,0,0.0,0.0,Home Win,0.3915993877666666,1.614407065,7.0,2.333333333333333,37.17009938392123,0.6122098398436527,1.6666666666666667,1.0,0.3333333333333333,1.0,0.0,0.0,1.0,0.0,0.0,0.5,14.0,1.0,1.1256757075,2.7345410100000005,7.0,2.333333333333333,29.616960573087912,0.5131644217730824,0.6666666666666666,0.6666666666666666,0.0,0.0,0.3333333333333333,0.0,3.0,0.0,0.0,0.0,14.0,1.0
19738,2018-10-14,973,969,0,0,1.0,0.6666666666666666,0.3333333333333333,1.3333333333333333,1.0,0.6666666666666666,0,0,0.0,0.0,Away Win,0.5152803002333334,2.35984831,5.333333333333333,2.6666666666666665,30.909697181605576,0.4831012424232763,1.0,0.0,0.0,2.0,0.3333333333333333,0.0,0.0,3.0,0.0,0.5,21.0,0.0,1.4923818838333336,1.3220021838333336,15.0,6.333333333333333,47.67068844228829,0.6712769668010116,3.333333333333333,0.6666666666666666,0.0,2.0,0.3333333333333333,0.0,1.0,0.0,0.5,1.0,14.0,1.0
19734,2018-10-14,967,965,0,0,0.0,1.6666666666666667,0.0,0.0,1.3333333333333333,0.0,0,0,0.0,0.0,Draw,0.5951479769333333,1.904148782,8.666666666666666,2.333333333333333,39.54851819545266,0.6272175742616786,2.6666666666666665,0.0,0.0,1.0,0.0,0.0,0.0,1.0,0.0,0.0,21.0,0.0,0.7569985670000001,1.007298753866667,9.0,4.0,49.85585440374988,0.650765005925422,5.666666666666667,0.0,0.0,0.0,0.0,0.0,3.0,0.0,0.0,0.0,14.0,1.0
19735,2018-10-14,746,972,0,0,2.25,1.0,0.5,1.6666666666666667,1.6666666666666667,0.3333333333333333,0,0,0.0,0.0,Home Win,2.232784436325,0.868397705825,24.0,7.25,62.35821797055877,0.7788145969095465,10.0,1.0,0.0,2.0,0.5,1.0,0.0,4.0,0.0,0.6666666666666666,14.0,1.0,1.3298229594333333,2.447747662833333,12.0,4.333333333333333,53.39706318856568,0.6300800010782558,5.333333333333333,1.3333333333333333,0.0,1.0,0.6666666666666666,1.0,0.0,1.0,0.5,0.0,14.0,1.0
16029,2018-10-20,217,213,0,0,1.4,1.4,0.2,1.0,2.4,0.0,4,1,3.1666666666666665,0.0,Home Win,1.3205837792999997,0.9832146858,14.4,6.6,71.30247486276129,0.8835465936806168,5.0,2.2,0.2,0.0,1.0,0.0,0.0,2.0,0.828125,0.6551724137931034,13.0,1.0,1.269321635,1.7533922412000005,11.8,4.0,44.6533019367753,0.806089906276178,4.2,2.2,0.4,0.0,0.8,0.0,0.0,1.0,0.6666666666666666,0.0,203.0,0.0
19740,2018-10-21,972,966,0,0,1.5,3.0,0.25,0.75,1.75,0.5,0,0,0.0,0.0,Away Win,1.332729254575,2.543169198975,12.0,4.0,51.05029323169048,0.6639588665931909,5.0,1.0,0.0,1.0,0.75,0.0,1.0,0.0,0.5,0.0,7.0,1.0,0.947872471575,1.285050588125,13.25,5.0,43.92100035217494,0.6518265528150704,4.0,1.0,0.25,1.0,0.25,1.0,0.0,1.0,0.5,0.5,7.0,1.0
19743,2018-10-21,969,971,0,0,1.25,0.75,0.75,0.4,1.0,0.2,0,0,0.0,0.0,Draw,1.663831547125,0.991501637875,15.5,5.75,54.129702266205626,0.7118456674336552,4.0,0.75,0.0,3.0,0.25,1.0,0.0,1.0,0.5,1.0,7.0,1.0,1.6349635666999998,0.92364034084,19.4,6.6,60.50334511987719,0.754778263644053,7.0,0.6,0.0,4.0,0.0,0.0,1.0,0.0,0.3333333333333333,0.0,7.0,1.0
19739,2018-10-21,965,746,0,0,0.75,1.75,0.0,3.2,1.0,0.6,0,0,0.0,0.0,Away Win,1.0232057610500005,1.00564824765,9.5,5.0,49.92736857007826,0.6809982827459533,5.5,0.0,0.0,0.0,0.25,0.0,0.0,1.0,0.0,0.0,7.0,1.0,2.35211431054,0.96300779266,22.0,7.8,61.08457770423404,0.7850130445410102,8.8,0.8,0.0,2.0,0.6,2.0,0.0,5.0,0.5,0.6666666666666666,7.0,1.0
19742,2018-10-21,970,973,0,0,0.5,3.75,0.0,0.75,0.75,0.25,0,0,0.0,0.0,Away Win,0.91850207,2.7050786882500004,6.75,2.75,31.16929461558192,0.5161864476429432,1.0,0.5,0.0,0.0,0.5,0.0,4.0,0.0,0.0,0.0,7.0,1.0,0.386460225175,2.31443136675,4.0,2.0,29.80558695171478,0.4968713863629117,0.75,0.0,0.0,2.0,0.25,0.0,1.0,0.0,0.0,0.5,7.0,1.0
19741,2018-10-21,968,974,0,0,5.25,0.75,1.0,1.25,0.25,0.5,0,0,0.0,0.0,Home Win,3.1578220025,0.792602076825,20.5,9.5,59.240674775254654,0.7733775611678089,7.5,0.25,0.0,3.0,0.25,4.0,0.0,4.0,1.0,1.0,7.0,1.0,1.7356142495000002,0.967059699375,18.75,5.5,61.645264827836655,0.6924737043297642,6.25,1.0,0.0,3.0,0.0,1.0,0.0,1.0,0.5,0.5,21.0,0.0
19747,2018-10-26,746,974,0,0,4.4,1.0,0.8,1.0,1.4,0.4,0,0,0.0,0.0,Draw,2.7424962558,1.0575597657400002,23.2,9.2,63.71982495933346,0.804813661599697,7.8,0.4,0.0,2.0,0.6,3.0,0.0,6.0,0.5,0.75,5.0,2.0,1.4704099388,1.6334811510199998,15.8,4.6,58.01383360632368,0.6888747967971447,5.0,1.2,0.0,3.0,0.0,0.0,1.0,0.0,0.5,0.3333333333333333,5.0,1.0
19746,2018-10-28,967,972,0,0,0.75,2.0,0.0,1.2,2.6,0.2,0,0,0.0,0.0,Away Win,0.69653516495,1.8835684223,9.5,3.0,42.12591087932365,0.6611152679827864,2.75,0.25,0.0,1.0,0.25,0.0,0.0,2.0,0.0,0.0,14.0,1.0,1.21318113046,2.5426812197799995,11.4,3.8,53.53022252262621,0.6741328727422333,5.4,1.2,0.0,1.0,0.6,0.0,2.0,0.0,0.3333333333333333,0.0,7.0,2.0
19748,2018-10-28,971,966,0,0,0.4,1.0,0.2,0.8,1.4,0.6,0,0,0.0,0.0,Home Win,1.9989188127,0.6878716807000002,20.8,7.0,59.96640496308487,0.7621904682709084,7.0,0.6,0.0,4.0,0.0,0.0,0.0,1.0,0.3333333333333333,0.0,7.0,2.0,1.26644383786,1.1750381973,12.8,5.4,42.446812344466125,0.6310321993477659,3.6,1.0,0.2,2.0,0.2,2.0,0.0,2.0,0.5,0.6666666666666666,7.0,2.0
19745,2018-10-28,965,970,0,0,0.6,2.6,0.0,0.6,3.4,0.0,0,0,0.0,0.0,Home Win,1.10338374752,1.44124525192,10.2,4.2,46.40907632324407,0.675544894853479,5.4,0.0,0.0,0.0,0.2,0.0,1.0,0.0,0.0,0.0,7.0,2.0,0.8366315818000001,2.45909257106,7.0,3.2,32.44988655951756,0.5021799273451238,1.8,0.4,0.0,0.0,0.6,0.0,5.0,0.0,0.0,0.0,7.0,2.0
19744,2018-10-28,973,968,0,0,1.0,0.8,0.4,5.4,0.6,1.0,0,0,0.0,0.0,Away Win,0.6041978006,1.9533750192,6.2,2.6,36.33001869431981,0.5373119239051442,1.0,0.4,0.0,2.0,0.4,1.0,0.0,1.0,0.0,0.6666666666666666,7.0,2.0,3.38609099352,0.7160002006599999,20.8,9.2,58.69491807614936,0.7722090629623033,7.4,0.2,0.0,4.0,0.2,5.0,0.0,5.0,1.0,1.0,7.0,2.0
19750,2018-11-04,970,967,0,0,0.8,3.0,0.0,0.8,2.0,0.0,0,0,0.0,0.0,Home Win,0.9276050982,2.3443989877800004,7.2,3.2,34.00274945036561,0.4917026135527126,2.0,0.4,0.0,0.0,0.8,0.0,6.0,0.0,0.0,0.0,7.0,2.0,0.6942799334,2.05661108104,9.8,3.2,44.4951212268234,0.6652558507498655,2.8,0.2,0.0,1.0,0.4,0.0,1.0,0.0,0.0,0.0,7.0,1.0
19752,2018-11-04,966,746,0,0,0.8,0.6,0.6,3.8,1.2,0.6,0,0,0.0,0.0,Away Win,1.2191537014600002,0.8820114958999999,12.4,5.6,41.6649306328879,0.6072017842385784,3.0,1.0,0.2,2.0,0.2,0.0,1.0,0.0,0.5,0.5,7.0,2.0,2.66048488268,1.2660724447800005,22.4,9.4,62.71459989616157,0.7892214046683821,7.4,0.4,0.0,1.0,0.8,0.0,0.0,7.0,0.3333333333333333,0.75,9.0,2.0
19751,2018-11-04,972,971,0,0,1.6,2.8,0.4,0.6,1.0,0.4,0,0,0.0,0.0,Away Win,1.61877366886,2.472280178019999,12.8,4.6,53.53408834468987,0.6984150870290914,5.8,1.0,0.0,0.0,0.8,1.0,0.0,1.0,0.3333333333333333,0.3333333333333333,7.0,2.0,1.97040285572,0.7512344453000002,20.2,6.8,58.9577862055286,0.7610478949971876,6.6,0.8,0.0,4.0,0.0,1.0,0.0,2.0,0.5,0.0,7.0,2.0
19749,2018-11-04,968,969,0,0,5.2,0.6,1.0,1.0,0.6,0.6,0,0,0.0,0.0,Home Win,3.5282901131200006,0.61727448506,21.6,10.6,59.704999249231335,0.780877637419113,7.2,0.2,0.0,4.0,0.2,6.0,0.0,6.0,1.0,1.0,7.0,2.0,1.3416412861,1.3474237219000005,12.8,4.6,54.73827324747593,0.7254765339469241,3.6,1.0,0.0,4.0,0.2,0.0,0.0,2.0,0.3333333333333333,1.0,14.0,1.0
19753,2018-11-04,974,973,0,0,0.4,1.6,0.2,0.8,1.6,0.2,0,0,0.0,0.0,Home Win,1.1698406257,1.7560277357,14.4,4.0,53.17307131058686,0.6467529631304021,5.2,1.4,0.0,2.0,0.2,0.0,0.0,1.0,0.5,0.25,9.0,2.0,0.54483505966,2.585282326,5.4,2.0,34.05096452695438,0.5633441378223987,0.4,0.4,0.0,1.0,0.4,0.0,1.0,0.0,0.0,0.6666666666666666,7.0,2.0
16056,2018-11-11,217,218,0,0,1.8,1.6,0.2,1.0,3.0,0.2,5,0,3.8333333333333335,0.0,Away Win,1.52043478956,1.1381268976,16.6,7.2,68.31709758510092,0.8819079258350525,4.8,2.0,0.2,0.0,1.0,1.0,0.0,3.0,0.8307692307692308,0.6551724137931034,22.0,0.0,0.75188358612,1.8437782142,7.6,3.2,41.56054273297271,0.7779443993483485,3.4,1.8,0.0,0.0,0.6,0.0,2.0,0.0,0.2857142857142857,0.238095238095238,294.0,0.0
19761,2018-11-17,973,966,0,0,0.8,2.2,0.2,0.6,1.2,0.4,0,0,0.0,0.0,Home Win,0.60129069946,2.43588807702,6.4,2.0,36.47551981339675,0.5963395869561763,0.8,0.8,0.0,0.0,0.4,0.0,2.0,0.0,0.0,0.5,13.0,1.0,1.1641330432,1.2223209893,11.8,5.6,39.23081643848379,0.610486910486469,2.6,1.0,0.2,1.0,0.2,0.0,2.0,0.0,0.3333333333333333,0.5,13.0,1.0
19763,2018-11-18,969,972,0,0,1.0,1.2,0.4,1.0,2.4,0.4,0,0,0.0,0.0,Home Win,1.0693377451,1.6496411589000002,10.2,4.2,53.304024971023225,0.7255903473741988,3.0,1.2,0.0,3.0,0.4,0.0,1.0,0.0,0.3333333333333333,0.6666666666666666,14.0,1.0,1.5249704672,1.90086674562,12.4,3.8,53.51678673878202,0.7068653564859333,6.2,1.4,0.0,0.0,0.6,0.0,1.0,0.0,0.25,0.3333333333333333,14.0,1.0
19760,2018-11-18,971,970,0,0,1.0,1.0,0.6,1.0,1.6,0.2,0,0,0.0,0.0,Home Win,1.89870962672,0.7331294736000001,19.2,6.6,58.50464246730692,0.7684806014108887,7.0,1.0,0.0,4.0,0.0,2.0,0.0,3.0,0.5,0.25,14.0,1.0,0.81123774498,2.27517218218,7.6,3.6,35.119480936061365,0.4827779999411993,2.0,0.4,0.0,1.0,0.8,1.0,0.0,1.0,0.3333333333333333,0.0,14.0,1.0
19762,2018-11-18,965,974,0,0,1.0,2.6,0.2,1.0,1.6,0.4,0,0,0.0,0.0,Away Win,1.4483982996400002,1.6347241203799996,13.0,5.6,46.62437655996597,0.6846039162930438,5.4,0.2,0.0,0.0,0.4,1.0,0.0,1.0,0.25,0.0,21.0,0.0,1.2117708345,1.6759885073,14.6,4.4,54.72321428820171,0.6872483548354712,4.8,1.2,0.0,2.0,0.2,1.0,0.0,2.0,0.6666666666666666,0.25,14.0,1.0
19759,2018-11-18,967,968,0,0,0.8,2.0,0.0,4.4,0.8,1.0,0,0,0.0,0.0,Away Win,1.034138568,1.77812244142,15.6,5.6,49.82091036050276,0.6807166442518962,4.4,0.2,0.0,1.0,0.4,0.0,2.0,0.0,0.0,0.0,14.0,1.0,3.4214221099200004,0.50709223046,19.8,9.8,54.696726906308925,0.7756887035459684,6.6,0.0,0.0,3.0,0.4,7.0,0.0,7.0,1.0,1.0,14.0,1.0
16073,2018-11-24,212,217,0,0,0.8,1.2,0.0,2.0,2.0,0.2,0,4,2.333333333333333,0.0,Draw,1.5737226464600005,2.35287301446,10.8,4.0,38.91471316479956,0.754601751707037,3.4,3.0,0.0,0.0,0.8,0.0,1.0,0.0,0.7142857142857143,0.5652173913043478,265.0,0.0,2.05447801856,1.3286032098,16.4,6.2,65.81136078818665,0.8682897858416251,5.2,2.0,0.0,0.0,1.0,0.0,1.0,0.0,0.8181818181818182,0.6551724137931034,13.0,1.0
19768,2018-11-25,972,973,0,0,0.6,2.8,0.2,0.8,2.0,0.4,0,0,0.0,0.0,Home Win,1.4523465232,1.94585439232,11.0,3.2,47.01156187811383,0.6944775103131382,4.4,1.2,0.0,0.0,0.4,0.0,2.0,0.0,0.25,0.25,7.0,1.0,0.60675035966,1.814222984,7.0,2.0,39.69939253907136,0.6007061774613808,1.6,1.0,0.0,0.0,0.4,1.0,0.0,1.0,0.25,0.5,8.0,1.0
19765,2018-11-25,966,969,0,0,0.8,1.4,0.4,1.4,1.2,0.4,0,0,0.0,0.0,Away Win,1.3501975300000002,1.2588618287,13.4,6.2,44.28685496046237,0.6329486567932622,3.4,1.2,0.0,1.0,0.4,0.0,3.0,0.0,0.3333333333333333,0.4,8.0,1.0,1.0326633744,1.6924759177000002,9.2,3.6,57.24425992521096,0.7744426894876721,2.6,1.0,0.0,3.0,0.4,1.0,0.0,1.0,0.5,0.6666666666666666,7.0,1.0
19767,2018-11-25,974,967,0,0,1.8,1.6,0.6,0.8,2.0,0.0,0,0,0.0,0.0,Home Win,1.0598016147,1.3212810939,14.8,5.0,55.656734014824885,0.7083703979587702,5.0,1.0,0.0,2.0,0.4,2.0,0.0,3.0,0.6666666666666666,0.4,7.0,1.0,1.12983890914,2.12703547602,14.8,5.6,48.20488067151017,0.662655877680867,3.8,0.4,0.0,1.0,0.4,0.0,3.0,0.0,0.0,0.0,7.0,1.0
19764,2018-11-25,970,746,0,0,0.8,2.2,0.2,4.0,0.8,0.8,0,0,0.0,0.0,Away Win,0.49648877168,2.5762489121,5.8,3.4,35.23111959608712,0.5108939104107829,2.0,0.2,0.2,1.0,0.6,0.0,1.0,0.0,0.3333333333333333,0.0,7.0,1.0,2.27113954146,1.06932695398,18.6,8.2,61.584287072208895,0.7944362152958553,4.6,0.4,0.0,2.0,0.6,1.0,0.0,8.0,0.3333333333333333,0.8,21.0,0.0
19766,2018-11-25,968,965,0,0,4.4,0.2,1.0,1.2,3.2,0.2,0,0,0.0,0.0,Home Win,3.2256970381200007,0.5450186664000001,19.2,10.0,57.22446610162547,0.7825873912581829,7.2,0.0,0.0,4.0,0.2,8.0,0.0,8.0,1.0,1.0,7.0,1.0,1.3919913867400002,1.7582307139199995,12.0,5.4,42.56340398518124,0.6670907189753095,4.6,0.4,0.0,0.0,0.6,0.0,1.0,0.0,0.2,0.0,7.0,1.0
19772,2018-12-02,971,974,0,0,1.6,1.0,0.6,2.0,1.8,0.6,0,0,0.0,0.0,Home Win,2.22693157952,0.5821936858000001,23.0,8.0,59.478846223851534,0.7734164341605236,7.2,1.0,0.0,4.0,0.0,3.0,0.0,4.0,0.6,0.25,14.0,1.0,1.1391690904399998,1.4986753009,14.2,5.0,53.70820106629193,0.6922393963689452,5.4,0.8,0.0,1.0,0.6,3.0,0.0,4.0,0.75,0.4,7.0,2.0
19773,2018-12-02,967,966,0,0,1.0,2.4,0.0,0.4,1.6,0.2,0,0,0.0,0.0,Home Win,1.23677368644,1.96692207736,15.4,5.8,48.76432123095073,0.6693476070041753,3.8,0.8,0.0,0.0,0.6,0.0,4.0,0.0,0.0,0.0,7.0,2.0,0.9029921108,1.4235677952,8.4,4.0,38.01166062287477,0.6165654798306828,1.6,1.0,0.0,1.0,0.2,0.0,4.0,0.0,0.25,0.4,7.0,1.0
19771,2018-12-02,969,970,0,0,1.4,0.6,0.6,0.6,2.6,0.2,0,0,0.0,0.0,Home Win,1.0990609554000002,1.4583000022,10.2,3.8,62.34163368938405,0.8118337538040883,2.8,1.0,0.0,4.0,0.2,2.0,0.0,2.0,0.5,0.75,7.0,2.0,0.70230807518,2.8660845933000005,6.8,3.8,33.84922581807395,0.5195557799422177,2.2,0.2,0.2,1.0,0.4,0.0,2.0,0.0,0.25,0.0,7.0,2.0
19769,2018-12-02,965,972,0,0,1.4,3.6,0.2,0.8,1.4,0.4,0,0,0.0,0.0,Away Win,1.4416944469400002,1.886671896,10.0,4.4,42.15468511888036,0.6733560528223055,3.8,0.4,0.0,0.0,0.8,0.0,2.0,0.0,0.2,0.0,7.0,2.0,1.5141751852,1.44959435584,11.4,3.6,48.992766113959874,0.6832531545276443,3.8,1.2,0.0,1.0,0.2,1.0,0.0,1.0,0.4,0.25,7.0,2.0
19770,2018-12-02,746,968,0,0,4.2,0.4,0.8,4.2,0.4,1.0,0,0,0.0,0.0,Home Win,2.77400472636,1.17683787198,22.2,9.6,64.14400142363658,0.8041502279912344,6.2,0.4,0.0,3.0,0.4,2.0,0.0,9.0,0.3333333333333333,0.8333333333333334,7.0,1.0,3.40212033232,0.5910698334,22.8,11.0,62.33806783296036,0.8166978642911589,8.4,0.0,0.0,3.0,0.4,9.0,0.0,9.0,1.0,1.0,7.0,2.0
16079,2018-12-02,217,222,0,0,2.0,1.8,0.2,0.6,2.8,0.0,4,0,3.6666666666666665,0.0,Home Win,2.00335820956,1.1428148984,16.0,5.6,64.20381260213655,0.8703993693871201,5.8,2.2,0.0,0.0,1.0,0.0,0.0,1.0,0.8181818181818182,0.6440677966101694,8.0,1.0,0.720933238,2.3530565872,10.6,4.8,37.66935685528506,0.7987563392392534,2.4,2.6,0.2,0.0,0.6,0.0,3.0,0.0,0.5714285714285714,0.2857142857142857,207.0,0.0
16086,2018-12-08,214,217,0,0,1.2,3.0,0.2,2.2,1.6,0.4,0,4,3.333333333333333,0.0,Away Win,0.7716194322,1.9458222972,7.0,2.6,34.354176386337414,0.6650341994803854,3.2,4.0,0.0,0.0,0.6,0.0,0.0,1.0,0.4285714285714285,0.1428571428571428,307.0,0.0,1.6694789373600003,1.2252745397999998,15.0,5.6,62.666371320014434,0.8796643594058,7.2,2.0,0.0,1.0,0.8,1.0,0.0,2.0,0.8208955223880597,0.6440677966101694,6.0,2.0
19777,2018-12-09,970,972,0,0,0.6,2.6,0.2,1.0,1.2,0.6,0,1,3.0,4.0114276975,Away Win,0.7433993677799999,2.8426399846400003,6.4,3.4,31.90574613565373,0.5544629417459311,1.4,0.2,0.2,1.0,0.4,0.0,3.0,0.0,0.25,0.0,7.0,2.0,1.54693433452,1.09797554064,11.4,4.0,46.2676904573878,0.6783155440740483,3.4,1.0,0.0,2.0,0.2,2.0,0.0,2.0,0.4,0.4,7.0,2.0
19774,2018-12-09,967,973,0,0,0.8,2.0,0.2,0.8,2.2,0.4,0,0,0.0,0.0,Away Win,1.22130189504,2.03912262752,15.6,6.0,48.460753237294526,0.6519790702221636,3.8,0.6,0.0,0.0,0.6,1.0,0.0,1.0,0.1666666666666666,0.0,7.0,2.0,0.67637708466,1.7087051666000002,8.4,3.0,43.617540378603856,0.6142520798348693,2.0,1.2,0.0,0.0,0.4,0.0,1.0,0.0,0.25,0.4,14.0,1.0
19775,2018-12-09,974,966,0,0,2.0,0.8,0.6,0.4,2.0,0.0,1,0,1.0,1.1364072419999998,Draw,1.1498668774399998,1.0409196439,14.8,5.2,53.47642478696322,0.6748038804959294,6.2,0.4,0.0,1.0,0.6,0.0,1.0,0.0,0.75,0.3333333333333333,7.0,2.0,0.8314122690000001,1.4612376228,9.0,3.6,41.03359876761748,0.6459503460281459,1.6,1.0,0.0,0.0,0.4,0.0,5.0,0.0,0.25,0.3333333333333333,7.0,2.0
19776,2018-12-09,965,971,0,0,0.8,3.2,0.2,1.8,0.0,0.8,0,1,2.0,3.0566356556,Away Win,1.2338560237,1.86628942632,10.6,3.0,42.16139062436593,0.6514173625817286,3.4,0.8,0.0,0.0,0.6,0.0,3.0,0.0,0.1666666666666666,0.0,7.0,2.0,2.4586351310400003,0.2781872828,24.2,8.2,59.51140331503643,0.7600435467099663,7.6,0.8,0.0,5.0,0.0,4.0,0.0,5.0,0.6666666666666666,0.25,7.0,1.0
19778,2018-12-09,746,969,0,0,3.2,0.2,0.8,1.6,0.8,0.6,1,0,5.0,2.3400672895000003,Home Win,2.40697232884,1.15419059118,21.4,8.2,62.94599809584956,0.7965457074508905,5.8,0.4,0.0,4.0,0.2,3.0,0.0,10.0,0.5,0.8333333333333334,7.0,2.0,0.9350098598,1.6012212206,11.0,5.0,62.06931375716072,0.813762453192209,3.2,1.2,0.0,3.0,0.4,3.0,0.0,3.0,0.6,0.75,7.0,2.0
16095,2018-12-16,221,217,0,0,1.2,2.4,0.2,2.8,1.4,0.6,0,3,3.333333333333333,0.0,Away Win,1.13059642422,1.85611677448,10.4,3.6,41.54793900519938,0.7250367289374176,4.8,2.8,0.0,0.0,0.8,0.0,2.0,0.0,0.3684210526315789,0.05,343.0,0.0,2.05273326026,1.1949484242,16.4,6.4,58.69509015729591,0.8724078039990086,7.6,1.6,0.0,2.0,0.6,2.0,0.0,3.0,0.8208955223880597,0.65,8.0,2.0
16109,2018-12-22,217,209,0,0,3.0,1.0,0.6,1.0,2.2,0.2,2,1,5.0,0.0,Home Win,2.16863268604,1.0901452242,15.0,6.4,59.36318137294813,0.8770785289575034,7.2,2.2,0.0,3.0,0.4,3.0,0.0,4.0,0.8208955223880597,0.6557377049180327,6.0,2.0,1.2583157421,2.3572501755,10.5,4.5,44.76583305959387,0.784833094536769,3.0,4.25,0.0,1.0,0.4,0.0,0.0,2.0,0.45,0.3809523809523809,249.0,0.0
19780,2019-01-06,966,965,0,0,0.8,2.2,0.0,0.8,2.8,0.2,1,0,1.0,0.9735627013,Away Win,1.0179592756,1.28099751786,9.0,3.4,42.84163076055948,0.6473624604837387,2.0,0.8,0.0,0.0,0.6,0.0,0.0,1.0,0.25,0.2857142857142857,28.0,0.0,1.08057346382,1.74941554752,9.8,3.4,43.24458031306993,0.6526935658351244,2.8,0.8,0.0,0.0,0.6,0.0,4.0,0.0,0.1428571428571428,0.0,28.0,0.0
16120,2019-01-06,216,217,0,0,1.0,1.0,0.2,2.8,0.2,0.8,0,3,2.75,0.0,Away Win,0.822706234025,0.968485339,11.5,4.0,37.87754165482791,0.6822804693105429,3.25,4.75,0.25,2.0,0.6,0.0,0.0,1.0,0.3,0.15,329.0,0.0,1.56097188484,0.8657499972,12.8,6.2,58.88819950202718,0.881338624363233,6.0,1.6,0.0,4.0,0.2,4.0,0.0,5.0,0.8235294117647058,0.6557377049180327,15.0,0.0
19779,2019-01-06,973,746,0,0,0.8,2.0,0.4,2.2,0.2,0.8,0,0,4.0,5.330461037099999,Draw,0.5586233142,1.7494686696,8.4,3.0,39.30590428913414,0.599057325810328,2.4,0.8,0.0,1.0,0.2,1.0,0.0,1.0,0.25,0.5,28.0,0.0,1.91792404712,0.95626355,18.6,6.8,58.78932635202185,0.7903231179715053,6.2,0.8,0.0,4.0,0.2,4.0,0.0,11.0,0.6,0.8333333333333334,28.0,0.0
19782,2019-01-06,969,974,0,0,1.6,1.0,0.6,2.2,1.0,0.6,1,0,1.0,3.8424442705,Home Win,1.0113259089000002,1.19467718108,13.4,6.0,61.25865553365846,0.8273652165773558,3.6,0.8,0.0,2.0,0.4,0.0,1.0,0.0,0.6,0.6,28.0,0.0,1.007169436,0.99448755202,15.6,5.6,56.79184666804976,0.7066848229639175,6.0,0.8,0.0,1.0,0.6,0.0,0.0,1.0,0.6,0.3333333333333333,28.0,0.0
19783,2019-01-06,971,967,0,0,2.6,0.0,1.0,0.6,2.0,0.2,0,0,0.0,2.6861087625,Home Win,2.42426549444,0.3991478132,24.2,8.8,63.39554359366239,0.7652559977114384,7.8,0.8,0.0,5.0,0.0,5.0,0.0,6.0,0.6666666666666666,0.4,28.0,0.0,1.2268435224,1.66664213432,15.6,5.8,49.49244767045178,0.6509095515055859,4.0,0.8,0.0,0.0,0.4,0.0,1.0,0.0,0.1428571428571428,0.0,28.0,0.0
19781,2019-01-06,972,968,0,0,1.6,1.0,0.6,3.0,0.8,0.8,0,1,7.0,5.5632009293,Away Win,1.6096149705200002,1.04893892146,12.2,4.2,48.9296952738965,0.7088977836436884,3.4,0.8,0.0,3.0,0.0,3.0,0.0,3.0,0.4,0.5,28.0,0.0,2.787929288,0.7080056581599999,21.8,10.2,61.03568957701473,0.817962634495468,8.4,1.0,0.0,2.0,0.4,0.0,1.0,0.0,1.0,0.8,35.0,0.0
16131,2019-01-13,217,322,0,0,3.0,0.2,1.0,1.0,4.0,0.0,6,0,4.5,0.0,Home Win,1.85124611144,1.1555232137999998,14.0,7.4,60.41863422263523,0.883095569885505,5.2,1.6,0.0,4.0,0.2,5.0,0.0,6.0,0.8235294117647058,0.6612903225806451,7.0,1.0,1.10232824626,2.7672665312,12.6,5.0,40.701862209607,0.7015932058460673,5.8,2.6,0.0,0.0,0.6,0.0,5.0,0.0,0.3809523809523809,0.1428571428571428,330.0,0.0
19786,2019-01-13,972,746,0,0,2.0,1.4,0.6,2.2,0.2,0.8,0,1,8.0,4.1708819474,Away Win,1.6038786045200002,1.1257763958600002,12.4,4.8,47.468979689176784,0.7007062907660072,3.0,0.6,0.0,3.0,0.2,0.0,1.0,0.0,0.3333333333333333,0.5,7.0,1.0,2.04550208004,0.81748144344,18.6,5.6,62.59150065250306,0.8112478633974511,7.0,1.0,0.0,4.0,0.2,0.0,0.0,12.0,0.6,0.7142857142857143,7.0,1.0
19788,2019-01-13,970,966,0,0,0.4,3.2,0.2,0.8,2.0,0.0,0,1,3.0,2.9136728805,Away Win,0.5589768186399999,2.9364825535200003,7.2,3.8,31.96691722529884,0.5892953630865604,0.8,0.0,0.2,1.0,0.2,0.0,4.0,0.0,0.2,0.0,35.0,0.0,1.07208357652,1.2851955794000005,9.2,3.0,45.57051483744864,0.6474532898997214,2.6,0.6,0.0,0.0,0.6,0.0,1.0,0.0,0.2,0.2857142857142857,7.0,1.0
19785,2019-01-13,968,971,0,0,3.0,1.2,0.8,3.0,0.0,1.0,1,0,5.0,2.8349845610000006,Away Win,2.4185264442,0.7708498751599999,20.2,8.6,59.973801033156825,0.8080876633305316,9.0,1.2,0.0,1.0,0.6,1.0,0.0,1.0,1.0,0.8333333333333334,7.0,1.0,2.55383707944,0.45814984788,24.4,9.4,62.29462037587964,0.7655128030529894,8.6,0.6,0.0,5.0,0.0,6.0,0.0,7.0,0.7142857142857143,0.4,7.0,1.0
19784,2019-01-13,965,967,0,0,0.8,2.6,0.2,0.6,2.4,0.2,0,0,6.0,2.8225240722,Draw,1.0203836006400002,1.55689700684,9.8,3.0,42.42434196492265,0.6667987157611699,2.8,1.2,0.0,1.0,0.4,1.0,0.0,1.0,0.1428571428571428,0.25,7.0,1.0,0.89041751568,2.11943668234,10.4,3.8,43.48671497700625,0.6367154831625814,2.4,0.8,0.0,0.0,0.4,0.0,2.0,0.0,0.1428571428571428,0.0,7.0,1.0
19787,2019-01-13,969,973,0,0,1.8,0.6,0.8,1.0,1.4,0.4,1,0,1.0,2.178180537,Away Win,1.2475005621000002,1.03090557748,15.0,6.6,60.12119744161335,0.7947609816941426,3.6,0.6,0.0,2.0,0.4,1.0,0.0,1.0,0.6666666666666666,0.6,7.0,1.0,0.7329637661399999,1.3755703372,8.6,3.6,38.13715127998633,0.5902426260173674,2.6,0.8,0.0,1.0,0.4,0.0,0.0,2.0,0.2,0.5,7.0,1.0
16136,2019-01-20,217,205,0,0,3.2,0.2,1.0,1.0,2.8,0.2,4,1,3.8,3.04856342324,Home Win,1.86802731044,1.1690873792,12.4,7.2,59.591539748481935,0.8726789297280615,3.4,1.6,0.0,4.0,0.2,6.0,0.0,7.0,0.8260869565217391,0.6612903225806451,7.0,2.0,1.0394976479,2.0090657753400003,13.0,5.0,31.338302181589142,0.707371041584316,3.8,3.2,0.0,0.0,0.8,1.0,0.0,1.0,0.3333333333333333,0.0,116.0,0.0
19789,2019-01-27,971,969,0,0,3.0,0.2,1.0,1.2,0.8,0.6,0,0,0.0,2.8239923000000005,Away Win,2.49585973444,0.63233646688,24.2,9.4,60.92347972669948,0.7584676363159696,7.4,0.8,0.0,4.0,0.2,7.0,0.0,8.0,0.7142857142857143,0.5,14.0,1.0,0.99725209154,0.7549511144800001,14.8,6.0,62.10836265183527,0.8010410393538228,3.4,0.8,0.0,1.0,0.4,0.0,1.0,0.0,0.5714285714285714,0.6,14.0,1.0
16149,2019-01-27,211,217,0,0,1.0,3.6666666666666665,0.0,3.0,0.4,1.0,0,2,4.666666666666667,2.6831517785666663,Away Win,0.9735823715666668,1.709569407,10.333333333333334,3.6666666666666665,36.68064310294583,0.7706497791544441,4.666666666666667,3.0,0.0,0.0,0.6666666666666666,0.0,0.0,1.0,0.0,0.0,126.0,0.0,1.7544955290400002,1.0580694337399998,12.0,6.8,63.07630040667191,0.873266376849044,3.6,2.2,0.0,3.0,0.4,7.0,0.0,8.0,0.8285714285714286,0.6612903225806451,7.0,2.0
19792,2019-01-27,973,970,0,0,1.2,0.8,0.6,0.4,3.6,0.0,1,0,3.0,1.9842977313,Home Win,0.7920108469399999,1.25146193664,8.4,4.0,36.28229036965417,0.5742589938954067,2.4,0.8,0.0,2.0,0.4,1.0,0.0,3.0,0.2,0.5714285714285714,14.0,1.0,0.62052952426,2.87347157782,7.0,3.4,33.082723058085804,0.6084631245687173,1.2,0.4,0.2,0.0,0.4,0.0,5.0,0.0,0.1666666666666666,0.0,14.0,1.0
19791,2019-01-27,974,968,0,0,1.8,1.4,0.4,2.6,1.4,0.6,0,1,6.0,4.7087596536,Away Win,1.0228333254,1.21976110842,15.8,4.6,55.03168063912441,0.6739114543572156,5.2,1.4,0.0,0.0,0.8,0.0,1.0,0.0,0.6,0.2857142857142857,21.0,0.0,2.2520712232,1.0188958973599995,18.0,7.8,60.42423129540921,0.794794591404597,9.0,1.2,0.0,1.0,0.6,0.0,1.0,0.0,0.8333333333333334,0.8333333333333334,14.0,1.0
19790,2019-01-27,746,965,0,0,2.2,0.4,0.8,0.6,1.8,0.2,1,0,6.0,4.6077289624,Home Win,2.17969426024,1.07826008324,18.2,5.6,59.02495190214567,0.7930931765542398,6.8,1.0,0.0,3.0,0.4,1.0,0.0,13.0,0.6,0.75,14.0,1.0,1.0159286031400003,1.45187580988,10.8,3.2,44.91338743062181,0.6752274190002395,3.4,1.2,0.0,2.0,0.2,0.0,0.0,2.0,0.125,0.25,14.0,1.0
19793,2019-01-28,966,972,0,0,1.0,1.8,0.2,2.2,1.4,0.6,1,0,1.0,3.275717937,Home Win,1.25364560962,1.1657866252000004,10.6,3.2,46.05315785415161,0.6563413104150468,3.0,0.6,0.0,0.0,0.6,1.0,0.0,1.0,0.2,0.375,15.0,0.0,1.4913260139200002,1.33865193966,12.6,4.4,49.41419635115623,0.7069832801772847,3.2,0.4,0.0,3.0,0.4,0.0,2.0,0.0,0.2857142857142857,0.5,15.0,0.0
16157,2019-02-02,217,207,0,0,2.4,0.4,1.0,1.4,2.2,0.0,3,1,3.2857142857142856,0.0,Draw,1.5404597414,1.06760590334,11.8,6.2,64.62187091412834,0.8690287003235977,4.6,2.2,0.0,3.0,0.4,8.0,0.0,9.0,0.8285714285714286,0.6666666666666666,6.0,2.0,1.34289128812,1.72649971984,9.8,3.6,30.555061769530504,0.7435030916714173,3.8,3.4,0.2,0.0,1.0,0.0,0.0,1.0,0.2727272727272727,0.238095238095238,118.0,0.0
19755,2019-02-10,746,971,0,0,2.0,0.4,0.8,2.4,0.8,0.8,0,0,0.0,2.1830593707,Draw,1.98059542404,0.93631645124,14.8,4.2,57.81026679048407,0.7973106596494269,7.0,0.8,0.0,3.0,0.4,2.0,0.0,14.0,0.6666666666666666,0.75,14.0,1.0,1.96104193032,0.8524371980200002,18.0,7.0,57.76639871247562,0.7405826921205929,6.0,0.8,0.0,3.0,0.4,0.0,1.0,0.0,0.625,0.5,14.0,1.0
19757,2019-02-10,973,965,0,0,1.2,0.8,0.6,0.4,1.6,0.2,1,0,1.0,1.2626936057,Draw,0.87057590546,1.14152628524,9.6,5.0,39.55958028719607,0.6023283008260998,3.0,0.6,0.0,2.0,0.4,2.0,0.0,4.0,0.3333333333333333,0.5714285714285714,14.0,1.0,0.9227751561400002,1.4929049760800002,11.2,3.2,45.52344240012846,0.6833895397308296,3.4,1.2,0.0,2.0,0.0,0.0,1.0,0.0,0.125,0.2,14.0,1.0
16173,2019-02-10,215,217,0,0,0.2,1.8,0.0,2.4,0.8,0.8,1,6,2.25,0.0,Draw,0.7603851727,1.94275374826,10.8,3.4,38.747648707858936,0.7303329012516141,4.0,2.8,0.0,0.0,0.2,0.0,0.0,1.0,0.5454545454545454,0.3181818181818182,134.0,0.0,1.6516569710000002,1.37605882294,14.0,7.0,67.69957563618452,0.8751124537822047,5.6,2.8,0.0,2.0,0.6,0.0,0.0,10.0,0.8169014084507042,0.6666666666666666,8.0,2.0
16182,2019-02-16,217,901,0,0,2.0,0.6,0.6,0.0,1.0,0.0,1,0,1.0,1.0964232509999998,Home Win,1.4010281728,1.3294847213399998,13.4,5.8,65.70633724546907,0.8686264921348222,5.6,2.6,0.0,3.0,0.4,0.0,0.0,11.0,0.8169014084507042,0.65625,6.0,2.0,0.33820088,0.7582223709999999,7.0,4.0,36.94779116465863,0.7391304347826086,6.0,1.0,0.0,0.0,0.0,0.0,1.0,0.0,0.0,0.0,175.0,0.0
19797,2019-02-20,968,970,0,0,2.4,1.4,0.6,0.6,3.0,0.0,1,0,7.0,3.495461412,Home Win,1.921308702,0.8738521415199999,16.4,6.6,55.73678981407461,0.7758754433343263,7.6,1.6,0.0,1.0,0.6,1.0,0.0,1.0,0.8333333333333334,0.8571428571428571,24.0,0.0,0.7166941046599999,2.40720988302,7.8,3.6,35.72679152784235,0.6046719935594753,1.4,0.4,0.0,0.0,0.6,0.0,6.0,0.0,0.1666666666666666,0.0,24.0,0.0
19795,2019-02-20,974,972,0,0,1.0,1.8,0.2,1.8,1.6,0.4,0,0,0.0,1.75808324,Away Win,0.89337377056,1.5664437153200002,14.4,3.6,53.08109368853745,0.6705474578487889,4.4,1.6,0.0,0.0,0.6,0.0,2.0,0.0,0.5,0.2857142857142857,24.0,0.0,1.3153829263200003,1.4322021485600005,12.8,4.6,50.420469127307726,0.7086599719066082,4.8,0.8,0.0,2.0,0.4,0.0,3.0,0.0,0.2857142857142857,0.4285714285714285,23.0,0.0
19798,2019-02-20,746,967,0,0,2.0,0.8,0.6,0.6,1.6,0.2,1,0,4.0,2.5511408713,Home Win,2.2163464119800005,1.19053253856,15.8,5.0,55.92842871608583,0.7820373711278804,7.6,1.0,0.0,2.0,0.6,0.0,0.0,15.0,0.5714285714285714,0.75,10.0,1.0,0.7698121177200001,1.43753655674,10.8,3.8,47.63569794322865,0.658979606203102,2.8,0.8,0.0,1.0,0.4,0.0,0.0,1.0,0.1428571428571428,0.0,38.0,0.0
19796,2019-02-20,965,969,0,0,0.4,1.4,0.2,1.4,1.2,0.6,0,0,0.0,0.0,Home Win,1.03364152854,1.39628077676,11.2,3.4,47.22429600112361,0.6868219406632305,4.8,1.0,0.0,3.0,0.0,0.0,0.0,1.0,0.125,0.1666666666666666,10.0,1.0,1.00903712668,0.91682717908,14.0,5.6,57.64750080236958,0.7782836279888165,3.6,1.0,0.0,0.0,0.6,1.0,0.0,1.0,0.5714285714285714,0.6666666666666666,24.0,0.0
19794,2019-02-20,971,973,0,0,2.6,1.2,0.6,1.2,0.4,0.6,0,0,0.0,2.0322311879,Home Win,2.05882263032,1.19442622372,18.6,7.6,58.11408225159951,0.7560816282717846,6.6,1.2,0.0,2.0,0.6,0.0,0.0,1.0,0.625,0.4285714285714285,10.0,1.0,0.88408185726,1.07880141304,9.0,4.4,38.60683987496169,0.6000809460588511,3.6,0.6,0.0,3.0,0.4,0.0,0.0,5.0,0.2857142857142857,0.5714285714285714,10.0,1.0
16190,2019-02-23,213,217,0,0,1.2,2.6,0.0,1.6,0.6,0.6,1,5,3.571428571428572,0.0,Away Win,1.3600925076,1.86696689966,14.0,4.4,45.30969146843779,0.8151669467033329,4.4,1.8,0.0,0.0,0.8,0.0,1.0,0.0,0.6666666666666666,0.0,126.0,0.0,1.8997830016,1.2251228641399998,16.0,6.2,66.15298780247373,0.8785616207647753,5.8,2.4,0.0,3.0,0.4,1.0,0.0,12.0,0.8194444444444444,0.65625,7.0,2.0
16196,2019-03-02,220,217,0,0,2.2,2.0,0.4,1.8,0.8,0.6,1,4,3.4285714285714284,0.0,Away Win,1.7214843950200005,1.5974592023,16.8,7.0,51.91957628502646,0.8545305244543954,5.8,2.6,0.4,0.0,0.8,1.0,0.0,2.0,0.75,0.5652173913043478,280.0,0.0,1.870759837,1.315689891,16.4,6.2,63.654358037318936,0.8733251646677701,6.4,2.0,0.0,3.0,0.4,2.0,0.0,13.0,0.8194444444444444,0.6615384615384615,7.0,2.0
16205,2019-03-09,217,360,0,0,1.6,0.8,0.6,1.4,1.6,0.2,2,0,6.5,0.0,Home Win,1.7416513449,1.2909342056,15.4,5.8,61.06904951838315,0.8696451974076922,6.0,1.8,0.0,3.0,0.4,3.0,0.0,14.0,0.8194444444444444,0.6666666666666666,7.0,2.0,1.2843521675500005,1.2954298102,15.0,6.5,50.48721402248536,0.7744172494172494,8.0,2.0,0.0,0.0,0.8,1.0,0.0,1.0,0.4210526315789473,0.0526315789473684,1028.0,0.0
19803,2019-03-13,972,967,0,0,2.0,1.8,0.4,0.6,1.8,0.2,1,0,3.0,3.4340407232,Away Win,1.3705455752,1.5407652742200002,13.6,4.2,49.45555684660597,0.6829125046469096,4.6,0.6,0.0,1.0,0.6,1.0,0.0,1.0,0.2857142857142857,0.5,21.0,0.0,0.89695181432,1.6369690638,11.0,3.6,46.63721151810331,0.6768356222650553,3.4,0.4,0.0,1.0,0.4,0.0,1.0,0.0,0.1428571428571428,0.0,21.0,0.0
19802,2019-03-13,970,965,0,0,0.6,2.8,0.0,0.8,0.8,0.4,0,1,3.0,3.9551607086,Draw,0.4855953416599999,2.31485999714,6.0,2.4,34.165900418082686,0.5941854254291484,0.8,0.6,0.0,0.0,0.6,0.0,7.0,0.0,0.1666666666666666,0.0,21.0,0.0,1.15955938506,1.13174104056,11.2,3.4,46.308260441746384,0.6618170126127674,5.6,1.0,0.0,3.0,0.2,1.0,0.0,2.0,0.2222222222222222,0.1666666666666666,21.0,0.0
19799,2019-03-13,966,971,0,0,1.2,1.4,0.4,3.0,1.2,0.6,0,1,1.0,2.206465226,Away Win,1.34068961812,1.0958596296,10.6,3.4,47.70413785614146,0.636025046467659,2.6,0.6,0.0,1.0,0.6,2.0,0.0,2.0,0.3333333333333333,0.375,44.0,0.0,2.08835597172,1.09248877092,18.0,7.4,58.73284527439811,0.7723815157441045,5.8,1.0,0.0,2.0,0.6,1.0,0.0,2.0,0.6666666666666666,0.4285714285714285,21.0,0.0
19801,2019-03-13,974,746,0,0,0.8,2.0,0.0,2.4,1.0,0.6,0,0,2.0,3.1836474009,Away Win,0.8876372644799998,1.5881467863199998,13.4,3.6,52.71745732490109,0.6637264052172099,3.2,1.8,0.0,0.0,0.6,0.0,3.0,0.0,0.4285714285714285,0.2857142857142857,21.0,0.0,2.5389272241000005,1.44399659166,17.6,6.0,58.9144047158567,0.7800441842031866,8.8,0.6,0.0,1.0,0.8,1.0,0.0,16.0,0.625,0.75,21.0,0.0
19800,2019-03-14,968,973,0,0,2.2,1.2,0.6,0.8,1.6,0.4,1,0,4.0,4.125416435,Home Win,2.06908681852,0.6915435635199999,17.6,6.4,57.9023110659892,0.7750597179618683,7.6,1.6,0.0,2.0,0.4,2.0,0.0,2.0,0.8571428571428571,0.8571428571428571,22.0,0.0,0.73640513326,1.48559410064,6.6,3.6,37.36453496457031,0.6125275519352442,3.2,1.0,0.0,2.0,0.4,0.0,1.0,0.0,0.2857142857142857,0.5,22.0,0.0
16215,2019-03-17,218,217,0,0,1.4,3.4,0.2,1.8,0.6,0.8,1,5,4.285714285714286,0.0,Away Win,0.81537692412,2.400370728,9.2,3.8,38.80354115761827,0.7818015422054914,3.8,2.2,0.0,0.0,0.6,1.0,0.0,1.0,0.2857142857142857,0.2727272727272727,126.0,0.0,1.9273803131,0.8750893075,13.8,5.4,61.21948978566599,0.8704669009443693,6.2,1.4,0.0,3.0,0.4,4.0,0.0,15.0,0.821917808219178,0.6666666666666666,8.0,1.0
19729,2019-03-24,973,967,0,0,0.6,2.2,0.4,0.4,1.6,0.2,1,0,2.0,1.599346394,Home Win,0.72019981812,1.48416396444,7.0,3.2,38.52996607390044,0.6349126094065086,3.2,1.2,0.0,2.0,0.2,0.0,2.0,0.0,0.2857142857142857,0.4444444444444444,10.0,1.0,0.86376713072,1.3013540176000002,10.4,2.8,47.09903185544231,0.6744630020383577,3.6,0.4,0.0,2.0,0.2,1.0,0.0,1.0,0.1428571428571428,0.1428571428571428,11.0,1.0
19754,2019-03-24,966,968,0,0,1.0,1.8,0.4,3.0,0.8,0.8,0,1,5.0,3.908049415,Away Win,0.91078196732,1.378069488,8.0,2.4,42.5910428675278,0.6093272876906154,2.2,0.6,0.0,1.0,0.4,0.0,1.0,0.0,0.2857142857142857,0.375,11.0,1.0,2.25360316772,0.67042045836,16.8,6.4,61.89817027923972,0.7865601230786157,8.0,0.6,0.0,3.0,0.4,3.0,0.0,3.0,0.875,0.8571428571428571,10.0,1.0
16231,2019-03-30,217,214,0,0,2.6,0.8,1.0,0.4,3.4,0.0,5,0,3.4285714285714284,0.0,Home Win,2.2385712711,0.8050690477,15.0,6.8,56.8477545828067,0.8699037020651181,6.8,1.4,0.0,2.0,0.6,5.0,0.0,16.0,0.821917808219178,0.6716417910447762,13.0,1.0,0.5830971286000001,1.98595881,8.0,1.8,33.221616428047525,0.6857585133907378,4.8,3.4,0.0,0.0,0.4,0.0,1.0,0.0,0.4090909090909091,0.1428571428571428,112.0,0.0
19804,2019-03-31,969,968,0,0,1.2,1.4,0.4,3.2,0.6,0.8,0,1,4.0,2.410210123,Away Win,0.9927651536800004,1.031360396,12.0,4.4,56.58413639049313,0.7733601044876443,2.4,0.6,0.0,0.0,0.6,0.0,1.0,0.0,0.5714285714285714,0.5714285714285714,39.0,0.0,2.09651614372,0.8185194747600001,16.0,6.2,63.43969041561486,0.7973822206803337,6.0,0.4,0.0,3.0,0.4,4.0,0.0,4.0,0.875,0.875,7.0,1.0
19807,2019-03-31,746,966,0,0,3.0,1.4,0.8,0.8,2.4,0.4,1,0,3.0,2.400006877,Home Win,2.7105322451,1.77586503432,16.0,6.8,52.58156627612125,0.7563827946700616,8.0,0.6,0.0,1.0,0.8,2.0,0.0,17.0,0.625,0.7777777777777778,18.0,0.0,0.8837426149199998,1.46704554614,7.4,2.4,40.07517982056479,0.6232161765795043,1.8,0.8,0.0,1.0,0.4,0.0,2.0,0.0,0.25,0.375,7.0,1.0
19806,2019-03-31,973,974,0,0,0.6,2.2,0.4,1.4,2.6,0.0,0,1,3.0,1.567538142,Away Win,0.71976974566,1.85412604944,8.0,3.2,40.48383955421936,0.6499507783878953,3.6,0.8,0.0,2.0,0.2,1.0,0.0,1.0,0.375,0.4444444444444444,7.0,1.0,1.32082595488,1.7892629054,14.0,4.4,55.42315997733026,0.6964533536744955,2.8,1.8,0.0,0.0,0.8,0.0,4.0,0.0,0.375,0.2857142857142857,18.0,0.0
19808,2019-03-31,967,970,0,0,0.4,1.4,0.2,0.6,2.6,0.0,0,1,1.0,2.5674906179000003,Away Win,1.21641043836,1.24681975234,11.4,2.8,47.52233365197681,0.6840790640320173,4.0,0.6,0.0,2.0,0.2,0.0,1.0,0.0,0.1428571428571428,0.125,7.0,1.0,0.5198268536599999,2.50470831934,6.4,2.2,37.77860270283865,0.5868728912200625,1.4,0.8,0.0,0.0,0.6,0.0,0.0,1.0,0.1428571428571428,0.0,18.0,0.0
19805,2019-03-31,971,972,0,0,3.2,1.2,0.6,1.0,2.0,0.2,1,0,2.0,2.237117759,Draw,2.05540045552,0.96911340304,17.0,6.6,60.85057542139655,0.7782612466074268,3.8,1.0,0.0,2.0,0.6,2.0,0.0,3.0,0.6666666666666666,0.5,18.0,0.0,0.8590595686,1.60423296276,11.0,3.4,47.45807442359164,0.6636233454940472,4.8,0.6,0.0,0.0,0.6,0.0,1.0,0.0,0.25,0.5,18.0,0.0
16240,2019-04-02,222,217,0,0,0.6,2.8,0.0,2.8,0.8,1.0,0,5,3.4285714285714284,0.0,Draw,0.7597480574,2.2264013734000003,10.8,4.2,35.659828297310426,0.7999734244263715,2.4,3.0,0.2,0.0,0.6,0.0,4.0,0.0,0.5714285714285714,0.2727272727272727,121.0,0.0,1.7182418785,0.7523386045,13.6,5.8,58.4097025127506,0.8647084236935223,7.2,1.2,0.0,2.0,0.6,6.0,0.0,17.0,0.8243243243243243,0.6716417910447762,3.0,1.0
16248,2019-04-06,217,212,0,0,2.8,1.2,0.8,0.8,1.2,0.0,4,0,2.2857142857142856,0.0,Home Win,1.8571935809,1.0424162185,13.2,6.2,59.84586527798929,0.8743387815935563,6.2,2.4,0.0,2.0,0.6,0.0,0.0,18.0,0.8243243243243243,0.6617647058823529,4.0,2.0,0.46763524226,1.1120058053400002,7.0,2.8,34.70724556009098,0.7464277592924516,2.6,3.6,0.0,0.0,0.8,0.0,0.0,1.0,0.6818181818181818,0.5652173913043478,133.0,0.0
19758,2019-04-17,970,974,0,0,0.8,1.6,0.2,1.2,2.2,0.2,0,1,4.0,4.073761043,Away Win,0.4435972572,2.0429154136400003,5.2,1.4,36.21764356741142,0.5644765312605073,2.0,0.8,0.0,1.0,0.6,1.0,0.0,2.0,0.1428571428571428,0.1111111111111111,17.0,0.0,1.52306280502,1.669260004,11.4,4.6,56.0017378392734,0.6945160882820804,3.4,1.4,0.0,1.0,0.6,1.0,0.0,1.0,0.375,0.375,17.0,0.0
19756,2019-04-17,967,969,0,0,0.4,1.0,0.2,1.2,1.4,0.4,0,1,1.0,2.2606406430000003,Away Win,1.23702077598,0.7587724091400001,11.8,2.8,53.61431971469458,0.6796464399185422,5.4,0.6,0.0,2.0,0.2,0.0,2.0,0.0,0.125,0.125,17.0,0.0,1.03893723718,1.2490103809800002,11.0,3.8,55.88693354623213,0.7515405923340246,2.4,1.2,0.0,0.0,0.6,0.0,2.0,0.0,0.5,0.5714285714285714,17.0,0.0
16265,2019-04-20,217,210,0,0,3.0,1.2,0.8,1.2,2.2,0.0,5,1,3.142857142857143,0.0,Home Win,1.9898908326,0.92902618704,15.2,7.6,62.27080446923283,0.8858043239023669,6.0,2.6,0.0,2.0,0.6,1.0,0.0,19.0,0.8266666666666667,0.6617647058823529,14.0,1.0,0.9973084168,1.3869815034,13.2,5.0,43.74426571732749,0.8031455167473613,5.6,1.8,0.0,0.0,0.8,0.0,4.0,0.0,0.3181818181818182,0.2857142857142857,217.0,0.0
19809,2019-04-20,974,965,0,0,2.0,1.8,0.4,0.6,1.0,0.2,1,0,5.0,1.3090611045,Home Win,1.74913979028,1.60017297498,12.0,6.0,58.98493111658432,0.737609005760963,4.2,1.0,0.0,2.0,0.4,2.0,0.0,2.0,0.375,0.4444444444444444,3.0,1.0,1.1625881719200002,1.2289745802399998,11.6,3.6,46.0160419377166,0.6420166192274683,5.4,0.8,0.0,2.0,0.4,0.0,0.0,3.0,0.2222222222222222,0.1428571428571428,38.0,0.0
19811,2019-04-21,968,967,0,0,3.2,0.2,1.0,0.6,1.6,0.2,1,0,4.0,4.77420775,Home Win,2.19948117678,0.6503141539599999,18.2,7.4,63.61183258454179,0.7958268851799355,6.4,0.6,0.0,4.0,0.2,5.0,0.0,5.0,0.875,0.8888888888888888,21.0,0.0,1.57141713214,0.9424288381400002,13.4,3.6,53.09435617138473,0.6658709297144607,5.4,0.4,0.0,1.0,0.4,0.0,3.0,0.0,0.1111111111111111,0.125,4.0,1.0
19813,2019-04-21,972,969,0,0,0.8,1.4,0.2,1.4,1.4,0.4,0,1,3.0,3.873246211,Away Win,0.8507260804,1.70135049056,10.4,3.2,49.35504142777749,0.659324139092788,5.0,0.6,0.0,0.0,0.6,0.0,0.0,1.0,0.25,0.4444444444444444,21.0,0.0,0.98623061518,1.41766074038,10.6,3.8,56.82652019170113,0.7526778131057101,3.6,1.0,0.0,0.0,0.6,1.0,0.0,1.0,0.5,0.625,4.0,1.0
19810,2019-04-21,966,973,0,0,1.0,2.4,0.4,0.2,2.2,0.2,0,1,3.0,2.249433873,Home Win,1.0315701182,1.3512642196,7.4,2.8,36.39699499738692,0.619995397358725,2.0,0.8,0.0,1.0,0.6,0.0,3.0,0.0,0.25,0.3333333333333333,21.0,0.0,0.55078045274,2.13443305624,6.6,1.8,36.4155351255565,0.6364461054906989,2.4,0.8,0.0,2.0,0.0,0.0,1.0,0.0,0.3333333333333333,0.4444444444444444,21.0,0.0
16275,2019-04-23,206,217,0,0,0.6,2.8,0.2,2.8,1.2,0.8,1,4,3.4,3.038604812,Away Win,0.71015025272,2.32845455928,7.0,2.8,25.60973149239384,0.679099316957278,1.2,1.6,0.0,0.0,0.4,0.0,4.0,0.0,0.0,0.3333333333333333,248.0,0.0,1.7152096734,1.03188637454,15.0,7.2,58.72103992298014,0.8713754922604204,4.8,2.4,0.0,2.0,0.6,2.0,0.0,20.0,0.8289473684210527,0.6617647058823529,3.0,1.0
16289,2019-04-27,217,221,0,0,2.4,1.0,0.8,0.8,3.0,0.2,4,0,3.75,0.0,Home Win,1.75819385,0.91303757594,15.0,6.4,65.08136377543983,0.874560142741359,4.2,2.2,0.0,3.0,0.4,3.0,0.0,21.0,0.8289473684210527,0.6666666666666666,4.0,2.0,1.21547376348,2.2201813398400003,12.4,3.8,42.939627326008434,0.7565032400355647,7.0,2.8,0.2,0.0,0.6,0.0,3.0,0.0,0.35,0.05,132.0,0.0
19816,2019-04-28,969,966,0,0,1.8,1.4,0.6,1.6,2.6,0.4,1,0,2.0,1.5011756170000004,Home Win,1.20015108142,1.33378275518,12.0,3.8,55.41161182170784,0.7516264061759544,4.4,1.0,0.0,0.0,0.8,2.0,0.0,2.0,0.5,0.6666666666666666,7.0,2.0,1.0104432285,1.3567563672,6.4,3.4,34.20850558456291,0.6065525478106123,2.0,0.4,0.0,1.0,0.6,1.0,0.0,1.0,0.3333333333333333,0.3333333333333333,7.0,1.0
19818,2019-04-28,746,970,0,0,2.8,1.4,0.8,0.6,2.2,0.2,1,0,4.0,5.391947804,Home Win,2.4647567999000004,1.71703819872,16.8,7.0,57.09741577276734,0.7758699741572411,10.0,0.8,0.0,1.0,0.8,3.0,0.0,18.0,0.6666666666666666,0.7777777777777778,28.0,0.0,0.5553172743799999,2.1305905734,6.2,1.8,34.87272722249507,0.5640252190211157,2.0,0.6,0.0,1.0,0.4,0.0,1.0,0.0,0.125,0.1111111111111111,11.0,1.0
19814,2019-04-28,973,972,0,0,0.6,3.2,0.2,0.8,1.2,0.2,0,1,2.0,1.998725075,Away Win,0.5817310101400001,2.24936151564,8.2,2.2,38.11345363216168,0.6411753163855001,2.4,0.6,0.0,1.0,0.2,0.0,2.0,0.0,0.3333333333333333,0.4,7.0,1.0,0.6034462227999999,1.45214694244,8.2,3.0,46.83756792556945,0.6544459848652946,4.4,0.8,0.2,0.0,0.6,0.0,1.0,0.0,0.2222222222222222,0.4444444444444444,7.0,1.0
19817,2019-04-28,967,974,0,0,0.6,1.4,0.2,2.2,1.2,0.6,0,1,3.0,2.4202156557,Home Win,1.26578349534,0.75327834994,11.6,3.4,53.70807810726798,0.6747944594161414,5.8,0.8,0.0,1.0,0.4,0.0,4.0,0.0,0.1111111111111111,0.1111111111111111,7.0,2.0,1.91823726894,1.36051830584,13.8,6.2,59.00715583596602,0.7452779041176274,4.8,0.6,0.0,3.0,0.4,3.0,0.0,3.0,0.4444444444444444,0.4444444444444444,8.0,2.0
19815,2019-04-28,965,968,0,0,0.6,1.2,0.2,3.0,0.4,1.0,0,1,5.0,3.947356867,Away Win,1.27407110718,1.37363370102,12.4,3.4,45.455358703222686,0.6556623536162106,4.8,0.6,0.0,1.0,0.4,0.0,1.0,0.0,0.2222222222222222,0.125,8.0,1.0,2.07641718658,0.610174081,17.6,6.8,66.06730414449096,0.8164119873656848,7.0,0.4,0.0,3.0,0.4,6.0,0.0,6.0,0.8888888888888888,0.8888888888888888,7.0,1.0
19820,2019-05-11,974,971,0,0,2.4,1.4,0.6,3.0,1.2,0.4,0,1,1.0,2.4734703036,Away Win,1.88195866128,1.41129678814,13.8,5.8,59.73729729407266,0.7532165819811174,4.8,0.6,0.0,3.0,0.4,0.0,1.0,0.0,0.4444444444444444,0.4,13.0,1.0,2.28733280272,0.78085692984,19.2,7.2,61.785464651110544,0.7822200566760765,5.0,0.8,0.0,2.0,0.6,0.0,0.0,4.0,0.6,0.5,41.0,0.0
19822,2019-05-11,970,969,0,0,0.6,2.2,0.2,1.6,1.0,0.6,0,1,3.0,2.072531151,Away Win,0.5185703092599999,2.73002018408,7.2,2.2,32.129484783448405,0.5683870025770317,2.2,0.6,0.0,1.0,0.4,0.0,2.0,0.0,0.125,0.1,13.0,1.0,1.2176184737,1.1517737235,13.6,4.4,59.93201998497314,0.7628629956734135,4.6,0.8,0.0,1.0,0.6,3.0,0.0,3.0,0.5555555555555556,0.6666666666666666,13.0,1.0
19821,2019-05-11,968,746,0,0,3.2,0.4,1.0,2.6,1.6,0.8,0,1,2.0,2.2224835558,Home Win,1.76461178846,0.6101964252000001,15.4,6.0,64.8148041415924,0.8185243228137822,7.8,0.6,0.0,3.0,0.4,7.0,0.0,7.0,0.8888888888888888,0.9,13.0,1.0,2.7566763203,1.6689704129999998,18.8,8.6,58.372129601807856,0.7745060111683214,9.8,0.8,0.0,0.0,1.0,4.0,0.0,19.0,0.7,0.7777777777777778,13.0,1.0
19819,2019-05-11,972,965,0,0,1.2,1.2,0.4,0.6,1.4,0.2,1,0,1.0,1.6814196076,Away Win,0.9022832473999998,1.36976423314,8.6,2.8,46.221148829047664,0.6568205022398119,3.4,0.4,0.2,0.0,0.8,1.0,0.0,1.0,0.2222222222222222,0.5,13.0,1.0,1.18493832038,1.16857725322,12.0,3.2,43.93228248469999,0.6402879720421866,4.6,0.8,0.0,1.0,0.4,0.0,2.0,0.0,0.2,0.125,13.0,1.0
16306,2019-05-12,217,216,0,0,2.2,1.0,0.8,0.8,1.4,0.0,4,0,2.8,0.0,Home Win,1.8960642136,1.02392504154,17.0,8.2,63.84330955695481,0.8739341480463988,4.4,3.0,0.0,3.0,0.4,4.0,0.0,22.0,0.8311688311688312,0.6666666666666666,15.0,0.0,1.007436739525,1.240238427,11.75,3.25,33.40568984514785,0.666199307316902,3.0,4.25,0.25,1.0,0.8,0.0,1.0,0.0,0.2857142857142857,0.15,126.0,0.0
16317,2019-05-19,322,217,0,0,0.6,3.8,0.0,1.8,0.2,1.0,0,7,4.285714285714286,0.0,Draw,0.8728904504600001,2.5673571958,13.2,3.8,39.15881101434455,0.7166045657941361,5.6,2.2,0.0,0.0,0.4,0.0,6.0,0.0,0.3809523809523809,0.1363636363636363,126.0,0.0,1.8451204224,0.7092698747399999,16.6,8.0,65.93827581267999,0.8740045007307463,4.6,1.8,0.0,4.0,0.2,5.0,0.0,23.0,0.8333333333333334,0.6666666666666666,7.0,1.0
22912,2019-06-01,38,24,0,0,1.5,2.0,0.0,1.6,2.8,0.0,0,0,0.0,0.0,Away Win,1.054365168,1.9696963395,10.5,4.5,43.546371800434486,0.6757081113840069,6.0,3.0,0.0,0.0,1.0,0.0,0.0,1.0,0.0,0.0,5515.0,0.0,2.10773773468,2.21349556218,15.2,5.2,44.65778446202796,0.7283024144167831,6.8,1.6,0.0,0.0,1.0,0.0,2.0,0.0,0.0,0.0,371.0,0.0
2275061,2019-09-07,973,965,0,0,0.8,2.4,0.2,1.4,1.4,0.4,1,0,0.5,1.50766203935,Draw,0.63292610874,2.1529876262400003,9.4,2.8,40.00879091138607,0.6341086497188333,2.2,0.2,0.0,1.0,0.4,0.0,3.0,0.0,0.3,0.4,132.0,0.0,1.24438426758,1.1622083046200002,12.0,4.0,39.982947293805,0.6274867086796987,3.6,0.8,0.0,1.0,0.4,1.0,0.0,1.0,0.2,0.2222222222222222,119.0,0.0
2275136,2019-09-07,746,1475,0,0,2.2,1.4,0.8,0.0,0.0,0.0,0,0,0.0,0.0,Home Win,2.5085893396000003,1.38606434268,18.6,8.0,60.00055637016322,0.8038224532168389,10.4,1.0,0.0,0.0,0.8,0.0,1.0,0.0,0.7,0.7,119.0,0.0,0.0,0.0,0.0,0.0,0.0,0.0,0.0,0.0,0.0,0.0,0.0,0.0,0.0,0.0,0.0,0.0,0.0,0.0
2275099,2019-09-08,966,974,0,0,1.4,3.0,0.2,2.2,1.2,0.6,0,1,2.5,1.6872034881499998,Away Win,0.90326625292,1.45593579022,5.8,3.0,32.49797926877343,0.6075112992041463,2.0,0.6,0.0,0.0,0.6,0.0,1.0,0.0,0.3333333333333333,0.3,133.0,0.0,1.68402520612,1.38866237874,14.4,5.2,57.90505488800408,0.7397199635455289,4.6,0.6,0.0,3.0,0.4,0.0,2.0,0.0,0.4,0.4,120.0,0.0
2275120,2019-09-08,969,967,0,0,1.8,0.6,0.8,1.0,1.8,0.2,2,0,2.5,2.8062923505,Away Win,1.3879588877,0.92947638058,15.4,6.0,60.17746669259249,0.7595870263597083,5.6,0.8,0.0,2.0,0.4,4.0,0.0,4.0,0.5555555555555556,0.7,120.0,0.0,1.3999986318400002,0.88113894074,12.4,4.6,51.84806651929121,0.6593423676482602,5.8,1.2,0.0,0.0,0.6,1.0,0.0,1.0,0.2,0.1111111111111111,133.0,0.0
2275096,2019-09-08,968,972,0,0,2.6,0.4,1.0,0.8,1.8,0.2,2,0,6.5,4.07791211515,Home Win,1.55140545626,0.6189835376,15.2,6.4,61.07235623438477,0.8119479509551638,8.0,0.8,0.0,3.0,0.4,8.0,0.0,8.0,0.9,0.9,120.0,0.0,0.7441274506,1.43151342708,7.0,2.6,49.43454269964925,0.6962126629389577,3.2,0.6,0.2,0.0,0.6,0.0,1.0,0.0,0.2,0.5,120.0,0.0
2275132,2019-09-08,971,749,0,0,3.2,1.0,0.6,0.0,0.0,0.0,0,0,0.0,0.0,Home Win,2.62988325692,0.8728412581399999,20.6,7.6,61.42575077675902,0.7799895348377116,5.6,0.6,0.0,2.0,0.6,1.0,0.0,5.0,0.6,0.5555555555555556,120.0,0.0,0.0,0.0,0.0,0.0,0.0,0.0,0.0,0.0,0.0,0.0,0.0,0.0,0.0,0.0,0.0,0.0,0.0,0.0
2275052,2019-09-15,965,971,0,0,1.0,1.2,0.2,3.0,0.6,0.8,0,2,3.0,3.1567912123,Draw,1.4163970135600004,0.98264569286,14.4,5.2,44.1901958557126,0.6652180232675382,3.6,1.0,0.0,2.0,0.2,0.0,0.0,2.0,0.2,0.2,8.0,1.0,2.4935450582,0.5029560821799999,20.4,7.0,61.98107117230612,0.7966560396747978,5.4,0.2,0.0,3.0,0.4,2.0,0.0,6.0,0.6363636363636364,0.5555555555555556,7.0,1.0
2275094,2019-09-15,972,969,0,0,1.0,2.0,0.2,1.8,0.6,0.8,0,2,3.0,2.8828450797,Home Win,0.7970390164,1.6729123944800002,7.6,2.4,46.82069423655456,0.7175700036591792,2.4,1.0,0.2,0.0,0.8,0.0,2.0,0.0,0.2,0.4545454545454545,7.0,1.0,1.4209070018,0.7455358717199999,17.0,6.4,62.96492971547038,0.7670219914469669,6.6,0.6,0.0,2.0,0.4,0.0,1.0,0.0,0.5,0.7,7.0,1.0
2275107,2019-09-15,974,746,0,0,2.2,1.2,0.6,1.8,1.2,0.8,0,1,4.5,4.4143208759500006,Away Win,1.52508568152,1.41492903594,14.4,4.6,55.6352314080377,0.7382226680844508,4.6,0.6,0.0,3.0,0.4,1.0,0.0,1.0,0.4,0.4545454545454545,7.0,1.0,2.1111830542000005,1.16745261268,17.2,7.0,59.83007476386838,0.8124561705462083,9.0,1.0,0.0,1.0,0.6,1.0,0.0,1.0,0.7272727272727273,0.7,8.0,1.0
2275034,2019-09-15,749,966,0,0,0.0,1.0,0.0,1.4,2.4,0.2,0,0,0.0,0.0,Home Win,0.3236008797,1.817601179,7.0,2.0,37.814207650273225,0.7774566473988439,2.0,2.0,0.0,0.0,0.0,0.0,1.0,0.0,0.0,0.0,7.0,1.0,1.06045034852,1.22237694202,7.4,3.2,37.014063808954354,0.6294116505296015,2.2,0.6,0.0,0.0,0.6,0.0,2.0,0.0,0.3,0.3,7.0,1.0
2275041,2019-09-15,967,973,0,0,1.2,1.6,0.4,0.8,1.6,0.2,0,2,1.5,2.34461899995,Home Win,1.0861497436,0.9244096511,11.2,5.0,46.884564376608914,0.6402600025770779,5.6,1.0,0.0,1.0,0.6,2.0,0.0,2.0,0.2,0.2,7.0,1.0,0.53094527698,2.15229611114,9.6,3.0,43.16306596622074,0.6224217904457672,3.0,0.2,0.0,2.0,0.4,0.0,0.0,1.0,0.2727272727272727,0.4,8.0,1.0
2275156,2019-09-16,1475,968,0,0,0.0,1.0,0.0,2.0,0.4,1.0,0,0,0.0,0.0,Away Win,0.6087221030000001,0.364264494,8.0,2.0,39.04179408766565,0.7284595300261096,3.0,0.0,0.0,0.0,0.0,0.0,1.0,0.0,0.0,0.0,9.0,1.0,1.66528999726,0.5423067205999998,16.0,6.2,59.343905921399504,0.8092502461797914,8.8,1.4,0.0,3.0,0.4,9.0,0.0,9.0,0.9090909090909092,0.9,8.0,1.0
303666,2019-09-21,1049,217,0,0,1.6,1.8,0.4,1.8,0.6,0.8,0,3,2.6666666666666665,0.0,Home Win,0.014366697,1.6633421530000003,1.0,0.0,45.79457364341086,0.705685618729097,1.0,4.0,0.0,0.0,0.6,0.0,2.0,0.0,0.3157894736842105,0.2,1057.0,0.0,1.61162684596,0.9004485616,14.2,6.4,65.27699594191395,0.8663440385998091,4.0,1.6,0.0,3.0,0.4,0.0,0.0,24.0,0.8333333333333334,0.6571428571428571,125.0,0.0
303430,2019-09-24,217,222,0,0,1.4,0.8,0.6,1.2,3.4,0.0,5,0,4.0,0.0,Home Win,1.46949282216,1.09483938986,13.6,5.8,69.8565477897036,0.8778203898735555,4.2,2.0,0.0,3.0,0.2,0.0,1.0,0.0,0.8333333333333334,0.647887323943662,3.0,1.0,1.2100948378,2.4101841054000004,13.0,5.4,35.98640789770906,0.814841910428769,3.0,3.2,0.2,0.0,0.6,0.0,0.0,1.0,0.5454545454545454,0.2727272727272727,175.0,0.0
2275138,2019-09-28,1475,966,0,0,0.0,1.0,0.0,1.2,1.6,0.2,0,0,0.0,0.0,Home Win,0.643416955,1.1028051340000002,7.5,1.5,36.71457293316089,0.7133676960475376,3.0,0.5,0.0,0.0,0.0,0.0,2.0,0.0,0.0,0.0,12.0,1.0,0.8868735691199999,1.20159106948,7.8,2.8,39.9664089263582,0.6503856765036274,2.8,0.8,0.2,0.0,0.4,0.0,3.0,0.0,0.3,0.2727272727272727,13.0,1.0
2275131,2019-09-29,967,746,0,0,1.6,1.4,0.6,1.4,0.6,0.8,0,2,4.0,3.3021087726500005,Away Win,1.1535055513,1.0518909668999998,12.6,5.6,45.25892795851967,0.6593302065250265,6.4,1.4,0.0,2.0,0.6,3.0,0.0,3.0,0.2727272727272727,0.2,14.0,1.0,1.92375445,0.6921320302,16.8,6.6,62.18040480636701,0.8308021504394276,9.0,0.8,0.0,2.0,0.4,2.0,0.0,2.0,0.7272727272727273,0.7272727272727273,14.0,1.0
2275048,2019-09-29,972,749,0,0,1.0,1.8,0.4,0.5,0.5,0.5,0,0,0.0,0.0,Away Win,0.924195526,1.27166396274,9.2,2.8,47.65733166696827,0.7328068094497903,3.0,1.0,0.2,1.0,0.6,1.0,0.0,1.0,0.2727272727272727,0.4545454545454545,14.0,1.0,0.8073290015000001,1.0512070295,14.0,4.5,47.70666329650225,0.7979061439671083,2.5,1.5,0.0,1.0,0.0,1.0,0.0,1.0,1.0,0.0,14.0,1.0
2275121,2019-09-29,968,965,0,0,2.0,0.4,1.0,1.0,1.2,0.2,2,0,4.5,3.0815730785,Home Win,1.6682307950000002,0.5448649009999998,17.2,6.2,62.39308593241644,0.8303024160242176,9.4,1.8,0.0,3.0,0.4,10.0,0.0,10.0,0.9090909090909092,0.9090909090909092,13.0,1.0,1.0135256811600002,1.17755561546,12.0,3.8,39.85207898352203,0.6656179252523459,3.6,0.8,0.0,2.0,0.2,0.0,0.0,3.0,0.1818181818181818,0.2,14.0,1.0
2275108,2019-09-29,973,971,0,0,0.6,2.0,0.0,2.0,0.8,0.6,0,1,3.0,2.46357869995,Away Win,0.5474705938400001,1.8750592559,10.2,3.2,43.6095197087948,0.6483619100130016,2.4,0.2,0.0,1.0,0.4,0.0,1.0,0.0,0.2727272727272727,0.3636363636363636,14.0,1.0,2.3162215948,0.53191895778,19.6,6.2,62.43446964697132,0.7921678208180689,5.8,0.4,0.0,2.0,0.6,0.0,0.0,7.0,0.6363636363636364,0.5,14.0,1.0
303473,2019-10-06,217,213,0,0,1.4,1.0,0.6,1.4,3.0,0.0,6,1,3.875,0.0,Home Win,1.13879399956,1.12089249706,12.2,5.6,66.07120362338915,0.8763552629098077,4.6,2.6,0.0,2.0,0.4,1.0,0.0,1.0,0.8354430379746836,0.647887323943662,12.0,1.0,1.301750927,1.81801239606,13.8,4.2,43.727390179533415,0.8017121141829568,4.4,2.2,0.0,0.0,0.8,0.0,2.0,0.0,0.6363636363636364,0.0,225.0,0.0
2275028,2019-10-12,746,969,0,0,1.2,0.4,0.8,1.2,0.6,0.6,2,0,3.0,1.7564598187000002,Home Win,1.9987315977,0.6460060874,16.4,6.8,59.1145162487383,0.8231658932762537,6.4,1.2,0.0,3.0,0.2,3.0,0.0,3.0,0.7272727272727273,0.75,13.0,1.0,1.31616890826,0.5131019313199999,18.2,6.8,62.8106226990944,0.7920683455545083,6.0,1.0,0.0,2.0,0.2,0.0,2.0,0.0,0.5,0.6363636363636364,27.0,0.0
2275127,2019-10-13,974,967,0,0,1.2,1.6,0.4,1.4,1.0,0.6,1,1,4.0,2.4963817546,Home Win,1.08444618898,1.61038318156,12.0,2.8,50.88502091126532,0.7213289862183154,4.0,0.6,0.0,2.0,0.4,0.0,1.0,0.0,0.3636363636363636,0.4545454545454545,28.0,0.0,0.9014290017,1.2327998244,12.2,4.8,43.88943800967981,0.6813031527473953,6.8,1.4,0.0,2.0,0.4,0.0,1.0,0.0,0.25,0.2,14.0,1.0
2275063,2019-10-13,971,968,0,0,2.0,0.8,0.6,2.4,0.2,1.0,1,1,4.0,2.826574345,Home Win,2.4620635484,0.52703874318,21.2,7.6,60.48754946475702,0.7897585573404682,8.0,0.4,0.0,2.0,0.6,1.0,0.0,8.0,0.6363636363636364,0.5454545454545454,14.0,1.0,1.7041544476,0.526750135,17.4,6.6,65.33268507953798,0.8448859223446729,9.8,1.6,0.0,4.0,0.2,11.0,0.0,11.0,0.9166666666666666,0.9090909090909092,14.0,1.0
2275139,2019-10-13,749,1475,0,0,1.0,0.3333333333333333,0.6666666666666666,0.6666666666666666,0.6666666666666666,0.3333333333333333,0,0,0.0,0.0,Away Win,0.7502113033333334,1.3474372566666666,13.333333333333334,4.0,46.45800025010262,0.7534496763827581,2.333333333333333,1.3333333333333333,0.0,2.0,0.0,2.0,0.0,2.0,1.0,0.5,14.0,1.0,1.5157550303333334,0.8916592060000003,12.666666666666666,4.0,43.76613175366497,0.7405714905309942,4.0,0.6666666666666666,0.0,1.0,0.0,1.0,0.0,1.0,0.5,0.0,15.0,0.0
2275070,2019-10-13,966,973,0,0,1.0,1.6,0.2,0.6,2.6,0.0,1,1,5.0,2.365729715,Draw,0.75300034512,1.51105408508,8.0,2.6,43.17928890524348,0.663225801895477,2.8,1.4,0.2,0.0,0.2,0.0,4.0,0.0,0.3,0.25,15.0,0.0,0.41167294084,2.0955205331,8.8,2.8,43.31017883079456,0.6659710605221381,2.6,0.4,0.0,1.0,0.4,0.0,2.0,0.0,0.25,0.3636363636363636,14.0,1.0
2275040,2019-10-13,965,972,0,0,1.0,1.8,0.2,0.8,1.8,0.4,1,1,2.5,1.8497175368,Away Win,0.8656154119,1.25062789864,10.2,3.6,35.89337440997444,0.663046037702145,3.6,1.2,0.0,2.0,0.2,0.0,1.0,0.0,0.1818181818181818,0.1818181818181818,14.0,1.0,1.2728813962,1.05966402646,11.8,3.0,51.653550698889454,0.7401621543337393,3.8,1.2,0.0,1.0,0.4,0.0,1.0,0.0,0.25,0.4545454545454545,14.0,1.0
303700,2019-10-19,322,217,0,0,1.0,3.4,0.0,2.0,1.0,0.6,0,7,4.25,0.0,Away Win,1.0466287188,2.35163092996,14.0,4.2,39.232868250395,0.7288971599438657,5.0,2.4,0.0,0.0,0.6,0.0,0.0,1.0,0.3636363636363636,0.1363636363636363,153.0,0.0,1.08240828646,1.31909307966,10.6,4.8,64.86797656930167,0.8841121287174349,4.8,2.8,0.4,2.0,0.4,2.0,0.0,2.0,0.8375,0.647887323943662,13.0,1.0
2275044,2019-10-27,968,746,0,0,1.8,0.6,0.8,1.4,0.2,0.8,1,1,1.5,2.1199186164,Home Win,1.3772352128,0.7779091184,13.8,5.6,62.64797113042352,0.8376273354766589,7.4,1.8,0.0,3.0,0.4,0.0,1.0,0.0,0.9166666666666666,0.8333333333333334,14.0,1.0,1.6219375938999998,0.63997287612,13.4,5.0,56.48743371705685,0.8269344139863127,4.8,1.4,0.0,4.0,0.0,4.0,0.0,4.0,0.75,0.75,15.0,0.0
2275084,2019-10-27,972,971,0,0,1.0,1.8,0.4,2.2,0.8,0.8,0,1,2.0,2.636830629,Away Win,1.21730162972,1.16885513762,10.4,3.2,51.758137388842,0.7375713282135015,4.0,1.6,0.0,1.0,0.4,1.0,0.0,1.0,0.25,0.5,14.0,1.0,2.214159799,0.53503139938,20.6,7.2,57.613556112220905,0.7948533946724616,7.0,0.4,0.0,2.0,0.6,2.0,0.0,9.0,0.6666666666666666,0.5454545454545454,14.0,1.0
2275051,2019-10-27,967,965,0,0,1.6,1.2,0.6,1.2,1.6,0.2,0,0,3.0,1.7921021022,Home Win,1.39845085442,1.3190815117,13.4,5.0,44.7576079823274,0.6597334670770326,5.8,1.6,0.0,2.0,0.4,0.0,2.0,0.0,0.25,0.1818181818181818,14.0,1.0,1.02146163146,1.2390416173599998,11.2,3.6,39.14075866859465,0.669899096352555,4.0,1.6,0.0,2.0,0.4,0.0,2.0,0.0,0.1666666666666666,0.1818181818181818,14.0,1.0
2275157,2019-10-27,1475,974,0,0,1.25,0.5,0.5,1.6,2.0,0.4,0,0,0.0,0.0,Home Win,1.6291693779999998,0.8704851697250001,15.75,5.25,44.55623299815727,0.7279525795595876,4.25,1.0,0.0,2.0,0.0,2.0,0.0,2.0,0.5,0.5,14.0,1.0,1.20787650686,1.97760953102,11.4,3.2,51.03595636504379,0.6959332473631773,4.4,0.8,0.0,1.0,0.6,1.0,0.0,1.0,0.4166666666666667,0.4545454545454545,14.0,1.0
2275033,2019-10-27,973,749,0,0,0.4,1.8,0.0,0.75,1.0,0.5,0,0,0.0,0.0,Away Win,0.3524174083,2.02700261464,7.8,2.4,39.974118514898414,0.6544840601559513,2.0,0.6,0.0,1.0,0.4,0.0,0.0,1.0,0.25,0.3333333333333333,14.0,1.0,0.764399242725,1.5029310477499995,13.75,4.25,48.111866004668414,0.7338725680215319,3.25,1.5,0.0,2.0,0.0,0.0,1.0,0.0,0.5,0.5,14.0,1.0
2275110,2019-10-27,969,966,0,0,0.8,1.0,0.4,0.2,1.4,0.0,2,0,2.0,1.52397426785,Home Win,1.04614469658,1.00300896552,15.2,6.2,58.37268822061468,0.794656223963315,6.0,0.8,0.0,2.0,0.0,0.0,3.0,0.0,0.5,0.5833333333333334,15.0,0.0,0.68448242666,1.45179855254,8.8,2.2,46.515349221139616,0.6900230245793542,3.4,1.4,0.2,0.0,0.2,0.0,0.0,1.0,0.2727272727272727,0.25,14.0,1.0
303600,2019-10-29,217,901,0,0,2.2,1.0,0.6,0.0,1.0,0.0,2,0,1.0,2.6007445115,Home Win,0.9560304114,1.18477021706,9.8,4.0,60.61909139650346,0.8754640890054265,4.4,2.6,0.4,2.0,0.4,3.0,0.0,3.0,0.8375,0.6527777777777778,10.0,1.0,0.390869389,2.2098751225,9.0,2.0,38.21288416307972,0.7590280273086597,5.5,2.0,0.0,0.0,0.0,0.0,2.0,0.0,0.0,0.0,255.0,0.0
303504,2019-11-02,221,217,0,0,0.6,2.6,0.2,2.8,0.8,0.8,0,5,3.2,0.0,Home Win,1.00220237468,2.08719866704,11.6,3.4,42.03258184327032,0.7748329753837697,6.2,2.6,0.2,0.0,0.4,0.0,4.0,0.0,0.35,0.0476190476190476,189.0,0.0,1.28109569704,0.99458253346,11.8,5.2,60.79356338915727,0.8739842264050122,5.2,2.2,0.4,2.0,0.4,4.0,0.0,4.0,0.8395061728395061,0.6527777777777778,4.0,2.0
303487,2019-11-09,217,209,0,0,3.0,1.0,0.8,0.8,2.6,0.0,3,1,4.5,0.0,Home Win,1.6019141382400002,0.7940052624,12.2,6.2,58.9285212793306,0.8743404869638777,4.8,3.0,0.4,2.0,0.6,0.0,1.0,0.0,0.8395061728395061,0.6438356164383562,7.0,2.0,1.18657414188,2.112679613,10.6,4.2,44.33726163102244,0.7961500577189674,3.6,3.6,0.0,0.0,0.4,0.0,1.0,0.0,0.45,0.3636363636363636,322.0,0.0
2275154,2019-11-17,971,1475,0,0,2.2,0.6,0.8,1.4,0.4,0.6,0,0,0.0,0.0,Home Win,2.0651448930000003,0.54487741514,21.8,8.2,57.63568120656705,0.7962169916576475,8.0,0.6,0.0,2.0,0.6,3.0,0.0,10.0,0.6666666666666666,0.5833333333333334,21.0,0.0,1.4921033886,0.8834954185800001,14.0,4.8,43.98077432194261,0.6996765512801788,3.8,1.0,0.0,3.0,0.0,3.0,0.0,3.0,0.6666666666666666,0.5,21.0,0.0
2275056,2019-11-17,966,967,0,0,0.2,1.4,0.0,1.4,0.8,0.6,0,1,3.0,3.1061678660000003,Away Win,0.72886427254,1.37825381498,9.4,2.6,47.63116843017917,0.7045660612098634,3.8,1.2,0.2,0.0,0.2,0.0,1.0,0.0,0.2727272727272727,0.2307692307692307,21.0,0.0,1.29448692412,1.3664177004,13.0,4.0,47.49550137841853,0.6879049521276874,5.8,1.4,0.0,3.0,0.2,1.0,0.0,1.0,0.3076923076923077,0.1818181818181818,21.0,0.0
2275082,2019-11-17,749,968,0,0,1.0,1.0,0.6,1.8,0.6,0.8,0,0,0.0,0.0,Away Win,1.02663400978,1.2924817127999997,15.4,4.4,50.687560436584974,0.7340287474865324,3.8,1.6,0.0,2.0,0.2,1.0,0.0,1.0,0.5,0.6666666666666666,21.0,0.0,1.38265968766,0.64662885528,13.4,5.0,64.15070177160538,0.8463525706177435,6.0,1.8,0.0,3.0,0.4,1.0,0.0,1.0,0.9230769230769232,0.8333333333333334,21.0,0.0
2275042,2019-11-17,746,972,0,0,1.4,0.2,0.8,1.2,1.6,0.4,2,0,6.0,4.2728714622,Home Win,1.49065733078,0.6453973509800001,12.0,4.6,54.984703075875,0.8179163124410589,3.6,1.2,0.0,4.0,0.0,0.0,1.0,0.0,0.75,0.6923076923076923,21.0,0.0,1.47825547872,1.27356031082,12.2,3.6,48.8619241349805,0.7282152506299461,4.4,1.4,0.0,1.0,0.6,0.0,1.0,0.0,0.2307692307692307,0.5,21.0,0.0
2275065,2019-11-17,965,969,0,0,0.4,2.0,0.0,0.8,1.0,0.4,1,0,3.0,2.5638373706000004,Home Win,0.97077001856,1.3440119661599998,11.4,3.2,40.34640060121175,0.666407256266767,3.6,1.6,0.0,1.0,0.4,0.0,3.0,0.0,0.1666666666666666,0.1666666666666666,21.0,0.0,0.97259995902,1.0473908114,15.8,6.0,57.256869011575134,0.7954760695149916,6.8,1.0,0.0,2.0,0.0,1.0,0.0,1.0,0.5454545454545454,0.5833333333333334,21.0,0.0
2275122,2019-11-17,974,973,0,0,1.2,1.8,0.4,0.4,1.8,0.0,2,0,2.0,2.10835381,Draw,1.1661722262599998,1.88067940992,11.8,3.0,50.97002698352036,0.6806580463736905,5.2,0.8,0.0,1.0,0.4,0.0,1.0,0.0,0.4166666666666667,0.4166666666666667,21.0,0.0,0.3617600582999999,1.98910500324,8.0,2.0,38.94910546973691,0.6507998496296354,2.4,0.6,0.0,1.0,0.4,0.0,1.0,0.0,0.2307692307692307,0.3333333333333333,21.0,0.0
303715,2019-11-23,205,217,0,0,1.0,2.4,0.2,3.4,1.0,0.8,1,5,3.8333333333333335,2.942996016316666,Away Win,0.95609686224,1.68784393574,11.0,4.4,29.045251578719693,0.6998689530295957,3.6,3.0,0.0,0.0,0.8,0.0,1.0,0.0,0.3333333333333333,0.0,307.0,0.0,1.7912367662399995,0.7387837687,12.2,6.8,59.73115274408095,0.8783518094134541,4.0,3.0,0.4,2.0,0.6,1.0,0.0,1.0,0.8414634146341463,0.6438356164383562,14.0,1.0
2275126,2019-11-24,967,749,0,0,1.4,0.8,0.6,1.0,1.2,0.6,0,0,0.0,0.0,Home Win,1.17864533552,1.39269517588,12.6,3.6,49.12029014930821,0.6994854505165862,5.4,1.4,0.0,3.0,0.2,2.0,0.0,2.0,0.3076923076923077,0.25,7.0,1.0,1.0841462108399995,1.316194615,16.0,4.6,49.57567947275885,0.7202302079754157,4.0,1.8,0.0,2.0,0.2,0.0,1.0,0.0,0.3333333333333333,0.6666666666666666,7.0,1.0
2275140,2019-11-24,1475,965,0,0,1.4,0.4,0.6,1.0,2.0,0.2,0,0,0.0,0.0,Home Win,1.4776599363999998,1.13240153098,13.8,4.6,45.58556104431558,0.699620555499396,4.6,1.4,0.0,3.0,0.0,0.0,1.0,0.0,0.6666666666666666,0.3333333333333333,7.0,1.0,0.8701202804599999,1.3846772934399998,10.0,3.0,38.05374782637296,0.6742899767666468,3.4,1.6,0.0,1.0,0.4,1.0,0.0,1.0,0.2307692307692307,0.1666666666666666,7.0,1.0
2275079,2019-11-24,968,966,0,0,1.8,0.4,0.8,0.2,1.4,0.0,2,0,5.5,3.227866339,Home Win,1.37701098746,0.6149986938800001,13.8,4.6,64.95602261241204,0.8500693181105634,6.2,1.2,0.0,4.0,0.2,2.0,0.0,2.0,0.9230769230769232,0.8461538461538461,7.0,1.0,0.7573115795199999,1.21048150998,11.8,2.8,48.985553289879405,0.7185412406531515,4.6,1.0,0.2,0.0,0.2,0.0,2.0,0.0,0.25,0.2307692307692307,7.0,1.0
2275093,2019-11-24,969,971,0,0,0.4,1.6,0.2,2.2,0.6,0.8,1,0,2.5,2.5967367078500003,Away Win,0.6633622605399999,1.3410511622,13.2,3.6,55.09682651688697,0.7965296328475334,6.6,1.0,0.0,1.0,0.0,0.0,1.0,0.0,0.5454545454545454,0.5384615384615384,7.0,1.0,2.0233836684,0.5874582076,20.4,8.0,55.7853771967156,0.7810123497566192,8.2,0.8,0.0,2.0,0.6,4.0,0.0,11.0,0.6923076923076923,0.5833333333333334,7.0,1.0
2275026,2019-11-24,973,746,0,0,1.0,2.4,0.0,2.2,0.2,0.8,0,0,3.0,4.229044034899999,Away Win,0.60629578706,2.098738216,8.2,2.6,36.01193825903993,0.6372025903985733,2.0,0.6,0.0,0.0,0.6,0.0,0.0,1.0,0.2307692307692307,0.3076923076923077,7.0,1.0,2.02929765058,0.61975339218,15.8,6.0,52.25658120671285,0.8082999798433599,5.6,1.4,0.0,4.0,0.0,1.0,0.0,1.0,0.7692307692307693,0.6923076923076923,7.0,1.0
2275049,2019-11-24,972,974,0,0,1.0,2.2,0.4,1.4,1.8,0.4,1,0,1.5,2.12906586015,Away Win,1.4204934021200002,1.4921716912199998,12.2,3.8,52.14212341464061,0.7368707730247422,4.6,1.2,0.0,1.0,0.4,0.0,2.0,0.0,0.2307692307692307,0.4615384615384615,7.0,1.0,1.37740105888,1.62040612152,13.4,4.0,55.40947264154695,0.698180435457654,6.2,1.0,0.0,1.0,0.4,0.0,0.0,1.0,0.3846153846153846,0.4166666666666667,7.0,1.0
2275102,2019-11-29,965,974,0,0,0.8,2.6,0.2,1.8,2.2,0.4,0,2,3.0,1.67572575845,Draw,0.8206526434599999,1.62217922584,8.6,3.0,39.600748251984896,0.6980063023259042,2.8,1.8,0.0,1.0,0.2,0.0,1.0,0.0,0.2307692307692307,0.1538461538461538,5.0,2.0,1.46417344928,1.6735915675199995,13.8,4.0,54.27606506164752,0.6758093994255101,5.8,1.4,0.2,0.0,0.6,1.0,0.0,2.0,0.3846153846153846,0.4615384615384615,5.0,2.0
2275116,2019-12-01,746,966,0,0,2.8,0.2,0.8,0.2,1.4,0.0,2,0,3.0,2.625928225,Home Win,1.94438143598,0.78638696266,16.6,6.2,55.66557813684915,0.823189857568372,5.6,1.4,0.0,4.0,0.0,2.0,0.0,2.0,0.7692307692307693,0.7142857142857143,7.0,2.0,0.74014082652,1.30857261612,11.6,3.2,46.42087003617213,0.7135195956315065,4.0,0.6,0.0,0.0,0.2,0.0,3.0,0.0,0.25,0.2142857142857142,7.0,2.0
2275104,2019-12-01,968,973,0,0,1.8,0.4,0.8,1.0,3.0,0.0,2,0,4.0,3.5824331055,Home Win,1.36504436346,0.5191681554800001,13.2,3.2,65.91800001039678,0.8527673100784348,5.6,0.6,0.0,4.0,0.2,3.0,0.0,3.0,0.9285714285714286,0.8461538461538461,7.0,2.0,0.68414689006,2.2115873696,6.8,2.2,33.22709441404199,0.6128793314082077,2.8,0.6,0.0,0.0,0.6,0.0,1.0,0.0,0.2142857142857142,0.3076923076923077,7.0,2.0
303524,2019-12-01,212,217,0,0,0.6,1.4,0.0,3.0,1.2,0.8,0,5,2.25,0.0,Away Win,0.4558905998,1.2900229629400002,7.0,2.4,36.07632626811259,0.75574278152468,2.4,3.6,0.2,0.0,0.6,0.0,1.0,0.0,0.6818181818181818,0.5416666666666666,239.0,0.0,1.81751125854,0.4639770485,11.4,6.4,63.926371374082194,0.8696587569854298,3.8,2.4,0.0,1.0,0.8,2.0,0.0,2.0,0.8414634146341463,0.6486486486486487,8.0,1.0
2275150,2019-12-01,972,1475,0,0,1.2,2.8,0.2,2.2,0.2,0.8,0,0,0.0,0.0,Home Win,1.4362579513200002,1.68030922896,11.6,3.8,53.207515088551546,0.7276753111794332,4.4,1.4,0.0,0.0,0.6,0.0,3.0,0.0,0.2142857142857142,0.4615384615384615,7.0,2.0,1.9516021604,0.77322674078,16.2,6.4,50.682880604550746,0.726281172559287,5.6,1.4,0.0,4.0,0.0,1.0,0.0,1.0,0.75,0.3333333333333333,7.0,2.0
2275109,2019-12-04,969,749,0,0,0.4,2.6,0.2,1.0,1.8,0.4,0,0,0.0,0.0,Draw,0.52908349994,1.693752843,11.4,3.2,51.04801086853401,0.7915483833533924,5.6,0.6,0.0,1.0,0.0,0.0,2.0,0.0,0.5,0.5384615384615384,10.0,1.0,1.02214803826,1.6391713931199998,13.6,3.4,47.91265759352047,0.6974791767206414,3.4,2.0,0.0,1.0,0.4,0.0,2.0,0.0,0.3333333333333333,0.5,10.0,1.0
303451,2019-12-07,217,1043,0,0,2.6,1.2,0.8,0.0,0.0,0.0,0,0,0.0,0.0,Home Win,1.7220051812,0.6413833445,12.2,6.6,65.74421188821427,0.8749734435404168,4.4,3.2,0.0,1.0,0.8,3.0,0.0,3.0,0.8414634146341463,0.6533333333333333,6.0,2.0,0.0,0.0,0.0,0.0,0.0,0.0,0.0,0.0,0.0,0.0,0.0,0.0,0.0,0.0,0.0,0.0,0.0,0.0
2275088,2019-12-08,973,969,0,0,1.2,4.4,0.0,0.6,2.6,0.2,1,1,1.0,1.7102060401,Away Win,1.09991587626,2.7515441180000004,8.0,2.6,31.165288767225785,0.6108118908333046,3.0,0.4,0.0,0.0,0.8,0.0,2.0,0.0,0.2142857142857142,0.2857142857142857,7.0,2.0,0.4978755549800001,1.81678175,10.4,2.8,49.10807407373169,0.7730028656930609,5.6,0.6,0.0,1.0,0.2,0.0,0.0,1.0,0.4615384615384615,0.5384615384615384,4.0,2.0
2275091,2019-12-08,749,965,0,0,0.8,2.0,0.2,1.2,2.2,0.2,0,0,0.0,0.0,Home Win,1.21924512426,1.35193732322,13.8,3.6,50.86341522188674,0.715308670583093,4.0,2.2,0.0,0.0,0.6,0.0,0.0,1.0,0.3333333333333333,0.4,4.0,2.0,1.0526375594599997,1.73813958744,10.2,4.2,42.585803309603335,0.6798670787649941,2.8,1.4,0.0,1.0,0.4,0.0,0.0,1.0,0.2142857142857142,0.1538461538461538,9.0,2.0
2275103,2019-12-08,966,972,0,0,0.2,1.2,0.0,1.8,2.8,0.4,2,0,1.0,2.43123930925,Draw,0.8300298822600002,0.8935964973200001,12.6,3.6,45.61995182605296,0.7225471986183342,5.0,0.0,0.0,0.0,0.2,0.0,4.0,0.0,0.25,0.2,7.0,2.0,1.15598971592,1.7914408601599998,10.4,4.2,51.02404016391466,0.7257295684442168,4.2,1.8,0.0,0.0,0.8,1.0,0.0,1.0,0.2666666666666666,0.4615384615384615,7.0,2.0
2275130,2019-12-08,971,746,0,0,3.2,0.4,1.0,2.8,0.2,0.8,0,0,2.0,3.4276891514,Home Win,2.1854105444,0.5606297405,20.4,8.8,53.59828911386416,0.7864660688900837,8.0,0.6,0.0,3.0,0.4,5.0,0.0,12.0,0.6923076923076923,0.6153846153846154,14.0,1.0,1.76389118508,0.7885287371999999,16.0,5.8,56.31950492571175,0.8285641687814442,7.4,0.6,0.0,4.0,0.0,3.0,0.0,3.0,0.7857142857142857,0.7142857142857143,7.0,2.0
2275086,2019-12-08,974,968,0,0,2.2,2.2,0.4,3.2,0.6,0.8,0,2,4.5,3.5519680091999994,Away Win,1.8466817253600003,1.50641898192,16.6,5.8,57.15779192937289,0.675017949424779,7.2,1.4,0.2,0.0,0.8,0.0,0.0,3.0,0.3846153846153846,0.4285714285714285,9.0,2.0,2.20068812966,0.92010754728,17.8,5.2,66.12603025614348,0.8521109505238968,6.4,0.6,0.0,3.0,0.4,4.0,0.0,4.0,0.9333333333333332,0.8461538461538461,7.0,2.0
2275146,2019-12-08,1475,967,0,0,2.2,0.8,0.6,1.6,1.0,0.6,0,0,0.0,0.0,Home Win,1.5378427368,0.78706457758,14.0,5.6,50.08464048171368,0.7128409122152609,5.8,1.8,0.0,3.0,0.2,0.0,1.0,0.0,0.75,0.25,7.0,2.0,1.34058480844,1.44964152636,13.4,4.2,47.46055322951815,0.6836551297559551,4.0,1.6,0.0,2.0,0.4,3.0,0.0,3.0,0.3571428571428571,0.25,14.0,1.0
303664,2019-12-14,210,217,0,0,1.2,2.4,0.0,2.6,1.4,0.8,1,6,3.125,0.0,Draw,0.81878778712,1.5222183884,11.4,4.4,43.42148650754025,0.8050205507350714,4.4,1.6,0.0,0.0,0.8,0.0,5.0,0.0,0.3181818181818182,0.2727272727272727,238.0,0.0,1.8996455437,0.7460741284999999,13.6,8.2,66.57535799495092,0.8842845034206324,4.8,3.8,0.0,1.0,0.8,4.0,0.0,4.0,0.8433734939759037,0.6533333333333333,7.0,2.0
2275097,2019-12-15,746,965,0,0,2.4,0.6,0.6,1.0,1.8,0.2,2,0,4.5,4.1472322127,Home Win,1.39042265408,1.2618156544,15.8,5.2,53.73081182351378,0.8041967883714214,7.4,0.8,0.0,3.0,0.2,0.0,1.0,0.0,0.7857142857142857,0.6666666666666666,7.0,2.0,1.0605324647,1.67128499672,12.0,4.2,43.492265547943305,0.6770821150142355,3.2,0.8,0.0,1.0,0.2,0.0,1.0,0.0,0.2142857142857142,0.1428571428571428,7.0,1.0
2275117,2019-12-15,967,968,0,0,1.8,1.4,0.6,3.6,0.2,1.0,0,2,3.5,3.1766818995,Away Win,1.21909717464,1.40507799086,12.0,3.8,48.40562407274867,0.6856453171741392,3.4,1.8,0.0,2.0,0.6,0.0,1.0,0.0,0.3571428571428571,0.2307692307692307,7.0,1.0,2.4347652362600005,0.84835380336,18.8,5.8,66.86672425558862,0.8381800586850634,6.6,0.2,0.0,4.0,0.2,5.0,0.0,5.0,0.9333333333333332,0.8571428571428571,7.0,2.0
2275075,2019-12-15,974,749,0,0,1.6,2.4,0.2,1.0,1.4,0.4,0,0,0.0,0.0,Home Win,1.69283569774,1.290851229,17.2,5.4,53.69655546254984,0.6696713641446667,6.8,1.8,0.2,0.0,0.6,0.0,1.0,0.0,0.3571428571428571,0.4285714285714285,7.0,1.0,1.38843038188,1.15593508002,12.8,3.4,50.6199016075149,0.7301751588376277,3.2,2.2,0.0,1.0,0.6,1.0,0.0,2.0,0.5,0.4,7.0,2.0
2275045,2019-12-15,966,971,0,0,0.2,1.2,0.0,2.8,0.6,1.0,0,2,2.5,2.287072065,Draw,0.90283720888,1.06628152146,11.8,3.6,41.4708686964686,0.6979795891396801,5.2,0.2,0.0,0.0,0.2,0.0,0.0,1.0,0.2307692307692307,0.2,7.0,2.0,2.1151490012,0.7145837623,20.6,8.4,51.70317700203377,0.7757176412171278,7.0,0.8,0.0,2.0,0.6,6.0,0.0,13.0,0.7142857142857143,0.6153846153846154,7.0,1.0
303596,2019-12-18,217,220,0,0,2.8,1.2,0.8,1.8,1.6,0.4,5,1,3.125,0.0,Draw,1.8544455511,1.1343863949,13.4,7.8,63.19543216194451,0.8777976651408181,5.2,2.8,0.0,1.0,0.8,0.0,0.0,5.0,0.8433734939759037,0.6447368421052632,4.0,2.0,1.40269161422,1.4929654803,16.0,4.8,52.97207074178922,0.8567696056408447,6.0,2.6,0.2,0.0,0.6,0.0,1.0,0.0,0.72,0.5652173913043478,291.0,0.0
303517,2019-12-21,217,206,0,0,2.0,1.0,0.6,0.2,3.0,0.0,5,1,3.1666666666666665,2.9787042091666667,Home Win,1.6866906087,1.2716892563,13.4,6.6,61.29774737149391,0.8729805600155691,5.2,2.6,0.0,2.0,0.6,0.0,0.0,6.0,0.8333333333333334,0.6447368421052632,3.0,3.0,0.71307637608,2.45168346038,7.2,2.2,25.311410756645245,0.6832177210756821,1.4,2.0,0.0,0.0,0.2,0.0,5.0,0.0,0.0,0.3333333333333333,242.0,0.0
303652,2020-01-04,214,217,0,0,0.2,3.0,0.0,2.4,1.0,0.6,0,6,3.25,0.0,Draw,0.5700064744000001,1.7935342652,8.0,2.0,32.840536844924905,0.6850391152020144,4.8,3.6,0.0,0.0,0.2,0.0,2.0,0.0,0.4090909090909091,0.1363636363636363,280.0,0.0,1.6854782471,1.3105169453000003,12.8,6.2,59.720965684951125,0.8804317968031905,4.6,2.6,0.0,2.0,0.6,1.0,0.0,7.0,0.8352941176470589,0.6447368421052632,14.0,1.0
2275072,2020-01-05,971,974,0,0,2.6,0.6,0.8,2.2,2.2,0.4,2,0,3.0,3.5078126659,Home Win,2.4605841685,0.7284397327000001,19.8,7.8,56.52678214526672,0.7713155283433387,6.8,1.0,0.0,2.0,0.6,0.0,0.0,14.0,0.7142857142857143,0.5714285714285714,21.0,0.0,2.35298557476,1.1951061586,19.8,6.2,53.06419051972458,0.6821494941747598,7.0,2.4,0.2,0.0,0.8,1.0,0.0,1.0,0.4,0.4285714285714285,21.0,0.0
2275054,2020-01-05,965,966,0,0,1.0,2.4,0.2,0.4,1.0,0.0,1,1,1.5,1.8325906953,Home Win,0.8448740518,2.2704220433200004,10.8,4.0,42.8803727628348,0.7061703140568588,3.4,0.8,0.0,1.0,0.2,0.0,2.0,0.0,0.2142857142857142,0.1333333333333333,21.0,0.0,0.89841088208,1.5172049005,12.2,4.4,40.87175593134314,0.677286801638923,5.2,0.8,0.0,0.0,0.4,0.0,0.0,2.0,0.2142857142857142,0.2,21.0,0.0
2275085,2020-01-05,749,746,0,0,0.8,1.8,0.2,3.4,0.4,0.8,0,0,0.0,0.0,Away Win,1.06633858208,1.91305536524,10.2,3.2,47.38998684090669,0.7116535566774116,3.2,2.0,0.0,1.0,0.6,0.0,1.0,0.0,0.5,0.3333333333333333,21.0,0.0,2.1160556696,1.09992815454,19.6,7.2,57.10659849383153,0.8092033791253084,9.4,0.6,0.0,4.0,0.2,1.0,0.0,1.0,0.8,0.6666666666666666,21.0,0.0
2275142,2020-01-05,1475,973,0,0,2.2,1.0,0.6,1.0,4.6,0.0,0,0,0.0,0.0,Away Win,1.5169970854000003,0.6858050828,12.0,5.4,51.47510359234752,0.7219617823339193,6.4,1.6,0.0,2.0,0.4,1.0,0.0,1.0,0.8,0.25,28.0,0.0,1.09788515078,2.63547718126,8.4,3.0,33.428260785699024,0.6344302236075414,3.0,0.6,0.0,0.0,0.6,0.0,3.0,0.0,0.2,0.2857142857142857,28.0,0.0
2275089,2020-01-05,968,969,0,0,4.0,0.4,1.0,1.0,2.0,0.4,2,0,2.5,2.45108640665,Home Win,2.8280624824,0.94226113708,19.8,6.8,67.78739520003799,0.8347307574659139,7.0,0.0,0.0,3.0,0.4,6.0,0.0,6.0,0.9333333333333332,0.8666666666666667,21.0,0.0,0.62644167098,1.3403780199799995,12.8,3.6,51.86876579994066,0.7554866319268271,5.8,0.8,0.0,2.0,0.2,1.0,0.0,2.0,0.4615384615384615,0.5714285714285714,28.0,0.0
2275078,2020-01-11,746,967,0,0,3.2,0.6,0.8,1.6,1.4,0.6,3,0,3.0,3.2001077142666667,Home Win,2.3420850956,1.30393019902,19.6,8.2,60.34117346337537,0.8199630700474907,8.6,0.6,0.0,3.0,0.4,2.0,0.0,2.0,0.8,0.6875,6.0,1.0,0.83649824992,1.65336169276,11.8,3.8,46.60904206130543,0.7052160515989481,3.6,1.4,0.0,2.0,0.6,0.0,2.0,0.0,0.3333333333333333,0.2307692307692307,27.0,0.0
2275077,2020-01-12,749,972,0,0,1.0,2.2,0.2,1.4,2.8,0.2,1,0,2.0,2.575873618,Home Win,1.24420871136,2.36334487184,10.0,3.4,48.24093199182963,0.7183124150604079,2.6,1.6,0.0,1.0,0.8,0.0,2.0,0.0,0.4,0.3333333333333333,7.0,1.0,0.9860699812,1.98806680976,11.2,3.6,50.52139888627339,0.7174092514027315,4.8,2.0,0.0,0.0,0.8,0.0,0.0,2.0,0.2666666666666666,0.4285714285714285,35.0,0.0
2275050,2020-01-12,974,969,0,0,1.8,2.2,0.4,0.6,2.4,0.2,0,2,2.0,3.3073348207500004,Home Win,1.9497417589,1.8353533798,16.8,5.4,45.79006878024139,0.627580585722661,6.0,2.4,0.4,0.0,0.8,0.0,1.0,0.0,0.4,0.4,7.0,1.0,0.5298997671200001,1.7611118287799996,9.8,3.0,46.314739414066494,0.7375607117528872,5.4,0.6,0.0,1.0,0.2,0.0,1.0,0.0,0.4615384615384615,0.5333333333333333,7.0,1.0
2275080,2020-01-12,971,973,0,0,2.6,0.6,0.8,1.0,4.2,0.2,2,0,3.333333333333333,2.666548332966667,Home Win,2.9895730073,0.5265787336999999,20.6,7.6,59.33933313237719,0.7711266722665231,6.0,0.8,0.0,2.0,0.6,1.0,0.0,15.0,0.7333333333333333,0.5714285714285714,7.0,1.0,1.04040466528,2.7319001065800004,7.2,3.0,31.006578134780817,0.616131311770988,2.8,1.2,0.0,1.0,0.4,1.0,0.0,1.0,0.2,0.3333333333333333,7.0,1.0
2275098,2020-01-12,965,968,0,0,0.6,2.4,0.2,4.0,0.4,1.0,0,3,4.333333333333333,2.6104488796666665,Away Win,0.62129432396,2.5325581996,9.2,2.8,41.960307358639184,0.6636738702446255,3.2,1.0,0.0,1.0,0.2,1.0,0.0,1.0,0.2666666666666666,0.1333333333333333,7.0,1.0,2.9619449574,0.90329674408,18.4,7.6,67.40820136118023,0.8298496457829494,7.2,0.0,0.0,3.0,0.4,7.0,0.0,7.0,0.9375,0.8666666666666667,7.0,1.0
2275090,2020-01-19,968,971,0,0,4.6,0.4,1.0,3.6,0.8,0.8,1,2,3.6666666666666665,2.496712241,Away Win,3.0295714476,0.8999978360800001,17.6,8.2,66.50267918090356,0.8329559520892555,6.2,0.2,0.0,3.0,0.4,8.0,0.0,8.0,0.9375,0.875,7.0,2.0,3.6064969307,0.4999222291,23.4,9.2,63.43934735915197,0.7860078624689465,6.6,1.0,0.0,1.0,0.8,2.0,0.0,16.0,0.75,0.5714285714285714,7.0,2.0
2275092,2020-01-19,969,746,0,0,0.6,2.0,0.2,2.8,0.8,0.8,0,3,3.0,2.1682592328,Away Win,0.5725338522600001,1.6570985326799998,10.6,3.6,43.39700413097688,0.6958592546474516,4.8,0.8,0.0,1.0,0.2,0.0,2.0,0.0,0.4615384615384615,0.5,7.0,2.0,2.5149062603,1.15448885622,21.0,8.0,56.74983588903403,0.8160451467534056,9.2,0.8,0.0,2.0,0.6,3.0,0.0,3.0,0.8125,0.6875,8.0,2.0
2275036,2020-01-19,967,974,0,0,1.4,2.0,0.4,1.4,1.8,0.4,1,2,4.333333333333333,3.162812419433333,Home Win,0.7224408347200001,1.88088414016,10.4,3.4,44.60484884218214,0.7252887937170056,3.4,1.6,0.0,1.0,0.8,0.0,3.0,0.0,0.3333333333333333,0.2142857142857142,8.0,1.0,1.854454951,1.77737530966,17.0,6.2,48.125082785843645,0.6428656953436245,6.0,2.0,0.2,1.0,0.6,1.0,0.0,1.0,0.4375,0.4,7.0,2.0
2275113,2020-01-19,972,965,0,0,1.4,2.6,0.2,0.6,2.4,0.2,2,1,3.0,2.2121746850000004,Home Win,0.7963268579999999,1.9905409947000003,10.2,3.2,52.353491717353634,0.7115853575280158,4.2,2.6,0.0,0.0,0.8,0.0,1.0,0.0,0.2666666666666666,0.4,7.0,1.0,0.6486928743599999,2.3469226352,9.4,2.6,40.75611241262872,0.6549264504532293,3.0,0.6,0.0,1.0,0.2,0.0,1.0,0.0,0.25,0.1333333333333333,7.0,2.0
2275029,2020-01-19,973,966,0,0,0.6,4.8,0.2,0.4,1.0,0.0,1,1,4.0,2.191539244,Away Win,0.80076297328,3.13148264712,6.6,2.8,30.098460817024943,0.6181716909280597,2.2,1.2,0.0,1.0,0.4,0.0,1.0,0.0,0.2,0.3125,7.0,2.0,1.0846730221,1.5568963562600002,11.0,4.4,42.15356533322532,0.6695698730207174,5.4,1.2,0.0,0.0,0.4,0.0,1.0,0.0,0.2142857142857142,0.1875,14.0,1.0
2275137,2020-01-19,1475,749,0,0,1.8,1.2,0.4,1.2,1.8,0.4,1,0,3.0,2.7763754819,Home Win,1.8397667401200004,0.5313541891000001,15.6,6.4,57.75906595269917,0.7658274189250129,7.8,2.0,0.0,1.0,0.4,0.0,1.0,0.0,0.6666666666666666,0.25,14.0,1.0,1.48201418242,2.13137997172,12.4,4.4,47.2348566347014,0.712317691342436,3.4,1.6,0.0,1.0,0.8,1.0,0.0,1.0,0.5,0.3333333333333333,7.0,2.0
303610,2020-01-19,217,1049,0,0,2.6,1.4,0.4,1.8,1.4,0.6,3,1,2.5,0.0,Home Win,1.7945098974,1.1515907478999998,13.0,6.6,60.45453166314485,0.8847603419228957,4.6,2.0,0.0,1.0,0.8,0.0,0.0,8.0,0.8352941176470589,0.6363636363636364,15.0,0.0,0.93163481215,1.0991472950000003,5.0,1.5,41.108069923963455,0.6868428093645484,2.5,3.5,0.0,1.0,0.4,1.0,0.0,1.0,0.35,0.2,120.0,0.0
303400,2020-01-25,207,217,0,0,1.4,2.0,0.0,1.8,1.0,0.4,1,3,3.375,0.0,Home Win,1.6240553087199998,1.66964998324,11.0,4.2,30.854453635097222,0.7626729589310358,3.4,2.4,0.2,0.0,1.0,0.0,0.0,2.0,0.2727272727272727,0.2272727272727272,357.0,0.0,1.4485075965,0.9853087499000004,11.6,4.4,63.65412776106344,0.8875263260040132,4.4,1.4,0.0,2.0,0.6,1.0,0.0,9.0,0.8372093023255814,0.6363636363636364,6.0,1.0
303682,2020-02-02,217,221,0,0,1.4,1.0,0.4,0.8,2.6,0.2,5,1,3.333333333333333,0.0,Home Win,1.2989849859000002,0.6843471039000001,12.6,4.6,68.80493807429937,0.90273402659648,3.4,1.8,0.0,2.0,0.4,0.0,1.0,0.0,0.8372093023255814,0.6282051282051282,8.0,2.0,1.00638350828,2.21756911184,11.2,3.0,38.311649334178696,0.7663653545249968,5.8,2.6,0.2,0.0,0.4,1.0,0.0,1.0,0.3809523809523809,0.0476190476190476,92.0,0.0
2275027,2020-02-02,965,967,0,0,0.4,2.4,0.2,1.8,2.2,0.4,0,1,2.6666666666666665,1.957871116633333,Home Win,0.88238822486,2.2049204022,10.2,2.6,41.74390583985877,0.6637747243145581,4.2,1.0,0.0,1.0,0.2,0.0,2.0,0.0,0.25,0.125,14.0,1.0,0.8595721018400001,1.90503344418,10.8,3.6,44.47724224398731,0.6902901193127874,3.0,1.6,0.0,0.0,1.0,1.0,0.0,1.0,0.375,0.2142857142857142,14.0,1.0
2275057,2020-02-02,971,972,0,0,3.2,1.0,0.8,1.8,1.8,0.4,2,0,2.6666666666666665,3.039990611666667,Home Win,3.4207810058999994,0.5688037203999999,23.4,8.0,60.98413770084792,0.7559664546014517,6.8,1.2,0.0,0.0,1.0,3.0,0.0,17.0,0.75,0.6,14.0,1.0,0.9912168734000002,1.8613357904,10.2,3.4,52.53216254580988,0.699240986911212,4.0,2.6,0.0,0.0,1.0,1.0,0.0,1.0,0.3125,0.4,14.0,1.0
2275153,2020-02-02,974,1475,0,0,1.2,2.0,0.4,2.4,1.0,0.6,0,1,2.0,1.879375845,Draw,1.6379013154,1.7314601725800003,14.4,4.8,47.6390690603933,0.6305210357507092,5.0,2.2,0.2,1.0,0.6,0.0,1.0,0.0,0.4375,0.375,14.0,1.0,2.21483103152,0.3667587197,18.2,7.8,61.479891704659096,0.7746541680812662,8.0,1.8,0.2,2.0,0.4,1.0,0.0,1.0,0.7142857142857143,0.25,14.0,1.0
2275037,2020-02-02,746,968,0,0,3.0,0.8,0.8,2.6,1.0,0.8,1,2,1.3333333333333333,1.8759706561666667,Home Win,2.7257399749,1.0690119676800005,21.6,7.8,56.0227950727075,0.8192576868248332,9.4,0.8,0.0,2.0,0.6,4.0,0.0,4.0,0.8125,0.7058823529411765,14.0,1.0,1.9775103586,0.83082430068,12.4,6.0,62.72715633473403,0.8096645660901434,4.6,0.6,0.0,3.0,0.4,0.0,1.0,0.0,0.8823529411764706,0.875,14.0,1.0
303707,2020-02-09,218,217,0,0,1.2,3.0,0.2,1.8,1.2,0.6,1,6,4.375,0.0,Away Win,0.97161330012,2.1052019538000004,11.0,4.0,44.45054095095953,0.8113652460811005,4.0,1.8,0.0,0.0,0.6,0.0,1.0,0.0,0.2727272727272727,0.2727272727272727,329.0,0.0,1.7401640899000004,0.777527103,15.4,6.0,71.94548019788793,0.9077696040458504,4.6,1.6,0.0,1.0,0.6,1.0,0.0,1.0,0.8390804597701149,0.6282051282051282,7.0,1.0
2275106,2020-02-12,746,973,0,0,3.2,0.6,1.0,0.6,4.0,0.2,1,0,3.6666666666666665,3.732641088933333,Home Win,2.7032778101000003,0.7720522992800001,20.8,7.6,54.99593402483597,0.8273991848819149,8.8,0.6,0.0,2.0,0.6,5.0,0.0,5.0,0.8235294117647058,0.7058823529411765,10.0,1.0,0.90536642708,3.0101545727600003,7.4,3.6,34.74321972948512,0.6188032463617718,2.4,1.4,0.0,1.0,0.4,0.0,2.0,0.0,0.1875,0.3125,24.0,0.0
2275073,2020-02-12,749,967,0,0,1.0,2.2,0.4,1.2,2.2,0.2,0,1,4.0,2.880763031,Draw,1.31488545682,2.5129997592199995,11.4,4.0,42.35799288300844,0.6960756227563366,2.4,1.6,0.0,1.0,0.6,0.0,1.0,0.0,0.5,0.2857142857142857,24.0,0.0,0.57201165612,1.8879943221,8.6,2.4,45.90922315090855,0.6989790216778571,2.8,1.4,0.0,0.0,0.8,0.0,1.0,0.0,0.375,0.2,10.0,1.0
2275038,2020-02-12,974,972,0,0,1.4,1.6,0.4,1.4,2.8,0.4,1,1,2.6666666666666665,2.314575347766666,Home Win,1.82881567572,1.50746214898,11.8,4.8,51.59573602264685,0.6436339525341219,5.0,2.2,0.2,1.0,0.8,0.0,0.0,1.0,0.4117647058823529,0.375,10.0,1.0,0.8002640852,2.43896859028,9.0,2.8,51.724274699014565,0.7142588298929725,3.8,2.8,0.0,0.0,0.8,0.0,1.0,0.0,0.3125,0.375,10.0,1.0
2275151,2020-02-12,965,1475,0,0,0.6,2.2,0.4,1.8,1.2,0.4,0,1,4.0,3.0932947500000005,Draw,0.86368211386,1.9667214408,8.2,3.0,40.53990588154672,0.6622266074285212,3.6,1.8,0.0,2.0,0.2,1.0,0.0,1.0,0.2941176470588235,0.125,10.0,1.0,1.69744503612,0.7621230711,15.8,6.4,58.12944041303134,0.7157003417977661,7.0,2.2,0.2,1.0,0.6,0.0,0.0,2.0,0.7142857142857143,0.2,10.0,1.0
2275074,2020-02-12,971,969,0,0,4.4,0.8,0.8,0.6,1.2,0.2,1,1,3.6666666666666665,2.6741962444,Home Win,3.77604693758,0.4391466665999999,22.2,8.4,59.984565721607545,0.7478803323960622,5.6,1.0,0.0,1.0,0.8,4.0,0.0,18.0,0.7647058823529411,0.6,10.0,1.0,0.6390859549599999,1.57095283568,10.6,3.6,43.08397911697652,0.7052594760314238,5.0,0.8,0.0,1.0,0.2,0.0,3.0,0.0,0.4285714285714285,0.5,24.0,0.0
2275062,2020-02-13,966,968,0,0,0.6,0.8,0.2,2.2,1.4,0.6,0,3,4.0,2.812068149,Away Win,1.25440215954,1.5223152838600005,13.0,5.2,46.18109231849878,0.6598495837588809,6.6,1.4,0.0,1.0,0.4,1.0,0.0,1.0,0.2142857142857142,0.2352941176470588,25.0,0.0,1.9068318998,0.7505499554,13.0,6.2,62.112124283113495,0.8247215700101276,4.8,1.4,0.0,2.0,0.6,0.0,2.0,0.0,0.8823529411764706,0.8235294117647058,11.0,1.0
303377,2020-02-15,217,216,0,0,1.6,1.4,0.6,0.6,1.6,0.0,5,0,2.6666666666666665,0.0,Home Win,1.7084764265,0.8874353922400001,15.8,6.4,72.25756975231843,0.9082638341425984,5.6,2.0,0.0,1.0,0.6,2.0,0.0,2.0,0.8390804597701149,0.6329113924050633,6.0,2.0,1.0058586980200002,1.4002874522,11.6,2.6,27.87057278829166,0.6483152510969673,3.0,4.0,0.2,1.0,0.6,0.0,2.0,0.0,0.2857142857142857,0.1428571428571428,279.0,0.0
303731,2020-02-22,217,322,0,0,1.6,1.2,0.8,0.6,3.2,0.0,8,0,4.111111111111111,0.0,Home Win,1.7446754083999998,0.95311338224,15.4,6.0,73.36269932598668,0.901499117336656,5.0,2.4,0.0,1.0,0.6,3.0,0.0,3.0,0.8409090909090909,0.6329113924050633,7.0,2.0,0.8963914326,1.6290195409,13.4,3.4,42.325135806426616,0.7630143295192026,4.6,2.8,0.0,0.0,0.4,0.0,1.0,0.0,0.3478260869565217,0.1363636363636363,126.0,0.0
2275144,2020-02-23,967,1475,0,0,1.4,2.0,0.2,1.6,0.8,0.4,0,1,4.0,2.165849751,Away Win,1.05261954632,1.6419334151,10.6,3.4,47.38780485284915,0.6999421812562802,2.6,1.6,0.0,0.0,0.8,0.0,0.0,1.0,0.375,0.1875,11.0,1.0,1.5674137385199998,0.9438902362,14.8,6.2,57.79169073923831,0.7190809564549765,6.4,1.6,0.2,1.0,0.6,0.0,0.0,3.0,0.7142857142857143,0.1666666666666666,11.0,1.0
2275083,2020-02-23,969,973,0,0,0.4,1.4,0.2,0.4,2.0,0.2,2,1,1.3333333333333333,1.5576940237,Away Win,0.58560356066,1.54377052748,9.0,2.6,42.77053354863445,0.7247608987179657,4.2,0.4,0.0,1.0,0.0,0.0,4.0,0.0,0.4285714285714285,0.4705882352941176,11.0,1.0,0.52016938948,2.1376039187600004,6.8,3.4,37.76948253337135,0.6405762779746202,2.2,1.4,0.0,1.0,0.2,0.0,3.0,0.0,0.1875,0.2941176470588235,11.0,1.0
2275133,2020-02-23,972,966,0,0,0.8,2.8,0.2,1.0,1.2,0.2,0,2,1.3333333333333333,2.644366224766667,Home Win,0.6925527784000001,2.69084811788,7.2,2.0,50.55702731225498,0.6888584294925721,3.2,2.4,0.0,0.0,0.6,0.0,2.0,0.0,0.3125,0.3529411764705882,11.0,1.0,1.2370474978,1.56600705906,11.4,5.0,45.67124502293719,0.6492272826256309,5.4,2.0,0.0,1.0,0.6,0.0,1.0,0.0,0.2,0.2352941176470588,10.0,1.0
2275030,2020-02-23,965,749,0,0,0.8,1.4,0.4,1.2,2.6,0.2,0,1,1.0,2.642290554,Away Win,1.09267124656,1.2941458322,8.2,3.2,41.52169052233519,0.6555762004788626,3.0,1.6,0.0,2.0,0.4,0.0,0.0,2.0,0.2777777777777778,0.125,11.0,1.0,1.11128351282,2.85586052582,11.0,3.6,41.284002598727206,0.6818180349423091,2.6,1.4,0.2,0.0,0.8,0.0,0.0,1.0,0.4285714285714285,0.2857142857142857,11.0,1.0
2275105,2020-02-23,746,971,0,0,2.4,0.6,1.0,4.6,0.6,1.0,0,1,2.333333333333333,3.448776098266667,Draw,2.2025321473000004,0.7439130620800001,18.8,6.6,55.24605674360343,0.8376188461435012,8.8,0.8,0.0,2.0,0.6,6.0,0.0,6.0,0.8333333333333334,0.7058823529411765,11.0,1.0,3.4424236298800004,0.3904542671999999,21.6,8.6,59.05761019369063,0.7642297459932766,6.8,0.6,0.0,2.0,0.6,5.0,0.0,19.0,0.7777777777777778,0.6,11.0,1.0
303470,2020-03-01,220,217,0,0,1.0,1.4,0.2,2.4,1.2,0.8,1,5,2.7777777777777777,0.0,Home Win,1.27920581892,1.5531156574999998,15.8,4.4,51.524758560299816,0.8534265823850309,7.0,3.0,0.2,1.0,0.4,0.0,0.0,1.0,0.72,0.5416666666666666,74.0,0.0,2.2319155744,1.04353814594,14.4,6.8,71.00172745031963,0.8890816587247073,4.6,2.4,0.0,1.0,0.6,4.0,0.0,4.0,0.8426966292134831,0.6329113924050633,8.0,1.0
303479,2020-03-07,217,210,0,0,2.4,1.2,0.8,1.2,2.2,0.0,6,1,3.2222222222222223,0.0,Home Win,2.2126981922,0.96003901714,13.4,6.6,67.62249611456775,0.8800570066345808,5.0,2.2,0.0,1.0,0.6,0.0,1.0,0.0,0.8426966292134831,0.625,6.0,2.0,1.22403826,1.396212138,12.4,4.0,44.5215368044269,0.8163758212314465,5.2,1.2,0.0,0.0,0.8,0.0,0.0,1.0,0.3043478260869565,0.2727272727272727,84.0,0.0
303548,2020-06-13,1043,217,0,0,2.0,5.0,0.0,2.2,1.0,0.8,0,1,7.0,4.3210624195000005,Away Win,1.050319794,3.2707426255,9.0,3.0,34.7331583552056,0.7934508816120907,4.0,0.0,0.0,0.0,1.0,0.0,1.0,0.0,0.0,0.0,189.0,0.0,2.0144640596,0.8077877813400001,11.4,6.2,65.02880887083538,0.865583215161523,4.2,2.6,0.0,2.0,0.4,1.0,0.0,1.0,0.8444444444444444,0.625,98.0,0.0
303532,2020-06-16,217,205,0,0,2.4,0.6,0.8,1.0,2.4,0.2,6,1,3.7142857142857135,2.801135006414285,Home Win,2.1413334042,0.7431603841000001,11.8,6.4,63.63034165781471,0.8653623443201068,3.2,2.2,0.0,3.0,0.2,2.0,0.0,2.0,0.8444444444444444,0.6296296296296297,3.0,1.0,0.8061524022400001,1.5795877034,10.4,4.0,27.704384106318702,0.6798756423369952,2.8,2.6,0.0,0.0,0.8,0.0,2.0,0.0,0.25,0.0,206.0,0.0
303674,2020-06-19,213,217,0,0,1.4,3.2,0.0,2.4,0.4,0.8,1,7,3.888888888888889,0.0,Draw,1.52492162966,1.87797997816,15.6,4.4,43.85855765247304,0.8017936226326661,5.8,2.4,0.0,0.0,0.8,0.0,3.0,0.0,0.6363636363636364,0.0,257.0,0.0,2.1287554208,0.7448075569,11.4,6.4,63.608735533488826,0.8748628416228978,3.4,2.6,0.0,4.0,0.0,3.0,0.0,3.0,0.8461538461538461,0.6296296296296297,3.0,2.0
303493,2020-06-23,217,215,0,0,1.4,0.4,0.6,0.2,1.6,0.0,6,1,2.0,0.0,Home Win,1.4345745039999998,0.7153523689999999,10.8,5.0,62.475649361731584,0.8752458366439624,4.2,3.0,0.0,4.0,0.0,0.0,0.0,4.0,0.8461538461538461,0.6219512195121951,4.0,3.0,0.9222772388,1.6796275820599995,11.8,3.6,38.23360885278648,0.7341846987571167,4.4,2.4,0.0,1.0,0.2,0.0,0.0,2.0,0.5217391304347826,0.3181818181818182,499.0,0.0
303516,2020-06-27,209,217,0,0,1.0,3.0,0.0,1.6,0.0,0.8,1,4,4.571428571428571,0.0,Draw,1.1491057801799998,2.1507386427999995,10.4,4.4,41.39611886938828,0.7933105403462013,3.2,2.8,0.0,0.0,0.6,0.0,2.0,0.0,0.45,0.3478260869565217,231.0,0.0,1.5557921385999998,0.6799586194,12.6,5.2,65.90444442195682,0.8713429635191213,5.0,3.0,0.0,5.0,0.0,1.0,0.0,5.0,0.8478260869565217,0.6219512195121951,4.0,4.0
303696,2020-06-30,217,212,0,0,1.8,0.4,0.6,0.4,1.2,0.0,6,0,2.111111111111111,0.0,Draw,1.5322778864,1.0660320882,13.6,4.4,68.51048107846205,0.8809226083915135,5.8,3.0,0.0,4.0,0.2,0.0,0.0,6.0,0.8478260869565217,0.6144578313253012,3.0,4.0,0.4943165434,1.11096643454,7.6,2.0,35.45452337346863,0.7705498928999092,3.0,3.6,0.2,0.0,0.4,0.0,2.0,0.0,0.6521739130434783,0.5416666666666666,212.0,0.0
303725,2020-07-05,222,217,0,0,1.2,3.0,0.0,1.4,0.8,0.4,0,6,3.888888888888889,0.0,Away Win,1.1671189407999998,2.0248638000000003,13.6,5.2,37.82810828034263,0.8281603722402219,3.4,2.8,0.2,0.0,0.6,0.0,1.0,0.0,0.5454545454545454,0.2608695652173913,285.0,0.0,1.4141044948,1.30934395906,13.6,4.0,70.22297885501393,0.8847268344036984,5.8,3.2,0.0,3.0,0.4,0.0,0.0,7.0,0.8387096774193549,0.6144578313253012,5.0,3.0
303615,2020-07-08,217,214,0,0,1.8,1.0,0.4,0.6,2.8,0.0,6,0,3.333333333333333,0.0,Home Win,1.6086787712,1.3404710862599998,15.2,5.6,68.88402513095579,0.8861501182343355,6.4,2.2,0.0,2.0,0.6,1.0,0.0,8.0,0.8387096774193549,0.6190476190476191,3.0,3.0,0.5717768672000001,1.7542819400999998,8.4,2.2,32.04468661237011,0.7005410721819094,4.6,3.4,0.0,0.0,0.4,0.0,0.0,1.0,0.391304347826087,0.1363636363636363,186.0,0.0
303680,2020-07-11,901,217,0,0,0.3333333333333333,2.333333333333333,0.0,2.0,1.0,0.6,0,3,2.6666666666666665,2.703631903333333,Away Win,0.4362015506666667,2.2674303526666666,9.0,1.6666666666666667,38.43821907168277,0.772216967464165,4.666666666666667,2.333333333333333,0.0,0.0,0.3333333333333333,0.0,3.0,0.0,0.0,0.0,256.0,0.0,1.7385652504,1.38842875856,15.0,5.4,71.01246710505546,0.8937669484355659,5.8,1.8,0.2,2.0,0.6,2.0,0.0,9.0,0.8404255319148937,0.6190476190476191,3.0,4.0
303634,2020-07-16,217,422,0,0,2.0,1.0,0.6,0.5,5.0,0.0,2,0,5.5,3.5575280768,Away Win,1.6488167938,1.40424420696,13.4,5.6,69.20943197103875,0.8974228562054527,5.6,1.8,0.2,2.0,0.6,3.0,0.0,10.0,0.8404255319148937,0.6235294117647059,5.0,3.0,0.0838279543,3.4737001225000004,3.5,1.5,22.223589549413106,0.6722736327999486,1.5,1.5,0.0,0.0,0.5,0.0,2.0,0.0,0.0,0.0,1177.0,0.0
303421,2020-07-19,206,217,0,0,0.4,2.6,0.0,1.8,1.0,0.6,1,6,3.4285714285714284,2.858610119857143,Away Win,0.53749328048,2.19394116166,6.4,2.0,25.44885496906796,0.685173028338252,1.6,2.6,0.0,0.0,0.4,0.0,6.0,0.0,0.0,0.25,211.0,0.0,1.48790871132,0.98120718286,13.4,5.6,71.50656620934947,0.9001460131187603,6.0,1.8,0.2,2.0,0.6,0.0,1.0,0.0,0.8315789473684211,0.6235294117647059,3.0,4.0
3764234,2020-09-05,2647,746,0,0,0.0,0.0,0.0,2.2,1.0,0.8,0,0,0.0,0.0,Away Win,0.0,0.0,0.0,0.0,0.0,0.0,0.0,0.0,0.0,0.0,0.0,0.0,0.0,0.0,0.0,0.0,0.0,0.0,1.8431388885000004,0.911160899,15.6,5.0,51.55092396124847,0.8242842656163539,7.8,0.8,0.0,2.0,0.6,0.0,0.0,7.0,0.7894736842105263,0.7058823529411765,195.0,0.0
3764231,2020-09-06,965,969,0,0,0.6,1.6,0.2,0.0,1.6,0.0,2,0,3.0,2.3950016791,Home Win,1.0828047168,1.20336912,8.6,3.0,42.81426262551034,0.6672321101198467,2.6,1.8,0.0,1.0,0.4,0.0,1.0,0.0,0.2631578947368421,0.125,196.0,0.0,0.5427092228599999,1.5986392115,7.4,2.4,43.49850289729345,0.7329029993357944,4.0,0.2,0.0,0.0,0.0,0.0,5.0,0.0,0.4,0.4705882352941176,196.0,0.0
3764230,2020-09-06,749,972,0,0,1.2,2.0,0.4,1.4,3.0,0.4,2,0,2.5,2.74291975185,Draw,1.30603589542,2.1039745515999995,11.2,4.0,43.39441164992857,0.6923512517255259,2.4,1.2,0.2,1.0,0.6,1.0,0.0,2.0,0.4285714285714285,0.375,196.0,0.0,0.8780644903999999,2.55622524914,6.8,2.6,50.77404555626866,0.6944875271232871,2.8,1.8,0.0,0.0,0.6,1.0,0.0,1.0,0.3529411764705882,0.3529411764705882,196.0,0.0
3764240,2020-09-06,973,967,0,0,0.6,1.6,0.4,1.6,2.0,0.2,2,1,1.6666666666666667,2.1585239713,Away Win,0.5750380735,2.0947095809600005,5.8,3.0,37.04151318471234,0.6383019501897291,2.0,1.2,0.0,2.0,0.2,1.0,0.0,1.0,0.1875,0.3333333333333333,196.0,0.0,1.16423691584,1.2446822506,10.8,3.8,50.77093744712551,0.679299013638785,3.4,1.4,0.0,0.0,0.8,0.0,1.0,0.0,0.3529411764705882,0.1875,196.0,0.0
3764232,2020-09-06,1475,971,0,0,1.6,1.0,0.4,4.6,1.0,0.8,0,1,1.0,2.145299898,Draw,1.41279982642,1.14451993012,13.2,5.2,56.30960057967538,0.6898075836739114,5.0,2.0,0.2,1.0,0.6,1.0,0.0,4.0,0.7142857142857143,0.2857142857142857,196.0,0.0,2.94924059608,0.7327270747999999,18.8,8.4,56.559278322826685,0.7719456708664796,6.6,0.6,0.0,2.0,0.6,0.0,0.0,20.0,0.7777777777777778,0.5625,196.0,0.0
3764233,2020-09-06,968,974,0,0,2.2,1.6,0.6,1.2,1.4,0.4,3,0,4.0,3.250846954933333,Home Win,1.5719597072,0.7678123776,12.0,5.6,62.31992677605477,0.8163003990288755,4.2,1.8,0.0,2.0,0.6,1.0,0.0,1.0,0.8823529411764706,0.8333333333333334,206.0,0.0,1.4717648561,1.4144393331799998,9.6,4.2,52.70674603174604,0.6502685180873127,4.2,1.8,0.2,2.0,0.6,1.0,0.0,2.0,0.4444444444444444,0.375,207.0,0.0
3764238,2020-09-12,972,968,0,0,1.4,2.8,0.4,3.0,1.8,0.6,0,3,5.333333333333333,3.629848704433333,Away Win,0.8860666358,2.2809771374,6.6,3.0,49.22146290472547,0.6963567050935436,2.6,1.4,0.0,0.0,0.6,0.0,0.0,2.0,0.3529411764705882,0.3333333333333333,6.0,1.0,1.9411051012,0.8884999808,13.6,6.0,60.50436070443466,0.8046189038985782,4.2,2.2,0.0,1.0,0.8,2.0,0.0,2.0,0.8888888888888888,0.8333333333333334,6.0,1.0
3764236,2020-09-13,974,2647,0,0,1.2,2.0,0.4,0.0,2.0,0.0,0,0,0.0,0.0,Home Win,1.5398638650999998,1.3441669631799995,10.6,4.0,54.8478368788228,0.7004990766902257,4.2,2.2,0.0,2.0,0.6,0.0,1.0,0.0,0.4444444444444444,0.3529411764705882,7.0,1.0,0.6288805719999999,4.002514137,7.0,2.0,37.03703703703704,0.7631578947368421,2.0,0.0,0.0,0.0,0.0,0.0,1.0,0.0,0.0,0.0,8.0,1.0
3764239,2020-09-13,967,749,0,0,2.2,1.4,0.4,1.2,1.4,0.4,1,0,4.0,3.109673849,Home Win,1.5933005218400005,0.8780521540999999,12.6,5.0,54.73393752006581,0.6780790442859935,5.2,1.2,0.0,1.0,0.6,1.0,0.0,1.0,0.3529411764705882,0.2352941176470588,7.0,1.0,1.16470400054,1.4224285063999995,11.8,4.4,46.49581513649997,0.69549065705181,3.2,1.0,0.2,1.0,0.6,0.0,0.0,3.0,0.375,0.375,7.0,1.0
3764235,2020-09-13,971,973,0,0,3.6,1.0,0.6,0.4,2.4,0.2,3,0,4.25,3.2740704977250004,Home Win,2.55850451388,0.9037769194,16.4,6.8,51.48670878929761,0.7638621600978865,5.4,0.2,0.0,2.0,0.6,0.0,0.0,21.0,0.7777777777777778,0.5294117647058824,7.0,1.0,0.6794217874,2.07991230784,7.0,3.2,38.69470467667928,0.6677083854360338,2.0,1.0,0.0,1.0,0.2,0.0,1.0,0.0,0.1764705882352941,0.3333333333333333,7.0,1.0
3764241,2020-09-13,746,965,0,0,2.0,0.8,0.8,1.0,0.8,0.4,3,0,4.666666666666667,4.167088913133333,Draw,2.1399715164,0.9692603516000002,14.2,5.2,53.147075272702274,0.8230839490052946,7.6,0.6,0.0,3.0,0.4,1.0,0.0,8.0,0.7894736842105263,0.7222222222222222,8.0,1.0,1.3767588204,0.8429951076,11.4,3.8,46.76247825671796,0.6778185901426653,2.8,1.8,0.0,2.0,0.4,1.0,0.0,1.0,0.3,0.125,7.0,1.0
3764237,2020-09-13,969,1475,0,0,0.0,1.6,0.0,1.8,1.0,0.4,0,0,0.0,0.0,Away Win,0.5229962474600001,1.4079706171,7.0,1.8,45.8991177229764,0.7210235667116808,2.8,1.0,0.0,0.0,0.0,0.0,6.0,0.0,0.4,0.4444444444444444,7.0,1.0,1.1529565938999995,1.65981039342,10.6,4.0,52.07555114256735,0.6851491985807436,4.2,1.8,0.2,1.0,0.8,0.0,0.0,5.0,0.625,0.2857142857142857,7.0,1.0
3773593,2020-09-27,217,222,0,0,2.4,0.6,0.8,1.4,3.4,0.0,7,0,4.0,0.0,Home Win,1.7750066275199998,0.6647997889999999,14.2,6.2,70.59858175847452,0.8997662758969177,5.6,1.2,0.2,3.0,0.4,1.0,0.0,1.0,0.8315789473684211,0.627906976744186,70.0,0.0,1.2363249026000005,1.893894451,13.8,5.0,37.83112268077372,0.8360008159704586,3.4,2.6,0.0,0.0,0.8,0.0,2.0,0.0,0.5217391304347826,0.2608695652173913,84.0,0.0
3773466,2020-10-01,209,217,0,0,1.4,2.4,0.0,2.4,0.4,0.8,1,4,4.5,0.0,Away Win,1.5680806073,1.987485748,11.0,5.0,40.63015274758984,0.8000808126957935,3.6,2.8,0.0,0.0,0.8,0.0,0.0,1.0,0.4285714285714285,0.3478260869565217,96.0,0.0,1.79902919772,0.5187838940999999,14.0,5.4,68.22064194948945,0.8932834020456228,6.0,1.2,0.2,4.0,0.2,2.0,0.0,2.0,0.8333333333333334,0.627906976744186,4.0,1.0
3775575,2020-10-03,2647,967,0,0,0.5,2.5,0.0,1.8,1.2,0.4,0,0,0.0,0.0,Away Win,0.9310792455,3.5887060976000003,7.5,2.0,41.847209326317966,0.7144147682639435,2.5,1.0,0.0,0.0,0.5,0.0,2.0,0.0,0.0,0.0,20.0,0.0,1.65466184472,0.7340585871,12.2,4.8,56.0716151694888,0.7153657180962018,6.0,1.6,0.0,2.0,0.4,2.0,0.0,2.0,0.3888888888888889,0.2352941176470588,20.0,0.0
3775657,2020-10-04,968,973,0,0,4.0,2.0,0.6,0.2,3.0,0.2,3,0,6.666666666666667,5.005327494333334,Home Win,2.5741947342,0.8842740126,15.8,8.6,59.09904287183757,0.8009620122564739,4.2,2.0,0.0,0.0,1.0,3.0,0.0,3.0,0.8888888888888888,0.8421052631578947,22.0,0.0,0.6104696016000001,2.36398621444,6.0,2.4,38.57388105585566,0.684030030274789,2.0,1.0,0.0,1.0,0.0,0.0,2.0,0.0,0.1764705882352941,0.3157894736842105,21.0,0.0
3775602,2020-10-04,972,974,0,0,1.2,4.4,0.2,1.6,2.2,0.4,1,2,2.5,2.348689436075,Away Win,0.6273431054,2.8557077771,5.2,2.6,46.73264436019419,0.6931437959982816,2.4,2.0,0.0,0.0,0.6,0.0,1.0,0.0,0.3333333333333333,0.3333333333333333,22.0,0.0,1.95003932964,1.43177270752,12.4,5.0,54.04969388903635,0.7061177137254635,4.0,2.4,0.0,1.0,0.8,1.0,0.0,1.0,0.4736842105263157,0.3529411764705882,21.0,0.0
3775562,2020-10-04,1475,965,0,0,2.2,1.4,0.4,0.8,0.4,0.4,1,0,3.0,2.54108234225,Home Win,1.2715465049,1.6169327330199998,11.6,4.8,49.6024682580686,0.6920686530211896,3.8,1.6,0.0,0.0,1.0,1.0,0.0,6.0,0.625,0.375,21.0,0.0,0.9589996727,0.9327431014400002,9.8,2.8,44.1828320840082,0.6754837262430224,1.6,1.6,0.0,3.0,0.2,0.0,0.0,2.0,0.3,0.1176470588235294,21.0,0.0
3775545,2020-10-04,746,749,0,0,1.6,0.8,0.6,0.8,1.4,0.2,1,0,5.0,5.6881257544,Home Win,2.07276615544,0.9355035810000002,13.8,5.2,54.79414568783627,0.8169828532117279,6.6,0.6,0.0,3.0,0.4,0.0,0.0,9.0,0.75,0.7222222222222222,21.0,0.0,0.8031307849999999,1.5384929019999998,9.4,4.0,47.52434215182855,0.6992319505841482,3.4,1.0,0.2,1.0,0.4,0.0,1.0,0.0,0.375,0.3333333333333333,21.0,0.0
3775572,2020-10-04,969,971,0,0,0.4,2.4,0.0,4.6,0.8,0.6,1,2,3.25,2.4361134798,Away Win,0.4782322894,1.7841216408,6.0,1.8,46.70489598227578,0.7483316680264527,2.4,0.8,0.0,0.0,0.2,0.0,7.0,0.0,0.375,0.4444444444444444,21.0,0.0,3.4328877508800004,0.8148541716000001,20.6,9.8,57.41490849656708,0.796286402522129,6.2,0.0,0.0,3.0,0.4,1.0,0.0,22.0,0.7894736842105263,0.5294117647058824,21.0,0.0
3773672,2020-10-04,217,213,0,0,2.8,0.4,0.8,1.2,2.8,0.0,7,1,3.5,0.0,Draw,1.71586776472,0.45931306292,13.6,5.8,64.65404831291771,0.8822380004158207,6.2,2.0,0.0,4.0,0.2,3.0,0.0,3.0,0.8333333333333334,0.632183908045977,3.0,2.0,1.53365911566,1.60464857416,15.6,4.6,41.48816478653336,0.7908651399680693,5.6,3.0,0.0,1.0,0.6,0.0,0.0,1.0,0.6086956521739131,0.0,107.0,0.0
3775644,2020-10-10,749,1475,0,0,1.0,1.6,0.2,2.6,1.2,0.6,0,2,3.0,2.9870097449499995,Away Win,0.7159785162,1.6639049219999995,8.6,4.0,47.08532869423924,0.7084659906243067,4.0,1.2,0.2,1.0,0.6,0.0,2.0,0.0,0.375,0.3,6.0,1.0,1.9062627701,1.26478131474,14.6,5.8,51.2051308284731,0.736108558989884,4.2,1.2,0.0,1.0,0.8,2.0,0.0,7.0,0.6666666666666666,0.375,6.0,1.0
3775618,2020-10-11,974,969,0,0,1.6,1.6,0.6,0.4,2.2,0.0,1,2,1.6666666666666667,2.8446465247666666,Away Win,1.95041325974,1.5882591789999996,13.0,5.6,52.93561981496229,0.7079788936110607,4.2,2.2,0.0,2.0,0.6,2.0,0.0,2.0,0.4736842105263157,0.3888888888888889,7.0,1.0,0.4223878991999999,1.804381759,5.2,1.4,44.59115536509479,0.7259493817786202,1.6,0.8,0.0,0.0,0.2,0.0,8.0,0.0,0.3529411764705882,0.4444444444444444,7.0,1.0
3775611,2020-10-11,971,746,0,0,3.2,0.8,0.6,2.0,0.8,0.6,1,0,3.25,3.76843173495,Home Win,3.0033679462,0.8312202972,20.4,8.4,61.2368358786156,0.8214542857338077,7.2,0.0,0.0,3.0,0.4,2.0,0.0,23.0,0.7894736842105263,0.5555555555555556,7.0,1.0,2.54727342484,0.7600166992,17.0,6.0,60.33310397226326,0.8331173069932405,8.0,0.6,0.0,3.0,0.4,1.0,0.0,10.0,0.7619047619047619,0.7222222222222222,7.0,1.0
3775620,2020-10-11,967,972,0,0,3.0,1.0,0.6,1.2,3.0,0.2,1,1,2.0,2.3481049701,Home Win,2.10845703652,0.6923848305,13.6,6.4,55.16942195386595,0.7267700139340367,6.2,1.2,0.0,3.0,0.4,3.0,0.0,3.0,0.3888888888888889,0.2777777777777778,8.0,1.0,0.9604319822,2.1747970269199994,6.8,3.2,46.56932772519679,0.6757450573235614,2.8,1.4,0.0,0.0,0.6,0.0,2.0,0.0,0.3157894736842105,0.3333333333333333,7.0,1.0
3775543,2020-10-11,965,968,0,0,0.6,1.0,0.2,4.4,1.4,0.8,0,4,4.25,2.53336407975,Away Win,0.8321328404199999,1.56725904824,9.2,2.6,45.53100988687843,0.6849478375626924,1.8,1.4,0.0,2.0,0.2,0.0,1.0,0.0,0.3,0.1111111111111111,7.0,1.0,2.8323921896,0.5740889404,18.2,9.6,63.91683881416272,0.8185326406550185,5.0,1.6,0.0,0.0,1.0,4.0,0.0,4.0,0.8947368421052632,0.8421052631578947,7.0,1.0
3773587,2020-10-17,216,217,0,0,0.6,1.6,0.0,2.8,0.6,0.6,0,6,2.7142857142857144,0.0,Home Win,0.8776554704199999,1.3909074054,10.0,2.0,24.781253114101705,0.6157461740834459,3.2,2.8,0.0,1.0,0.6,0.0,3.0,0.0,0.2857142857142857,0.1363636363636363,245.0,0.0,1.8012192926,0.44343861472,13.8,5.6,62.6591226771968,0.8803261178433207,6.4,1.8,0.0,3.0,0.4,0.0,0.0,4.0,0.8247422680412371,0.632183908045977,13.0,1.0
3775561,2020-10-18,972,1475,0,0,1.4,3.2,0.2,2.6,1.0,0.8,1,0,5.0,1.730190597,Away Win,1.1560745622000002,2.12283949292,8.6,4.2,49.1516275261461,0.7005530275114084,3.4,1.2,0.0,0.0,0.8,0.0,3.0,0.0,0.3157894736842105,0.3157894736842105,7.0,2.0,2.1327964519,1.07423328424,16.4,6.2,51.24294642184425,0.7314761862454726,5.4,2.0,0.0,2.0,0.6,3.0,0.0,8.0,0.6666666666666666,0.4444444444444444,8.0,2.0
3775636,2020-10-18,973,969,0,0,0.4,3.4,0.2,0.6,1.8,0.2,2,2,1.25,1.496405948275,Away Win,0.3269366751999999,2.5132777352,4.4,1.6,32.57859765697329,0.666557133704105,1.0,0.8,0.0,1.0,0.2,0.0,3.0,0.0,0.1764705882352941,0.3,14.0,1.0,0.4362191258,1.7439385346000005,5.2,1.6,44.438467264997776,0.6906527203013673,1.4,1.2,0.0,1.0,0.2,1.0,0.0,1.0,0.3529411764705882,0.4736842105263157,7.0,2.0
3775586,2020-10-18,968,749,0,0,5.2,1.0,1.0,0.6,1.4,0.2,1,0,2.0,2.547327575,Home Win,3.0516202463,0.5639932238,18.2,9.6,65.09673522646699,0.8231710233670002,6.0,0.8,0.0,1.0,0.8,5.0,0.0,5.0,0.8947368421052632,0.85,7.0,2.0,0.6879330318,1.4579931112,7.8,3.6,47.11246426354348,0.7073215952194172,4.0,1.4,0.0,1.0,0.4,0.0,3.0,0.0,0.3333333333333333,0.3,8.0,2.0
3775659,2020-10-18,974,746,0,0,1.4,1.6,0.6,2.0,1.4,0.4,0,2,3.6666666666666665,3.7199633898333335,Draw,1.7826212785400002,1.5571748935999996,16.0,5.8,53.76898456756694,0.722909669106491,4.8,1.6,0.0,2.0,0.4,0.0,1.0,0.0,0.45,0.3888888888888889,7.0,2.0,2.5242205814400003,1.3477895508,15.6,5.0,59.54791364483064,0.8136258531118902,6.2,0.8,0.0,2.0,0.6,0.0,1.0,0.0,0.7619047619047619,0.6842105263157895,7.0,2.0
3775582,2020-10-18,967,965,0,0,3.2,0.8,0.8,0.4,1.8,0.2,1,1,2.25,1.807844635475,Draw,2.00596483512,0.7610514847,13.0,6.6,54.027168050793854,0.731952625263427,7.2,1.0,0.0,3.0,0.4,4.0,0.0,4.0,0.4210526315789473,0.2777777777777778,7.0,1.0,0.6658286623199999,1.92368974474,9.0,2.8,43.02300002190704,0.6942518668667217,1.6,1.4,0.0,2.0,0.0,0.0,2.0,0.0,0.2857142857142857,0.1111111111111111,7.0,2.0
3773585,2020-10-24,217,220,0,0,2.6,0.4,0.6,1.4,0.8,0.4,5,2,2.7,0.0,Away Win,1.75558275588,0.67903501922,11.6,5.4,61.44603439206912,0.8751063668868377,4.8,1.6,0.0,3.0,0.2,0.0,1.0,0.0,0.8247422680412371,0.625,7.0,1.0,1.27020170984,1.0982202025,15.8,4.2,51.2457097402674,0.8632976814352344,7.2,3.0,0.0,2.0,0.4,1.0,0.0,2.0,0.7307692307692307,0.5416666666666666,237.0,0.0
3773386,2020-10-31,206,217,0,0,0.4,3.2,0.0,1.8,1.0,0.4,1,7,3.625,2.916221787125,Draw,0.4876808246799999,2.33397025886,5.6,1.6,26.47828920036602,0.7019475402926278,1.8,2.2,0.0,0.0,0.4,0.0,7.0,0.0,0.0,0.25,104.0,0.0,1.4227280269800002,1.1777770872200002,10.4,4.6,58.29170560217172,0.8670384674451366,6.0,2.2,0.0,2.0,0.4,0.0,2.0,0.0,0.8163265306122449,0.625,7.0,2.0
3775592,2020-11-07,749,974,0,0,0.6,2.6,0.0,1.2,1.8,0.4,0,1,4.0,4.7013998781,Draw,0.7301675121999999,1.876832168,7.6,3.0,42.13526686851723,0.7108713003066622,3.6,2.0,0.0,0.0,0.6,0.0,4.0,0.0,0.3333333333333333,0.2727272727272727,20.0,0.0,1.3376783689400005,2.0660991583999992,14.0,5.4,48.81989134453162,0.7120622892188635,4.4,1.4,0.0,1.0,0.6,0.0,0.0,1.0,0.4285714285714285,0.3888888888888889,20.0,0.0
3773477,2020-11-07,217,218,0,0,1.2,1.2,0.2,1.4,3.4,0.2,7,1,4.444444444444445,0.0,Home Win,1.3034917631800005,1.36697898592,12.0,4.4,62.82983444723477,0.8680774284840975,7.2,2.8,0.0,1.0,0.6,0.0,0.0,1.0,0.8163265306122449,0.6179775280898876,7.0,2.0,0.93274869364,2.2079763198,9.0,3.2,43.57548621442472,0.8348621195779741,2.4,2.2,0.0,0.0,0.6,0.0,2.0,0.0,0.2608695652173913,0.2727272727272727,272.0,0.0
3775625,2020-11-07,746,973,0,0,1.6,1.0,0.4,0.4,4.0,0.2,2,0,3.0,3.1900752701999995,Home Win,2.555015460440001,0.9257026382,18.2,5.0,63.35118822451523,0.815837142204186,7.2,0.6,0.0,2.0,0.6,0.0,0.0,1.0,0.7619047619047619,0.65,20.0,0.0,0.3519988669,2.6208758226,5.2,2.0,33.58743794651588,0.6584717027353786,1.4,1.0,0.0,1.0,0.2,0.0,4.0,0.0,0.1666666666666666,0.3,20.0,0.0
3775556,2020-11-08,965,2647,0,0,0.8,2.0,0.2,0.3333333333333333,3.6666666666666665,0.0,0,0,0.0,0.0,Away Win,0.7213159107199999,1.91290873788,8.8,3.0,42.91022619927824,0.698143882199892,2.0,1.2,0.0,2.0,0.2,0.0,0.0,1.0,0.2857142857142857,0.1052631578947368,21.0,0.0,0.8498867859999999,3.3027608987333337,8.333333333333334,2.0,43.44316324756111,0.7357616070269107,2.333333333333333,0.6666666666666666,0.0,0.0,0.3333333333333333,0.0,3.0,0.0,0.0,0.0,36.0,0.0
3775553,2020-11-08,969,972,0,0,1.4,1.6,0.4,1.0,3.6,0.0,2,1,2.333333333333333,2.4772580159,Away Win,0.6690999898000001,1.6936851681,6.0,2.6,43.46031395754554,0.6977693040885643,1.4,1.8,0.0,2.0,0.2,2.0,0.0,2.0,0.3529411764705882,0.5,21.0,0.0,0.8525925835999999,2.3999946119,8.2,3.8,49.83188762107743,0.7006583578657014,2.6,1.8,0.0,0.0,0.8,0.0,4.0,0.0,0.3,0.3157894736842105,21.0,0.0
3775645,2020-11-08,971,967,0,0,3.4,1.0,0.6,3.2,0.6,0.8,1,0,1.5,2.9177210434500003,Home Win,3.3263809406,1.0410298366,21.0,8.4,58.095920736018726,0.7957561326407949,6.4,0.4,0.0,2.0,0.6,3.0,0.0,24.0,0.8,0.5555555555555556,28.0,0.0,2.02219621534,0.6934869979999999,14.8,6.6,54.51218408826382,0.7519974281308105,7.2,1.0,0.0,3.0,0.4,0.0,0.0,5.0,0.4,0.2777777777777778,21.0,0.0
3775551,2020-11-08,1475,968,0,0,2.8,1.0,0.8,5.8,0.8,1.0,0,1,1.0,2.519457581,Home Win,2.4435170668000006,0.92301293212,18.4,7.4,50.27698778550148,0.7413723228133073,6.0,1.4,0.0,2.0,0.6,4.0,0.0,9.0,0.6666666666666666,0.5,21.0,0.0,3.2850285961,0.7275950386,18.8,10.6,66.11075531943445,0.8385699520522323,6.6,0.6,0.0,1.0,0.8,6.0,0.0,6.0,0.9,0.85,21.0,0.0
3775624,2020-11-14,1475,746,0,0,2.8,0.8,1.0,2.8,1.2,0.4,0,1,1.0,0.972986597,Draw,2.5357325562,0.44568624692,20.8,8.0,49.11722836143522,0.7290682707577024,5.8,1.0,0.0,3.0,0.4,5.0,0.0,10.0,0.7,0.5,6.0,1.0,2.50438573024,0.982743073,19.6,5.8,67.47827754047135,0.8234195205463484,8.0,0.6,0.0,1.0,0.8,1.0,0.0,2.0,0.7727272727272727,0.65,7.0,1.0
3775641,2020-11-14,2647,969,0,0,0.75,2.75,0.25,1.6,1.6,0.4,0,0,0.0,0.0,Away Win,0.8960886904999998,2.597876870175,9.0,2.75,44.35045509927589,0.7445041320994514,2.25,0.75,0.0,1.0,0.25,1.0,0.0,1.0,0.0,0.5,6.0,1.0,0.7890043884000001,1.61871879984,6.8,3.0,42.74439621192482,0.6967357123572981,1.6,1.2,0.0,2.0,0.4,0.0,1.0,0.0,0.3333333333333333,0.5,6.0,1.0
3775631,2020-11-14,973,749,0,0,0.4,5.6,0.0,0.6,2.6,0.0,0,1,3.0,2.526257451,Draw,0.4271497559,3.2159062356,4.8,1.8,28.70683649773728,0.6231323941566335,2.0,0.8,0.0,0.0,0.4,0.0,5.0,0.0,0.1666666666666666,0.2857142857142857,7.0,1.0,0.8091405845999999,1.9548060728,7.0,2.4,41.22666976820212,0.6806673753416012,3.4,2.2,0.0,0.0,0.6,0.0,0.0,1.0,0.3,0.2727272727272727,7.0,1.0
3775554,2020-11-14,967,974,0,0,2.4,1.4,0.6,1.2,0.8,0.4,2,2,4.25,2.896005066225,Draw,1.71223650694,1.0924112506,14.4,5.4,49.46939661040413,0.727351584705296,5.8,1.0,0.0,2.0,0.4,0.0,1.0,0.0,0.4,0.2631578947368421,6.0,1.0,1.36767328594,1.4135818352,14.0,5.4,50.67945876441748,0.6973106450076644,5.0,1.0,0.0,1.0,0.6,0.0,0.0,2.0,0.4285714285714285,0.3684210526315789,7.0,1.0
3775623,2020-11-15,972,965,0,0,1.2,3.6,0.2,0.4,2.4,0.0,3,1,3.0,2.625729128125,Away Win,0.95209663454,2.4246834077000003,9.2,4.0,51.72034533965176,0.7144035685936708,2.8,2.0,0.0,0.0,0.8,1.0,0.0,1.0,0.3,0.35,7.0,1.0,0.4875138490199999,2.05629261008,7.6,3.0,42.72652929916343,0.6913792674602868,2.4,2.0,0.0,1.0,0.2,0.0,1.0,0.0,0.2727272727272727,0.1052631578947368,7.0,1.0
3775627,2020-11-15,968,971,0,0,4.6,0.8,0.8,3.6,0.4,0.8,1,3,4.0,2.43376996825,Draw,2.4653877563,0.8675492492,16.6,9.0,65.5305343735467,0.8261657424620745,6.4,0.4,0.0,1.0,0.6,0.0,1.0,0.0,0.9,0.8095238095238095,7.0,1.0,3.3949949530000003,0.7496810102,22.2,8.4,59.17511092257048,0.7999199909944574,6.4,0.6,0.0,3.0,0.4,4.0,0.0,25.0,0.8095238095238095,0.5555555555555556,7.0,1.0
3773656,2020-11-21,212,217,0,0,0.6,1.4,0.0,1.6,1.6,0.2,0,6,2.3,0.0,Home Win,0.81244611046,1.1436988769399998,8.6,1.8,34.59405001655471,0.7777503625742983,2.8,4.0,0.2,0.0,0.4,0.0,0.0,1.0,0.6521739130434783,0.52,144.0,0.0,1.99287507278,1.4747879644,14.0,5.4,63.38180700298092,0.8755751313937454,7.6,2.4,0.0,0.0,0.8,1.0,0.0,2.0,0.8181818181818182,0.6179775280898876,14.0,1.0
3773547,2020-11-29,217,422,0,0,1.4,1.6,0.2,1.0,3.6666666666666665,0.3333333333333333,2,1,4.666666666666667,2.8672377539,Home Win,1.8530437481,1.4497719531999995,14.4,5.2,63.20124862178559,0.8768554388840855,8.0,2.2,0.0,0.0,0.6,0.0,1.0,0.0,0.8181818181818182,0.6111111111111112,8.0,1.0,0.2139248370333333,2.653312916866667,5.333333333333333,2.6666666666666665,21.934881720724874,0.6558095405107002,1.6666666666666667,1.3333333333333333,0.3333333333333333,0.0,0.6666666666666666,1.0,0.0,1.0,0.0,0.5,136.0,0.0
3775566,2020-12-05,2647,1475,0,0,0.6,2.4,0.2,2.2,0.8,0.8,0,0,0.0,0.0,Away Win,0.8911819712,2.1504997332,10.0,2.4,47.09326730522716,0.7487779088541643,3.4,0.8,0.0,1.0,0.2,0.0,1.0,0.0,0.0,0.5,21.0,0.0,2.26381707368,0.7807160633200001,18.6,7.2,47.67271422307379,0.7143866645507775,6.4,1.2,0.0,3.0,0.4,0.0,0.0,11.0,0.6363636363636364,0.5,21.0,0.0
3773428,2020-12-05,552,217,0,0,0.0,0.0,0.0,2.2,1.4,0.4,0,0,0.0,0.0,Home Win,0.0,0.0,0.0,0.0,0.0,0.0,0.0,0.0,0.0,0.0,0.0,0.0,0.0,0.0,0.0,0.0,0.0,0.0,2.5318211487,1.3407105120599998,17.0,7.0,62.85041864826125,0.8839817577482061,8.6,1.8,0.0,1.0,0.6,1.0,0.0,1.0,0.82,0.6111111111111112,6.0,2.0
3775621,2020-12-06,974,973,0,0,0.8,0.8,0.2,0.8,5.2,0.0,2,0,3.333333333333333,2.8378801231,Draw,0.8981322575,1.5661699932,10.6,3.2,50.08086515746732,0.6865778822187657,5.6,0.6,0.0,1.0,0.6,0.0,0.0,3.0,0.4285714285714285,0.35,22.0,0.0,0.6515830237,2.93987554172,5.0,2.2,28.230322587206825,0.6028638929886792,2.4,0.4,0.0,0.0,0.6,0.0,0.0,1.0,0.1578947368421052,0.2857142857142857,22.0,0.0
3775632,2020-12-06,967,746,0,0,2.4,1.6,0.4,3.2,1.6,0.4,0,4,3.25,3.114264362325,Away Win,1.8474413991400005,1.1854043261999998,16.6,5.6,49.2787201079823,0.7233360235145798,6.2,0.6,0.0,1.0,0.6,0.0,0.0,1.0,0.3809523809523809,0.2631578947368421,22.0,0.0,2.572962957,1.24725389468,20.6,6.0,64.96710558360424,0.8188742660586248,7.4,0.8,0.0,0.0,1.0,0.0,0.0,3.0,0.7727272727272727,0.6190476190476191,22.0,0.0
3775650,2020-12-06,971,972,0,0,3.6,0.4,0.8,1.0,2.0,0.2,3,0,4.0,3.4347415541000004,Home Win,3.1234147422,0.8692652824,21.0,7.4,58.54569297873413,0.778035112174647,5.4,0.8,0.0,3.0,0.4,0.0,0.0,26.0,0.8095238095238095,0.5263157894736842,21.0,0.0,1.2261210323399998,1.5521311661,12.0,4.4,55.42555271132981,0.7170230499016766,4.0,1.4,0.0,0.0,0.6,0.0,1.0,0.0,0.2857142857142857,0.35,21.0,0.0
3775588,2020-12-06,749,965,0,0,1.0,2.8,0.0,0.6,2.4,0.2,2,0,1.0,2.279011237,Home Win,0.9574046509199998,2.052240594,8.2,2.6,44.79048890302586,0.6971027494912609,4.6,2.0,0.2,0.0,0.8,0.0,0.0,2.0,0.3,0.25,22.0,0.0,0.6074513948199999,1.98184548364,7.6,3.2,44.089786644726416,0.6790072716400151,3.0,2.0,0.0,1.0,0.2,1.0,0.0,1.0,0.2727272727272727,0.15,21.0,0.0
3775584,2020-12-06,968,969,0,0,3.0,0.8,0.6,1.4,0.6,0.6,3,0,2.333333333333333,2.6413635994333333,Home Win,1.7796476829000003,1.111648944,14.0,5.8,64.7719861346637,0.8023398572096371,7.8,0.6,0.0,1.0,0.6,0.0,0.0,1.0,0.8571428571428571,0.8095238095238095,21.0,0.0,0.7469167440600001,1.1920746478400002,7.2,3.0,41.792381393485655,0.6913941861341015,2.0,1.4,0.0,3.0,0.2,1.0,0.0,1.0,0.3333333333333333,0.5238095238095238,22.0,0.0
3775637,2020-12-09,973,2647,0,0,1.0,3.6,0.0,0.6,2.4,0.2,0,0,0.0,0.0,Away Win,0.8569840565,2.39840900662,6.8,2.6,28.87913639022624,0.5812342633590495,3.2,0.2,0.0,0.0,0.8,0.0,0.0,2.0,0.1578947368421052,0.2727272727272727,3.0,1.0,0.9619882342,1.8612293128,10.2,2.6,47.7619698343948,0.7364604660324503,3.0,1.0,0.0,1.0,0.2,0.0,2.0,0.0,0.0,0.5,4.0,1.0
3775583,2020-12-13,746,968,0,0,3.0,1.4,0.4,3.0,0.6,0.6,2,2,1.75,1.8804381986250005,Home Win,2.3460082066,1.2614696096800002,20.0,6.0,62.89609711873389,0.8110195777915653,7.6,0.6,0.0,1.0,0.8,1.0,0.0,4.0,0.7727272727272727,0.6363636363636364,7.0,1.0,2.2803110273,1.0982326644,15.8,6.4,63.2073558288548,0.8027966479213475,9.0,0.6,0.0,2.0,0.4,1.0,0.0,2.0,0.8636363636363636,0.8095238095238095,7.0,1.0
3775558,2020-12-13,974,1475,0,0,0.8,1.0,0.0,2.0,0.8,0.8,0,1,2.0,2.1812811875,Away Win,1.3626095589000002,1.4240993058,15.2,4.6,54.136886519283074,0.7123772042324152,5.8,0.6,0.0,0.0,0.8,0.0,0.0,4.0,0.4090909090909091,0.35,7.0,1.0,2.04815462548,0.924991143,20.4,7.6,49.36960309175561,0.7218500436188492,7.8,1.0,0.0,3.0,0.4,1.0,0.0,12.0,0.6363636363636364,0.5454545454545454,8.0,1.0
3775616,2020-12-13,973,972,0,0,0.8,3.8,0.0,1.4,2.4,0.2,0,2,2.5,2.3338786665,Away Win,1.0288126785,2.46297077962,8.8,3.0,33.72811511339217,0.622227526747163,4.4,0.4,0.0,0.0,0.6,0.0,1.0,0.0,0.15,0.2727272727272727,4.0,2.0,1.15865829534,2.04057408812,12.0,4.2,53.12466375637217,0.7300408612845107,3.6,1.6,0.0,0.0,0.8,0.0,2.0,0.0,0.2857142857142857,0.3333333333333333,7.0,1.0
3775615,2020-12-13,749,2647,0,0,1.4,2.2,0.2,1.2,1.8,0.4,0,0,0.0,0.0,Home Win,1.56119499588,1.7886144993,10.8,3.4,48.66124040186085,0.6912052612331437,5.0,1.8,0.2,0.0,0.8,1.0,0.0,3.0,0.3636363636363636,0.25,7.0,1.0,1.1387069046,1.43626685516,11.0,3.4,49.519818130011416,0.762068770287208,3.0,0.8,0.0,2.0,0.0,1.0,0.0,1.0,0.0,0.6666666666666666,4.0,2.0
3775580,2020-12-13,965,971,0,0,0.8,2.4,0.2,2.4,0.8,0.8,0,2,2.6666666666666665,2.822235232533333,Away Win,0.8992952822,1.9287522464,9.0,3.6,44.01902109008989,0.6660307022517623,3.0,1.6,0.0,1.0,0.4,0.0,1.0,0.0,0.2727272727272727,0.1428571428571428,7.0,1.0,2.60591382772,1.1492742656,18.8,5.2,56.14174676885659,0.771858872307132,5.6,0.8,0.0,2.0,0.6,1.0,0.0,27.0,0.8181818181818182,0.5263157894736842,7.0,1.0
3773660,2020-12-13,217,221,0,0,2.2,1.2,0.4,0.8,2.4,0.2,6,1,3.2857142857142856,0.0,Home Win,2.5878126758,1.21964065558,19.2,7.8,68.89471650576802,0.8837311782831933,9.8,1.6,0.0,1.0,0.6,0.0,1.0,0.0,0.82,0.6043956043956044,8.0,2.0,0.969878736,2.43159523844,10.8,3.6,35.913820802941544,0.7790799467996748,5.8,2.0,0.2,0.0,0.4,0.0,1.0,0.0,0.3809523809523809,0.0454545454545454,315.0,0.0
3773523,2020-12-16,217,210,0,0,2.2,1.0,0.6,0.8,1.6,0.0,7,1,3.0,0.0,Home Win,2.5813854082,1.14118134158,19.0,8.8,65.90387769393477,0.8832029913862913,9.4,1.4,0.0,2.0,0.4,1.0,0.0,1.0,0.8217821782178217,0.6043956043956044,3.0,2.0,1.184683325,1.5519166003999998,11.8,3.0,43.68621090192249,0.8146278527332962,4.6,1.4,0.0,0.0,0.6,0.0,1.0,0.0,0.3043478260869565,0.2608695652173913,284.0,0.0
3773377,2020-12-19,217,207,0,0,1.6,0.8,0.6,1.4,1.2,0.2,3,2,3.2222222222222223,0.0,Draw,2.2737237582,1.32549965378,18.4,7.8,64.5823315235697,0.8744963332527629,8.0,1.6,0.0,2.0,0.4,2.0,0.0,2.0,0.8235294117647058,0.6043956043956044,3.0,3.0,1.68404217912,1.15958134564,11.4,4.4,30.655233216568128,0.7805851310501044,3.2,1.8,0.0,1.0,0.8,1.0,0.0,3.0,0.3043478260869565,0.2272727272727272,329.0,0.0
3775619,2020-12-20,965,974,0,0,0.8,1.6,0.2,1.0,1.2,0.0,0,2,3.333333333333333,2.253126128966666,Away Win,0.8111587523199999,1.6303220216,8.4,2.6,44.63016881514359,0.6575393486441297,3.0,1.6,0.0,1.0,0.4,0.0,2.0,0.0,0.2608695652173913,0.1428571428571428,7.0,2.0,1.2264611579000002,1.724464616,12.6,4.0,52.295414256669766,0.6986234344798632,4.6,1.0,0.0,0.0,1.0,0.0,1.0,0.0,0.391304347826087,0.35,7.0,2.0
3775610,2020-12-20,1475,973,0,0,2.2,1.0,0.8,0.8,3.8,0.0,0,1,1.0,2.7209696501,Home Win,2.0747850434800004,0.9265790354000002,20.4,7.2,48.326373550427206,0.7064936145715476,7.4,0.6,0.0,2.0,0.6,2.0,0.0,13.0,0.6363636363636364,0.5833333333333334,7.0,1.0,1.0889226068600002,2.42158260222,8.8,2.8,32.30071274625925,0.600286271855321,4.2,0.4,0.0,0.0,0.6,0.0,2.0,0.0,0.1428571428571428,0.2727272727272727,7.0,3.0
3775559,2020-12-20,968,967,0,0,2.2,1.0,0.4,1.2,2.2,0.2,3,0,3.6666666666666665,3.3924871446666667,Home Win,1.8446959522,1.20334819752,13.4,5.2,58.39991605487144,0.7856235506317537,7.4,1.2,0.0,1.0,0.6,0.0,1.0,0.0,0.8636363636363636,0.7727272727272727,7.0,2.0,1.38549428694,1.4287264821999996,14.4,4.0,47.103758041406806,0.714175793847927,6.2,1.2,0.0,0.0,0.6,0.0,1.0,0.0,0.3636363636363636,0.2631578947368421,14.0,1.0
3773571,2020-12-22,901,217,0,0,0.25,2.0,0.0,2.0,1.0,0.6,0,4,2.25,2.52624221,Away Win,0.518996794,2.007245416,10.0,2.5,37.78007095337845,0.7720198684552666,4.5,2.25,0.0,0.0,0.25,0.0,4.0,0.0,0.0,0.0,164.0,0.0,2.6615771696,1.54042063778,20.6,8.8,68.1378370248189,0.874293002344848,8.0,2.4,0.0,2.0,0.6,0.0,0.0,3.0,0.8155339805825242,0.6043956043956044,3.0,3.0
3773552,2021-01-03,902,217,0,0,2.0,8.0,0.0,1.8,1.0,0.6,0,1,10.0,5.778312607,Away Win,1.264742864,4.513569743,7.0,4.0,32.401157184185145,0.7648809523809523,4.0,2.0,0.0,0.0,1.0,0.0,1.0,0.0,0.0,0.0,854.0,0.0,2.5374754944,1.45358959802,20.8,8.8,66.05412465452306,0.8752339338473917,8.0,2.6,0.0,2.0,0.6,1.0,0.0,4.0,0.8155339805825242,0.6086956521739131,12.0,1.0
3764661,2021-01-06,215,217,0,0,0.2,1.2,0.0,1.8,0.6,0.8,1,7,1.9,0.0,Away Win,0.8953956313999999,1.8212505292,11.2,3.0,34.41499221115363,0.7132835714452607,4.4,2.0,0.0,1.0,0.2,0.0,1.0,0.0,0.5217391304347826,0.3043478260869565,197.0,0.0,2.7334616672,1.0721906927,20.6,8.4,63.42967224512442,0.8814384156401088,6.6,2.2,0.0,3.0,0.4,2.0,0.0,5.0,0.8155339805825242,0.6129032258064516,3.0,1.0
3773565,2021-01-09,1049,217,0,0,1.2,1.2,0.4,2.2,1.0,0.8,1,4,2.2,0.0,Away Win,0.6940598094333333,1.246341903666667,5.0,1.3333333333333333,34.85510549708599,0.6702721401389535,1.6666666666666667,3.333333333333333,0.0,1.0,0.2,0.0,1.0,0.0,0.35,0.1904761904761904,356.0,0.0,2.61615997066,1.0932426915,18.4,7.6,62.06631009543779,0.8818869741362146,5.0,2.0,0.0,2.0,0.6,3.0,0.0,6.0,0.8155339805825242,0.6170212765957447,3.0,2.0
3775606,2021-01-10,974,971,0,0,1.4,1.2,0.2,2.4,0.8,0.8,0,3,3.333333333333333,4.165858369266666,Away Win,1.3744530093000005,1.6576466548,14.0,4.4,54.92024444115632,0.7093027615163784,5.0,1.4,0.0,0.0,1.0,1.0,0.0,1.0,0.391304347826087,0.3809523809523809,21.0,0.0,2.30400586422,1.14187078252,17.6,5.6,54.91500110117055,0.7676742001002992,4.6,0.8,0.0,2.0,0.6,2.0,0.0,28.0,0.8181818181818182,0.55,28.0,0.0
3775567,2021-01-17,971,1475,0,0,2.8,0.6,0.8,2.6,0.8,0.8,1,0,1.5,3.071752851,Home Win,2.24828793442,0.906538402,17.4,6.2,56.80755303196778,0.7867952125829621,5.2,0.4,0.0,3.0,0.4,3.0,0.0,29.0,0.8181818181818182,0.5714285714285714,7.0,1.0,2.15143601738,0.99065000766,23.0,7.8,53.98839547911581,0.746766001952882,9.0,0.8,0.0,2.0,0.6,3.0,0.0,14.0,0.6666666666666666,0.5833333333333334,28.0,0.0
3775647,2021-01-17,969,965,0,0,1.4,1.0,0.6,0.6,1.8,0.2,0,3,2.6666666666666665,2.2533378314,Draw,0.72924774946,1.58334652324,7.2,3.4,41.180176247300494,0.6756487181355812,2.0,1.6,0.0,3.0,0.2,0.0,1.0,0.0,0.3333333333333333,0.5,42.0,0.0,1.1024066219199995,1.54658311206,10.4,2.8,46.00291045090741,0.6770678698265995,3.4,1.4,0.0,1.0,0.4,0.0,3.0,0.0,0.25,0.1428571428571428,28.0,0.0
3775608,2021-01-17,972,749,0,0,2.0,1.8,0.4,2.0,2.2,0.4,0,2,2.333333333333333,2.353191852566667,Away Win,1.30935108614,1.71984750398,13.6,4.8,54.9735506177308,0.7427665141051472,4.8,1.6,0.0,1.0,0.6,1.0,0.0,1.0,0.2857142857142857,0.3636363636363636,35.0,0.0,1.78051262848,1.5259663593,11.8,4.4,50.25934794336462,0.7121827571301089,5.6,1.8,0.2,0.0,1.0,2.0,0.0,4.0,0.4166666666666667,0.25,35.0,0.0
3775542,2021-01-17,967,973,0,0,0.6,2.8,0.0,0.8,3.4,0.0,2,2,2.25,2.411118441975,Home Win,1.00271104734,1.831145909,12.0,2.8,45.37730208198745,0.7264870573667873,5.4,1.0,0.0,0.0,0.4,0.0,2.0,0.0,0.3636363636363636,0.25,28.0,0.0,1.07971948912,2.2775040145200003,10.2,3.4,35.03065106506436,0.6277017232980763,4.0,0.6,0.0,0.0,0.6,0.0,3.0,0.0,0.1428571428571428,0.2608695652173913,28.0,0.0
3775626,2021-01-17,746,2647,0,0,3.2,1.0,0.6,1.4,1.2,0.4,1,0,2.0,4.631394709,Home Win,2.3172254161200003,0.67045779248,21.6,6.0,63.47308983101347,0.8240846993845146,8.4,0.2,0.0,1.0,0.8,2.0,0.0,5.0,0.782608695652174,0.6363636363636364,35.0,0.0,1.073387588,1.2083408289599995,10.8,3.4,49.27037204617384,0.7597264431687867,2.8,1.0,0.0,2.0,0.2,0.0,1.0,0.0,0.0,0.5,35.0,0.0
3775589,2021-01-17,974,968,0,0,1.2,2.0,0.2,1.8,0.8,0.4,0,4,4.75,3.80590595895,Draw,1.16224274198,1.9843079948000004,13.0,3.8,53.606981728194725,0.7139057464080458,4.8,1.6,0.0,0.0,0.8,0.0,1.0,0.0,0.375,0.3809523809523809,7.0,1.0,1.9285477166,0.92880408532,14.2,4.6,56.66717919480011,0.7845831324244351,7.6,1.0,0.0,2.0,0.4,1.0,0.0,1.0,0.8695652173913043,0.7727272727272727,28.0,0.0
3775571,2021-01-23,2647,974,0,0,1.0,2.6,0.2,1.2,2.0,0.2,0,1,4.0,4.4081759772,Draw,0.920304486,1.7510202622599995,9.4,2.6,47.1185787263497,0.7466968529744076,2.4,0.8,0.0,1.0,0.2,0.0,2.0,0.0,0.0,0.4,6.0,1.0,1.1345835641800002,2.0437717162,12.4,4.0,51.9911579384579,0.704463947466247,4.2,1.8,0.0,0.0,0.8,0.0,0.0,1.0,0.36,0.3809523809523809,6.0,2.0
3775594,2021-01-24,1475,969,0,0,2.6,1.2,0.6,1.2,1.0,0.4,1,0,7.0,3.576205261,Home Win,1.86905696418,1.3649273288600003,19.2,7.0,54.81831997830936,0.7398816482113852,9.0,1.0,0.0,1.0,0.8,0.0,1.0,0.0,0.6666666666666666,0.5384615384615384,7.0,1.0,0.71247271046,1.7177289375399998,7.4,3.4,42.764202375566526,0.6931886157567797,2.8,1.2,0.0,3.0,0.2,0.0,0.0,1.0,0.3157894736842105,0.5,7.0,1.0
3775629,2021-01-24,965,746,0,0,0.6,1.4,0.2,4.4,0.8,0.8,0,3,3.5,3.6819008569,Away Win,1.37681081412,1.38396349686,12.2,3.6,46.04237658179145,0.6798797923782184,3.0,0.8,0.0,2.0,0.4,0.0,0.0,1.0,0.25,0.1363636363636363,7.0,1.0,2.44762554152,0.67905014068,21.0,6.2,63.40418093977538,0.8349126110437355,7.2,0.2,0.0,2.0,0.6,3.0,0.0,6.0,0.7916666666666666,0.6363636363636364,7.0,1.0
3775646,2021-01-27,2647,971,0,0,1.4,2.8,0.2,2.4,0.8,0.8,0,0,0.0,0.0,Away Win,1.0324292772,2.1574774428000003,8.4,2.8,42.70193718278624,0.7168988731764279,1.0,1.0,0.0,1.0,0.4,0.0,0.0,1.0,0.0,0.4,4.0,2.0,2.15722106722,0.7812885871999999,16.8,5.6,54.67545842412189,0.7701697319752501,4.6,0.4,0.0,2.0,0.6,4.0,0.0,30.0,0.8260869565217391,0.5714285714285714,10.0,1.0
3775595,2021-01-30,973,965,0,0,0.4,3.8,0.0,0.6,2.8,0.0,1,0,0.3333333333333333,1.8471373734666667,Home Win,0.92385636272,2.5789428096,9.8,3.0,35.76560996339212,0.6521654086924217,4.0,0.6,0.0,0.0,0.4,0.0,4.0,0.0,0.1428571428571428,0.25,13.0,1.0,1.23918797492,1.76145747986,11.6,3.4,42.39037368311576,0.6988773727446199,2.2,0.6,0.0,1.0,0.6,0.0,1.0,0.0,0.24,0.1363636363636363,6.0,2.0
3773403,2021-01-31,217,215,0,0,2.6,0.8,0.8,0.6,1.4,0.0,8,1,2.1818181818181817,0.0,Home Win,2.38507307066,0.7980729323,18.4,7.6,65.91235362447193,0.8994332787576855,4.8,2.0,0.0,3.0,0.4,4.0,0.0,7.0,0.8155339805825242,0.6210526315789474,22.0,0.0,0.8015844456,1.58461578646,9.4,2.8,35.07498880601186,0.7360498442115335,3.8,2.2,0.0,1.0,0.4,0.0,2.0,0.0,0.5,0.3043478260869565,25.0,0.0
3775605,2021-01-31,971,749,0,0,3.0,0.6,1.0,2.0,1.0,0.6,1,0,1.0,2.1412020587,Home Win,2.14583822562,0.479573081,18.0,6.6,59.718746228703154,0.8039671009382815,7.0,0.4,0.0,3.0,0.4,5.0,0.0,31.0,0.8260869565217391,0.5909090909090909,4.0,2.0,1.61410870308,1.2007079019,11.2,4.2,54.20080997340999,0.7180915972290209,5.6,1.4,0.2,1.0,0.8,3.0,0.0,5.0,0.4166666666666667,0.3076923076923077,14.0,1.0
3775587,2021-01-31,967,1475,0,0,1.0,2.4,0.2,2.6,0.8,0.8,0,2,4.5,2.28088920555,Away Win,1.2478652248,1.8858977194,11.8,3.0,46.89408014591947,0.7446885231561203,5.0,1.2,0.0,1.0,0.2,1.0,0.0,1.0,0.391304347826087,0.25,14.0,1.0,2.1805462779,0.9231078070600004,21.0,7.0,60.13929242056328,0.7631197909039205,8.8,1.4,0.0,2.0,0.6,1.0,0.0,1.0,0.6923076923076923,0.5384615384615384,7.0,2.0
3775651,2021-01-31,746,972,0,0,4.2,0.8,0.8,1.6,1.2,0.4,3,0,5.666666666666667,4.027903775466666,Home Win,2.3815377719200006,0.54307716468,20.0,6.2,62.26804227220064,0.8390148702589556,6.4,0.2,0.0,2.0,0.6,4.0,0.0,7.0,0.7916666666666666,0.6521739130434783,7.0,2.0,1.38876041194,1.35430972178,14.4,5.8,53.25844572632328,0.7447929822606475,5.2,1.4,0.0,1.0,0.4,0.0,1.0,0.0,0.2727272727272727,0.3636363636363636,14.0,1.0
3775633,2021-02-06,2647,749,0,0,1.4,3.2,0.2,1.8,1.6,0.6,0,1,4.0,1.952145654,Home Win,0.9054099742,1.9112288358,7.4,2.4,40.59765823212668,0.7092891395664966,1.2,1.0,0.0,1.0,0.4,0.0,1.0,0.0,0.0,0.4,10.0,2.0,1.46212637988,1.4837726857,11.0,3.8,51.31259606494808,0.7405203155106852,5.2,1.2,0.2,1.0,0.6,0.0,1.0,0.0,0.4166666666666667,0.2857142857142857,6.0,1.0
3775655,2021-02-07,972,973,0,0,1.2,1.8,0.2,0.8,3.6,0.2,3,0,3.0,2.3290150991,Draw,1.1412605616,1.74382685598,12.0,4.8,46.78697086689567,0.7235947934762518,5.4,1.0,0.0,1.0,0.2,0.0,2.0,0.0,0.2727272727272727,0.3478260869565217,7.0,1.0,1.07984339772,2.0723265181,10.2,3.4,38.38873231331706,0.6566307826536406,3.8,0.6,0.0,1.0,0.2,1.0,0.0,1.0,0.1818181818181818,0.25,8.0,1.0
3773631,2021-02-07,218,217,0,0,1.8,4.0,0.2,2.6,0.6,1.0,1,8,4.7,0.0,Away Win,1.09556304544,2.812536546,10.8,4.4,43.77324352319524,0.8350768846786453,3.4,2.4,0.2,0.0,0.8,0.0,3.0,0.0,0.2608695652173913,0.2608695652173913,92.0,0.0,2.15206914606,0.5159231086999999,16.0,7.0,63.32816065617912,0.8994171670498444,4.6,1.6,0.0,3.0,0.4,5.0,0.0,8.0,0.8173076923076923,0.6210526315789474,7.0,1.0
3775600,2021-02-07,968,746,0,0,2.0,0.8,0.4,4.6,0.4,1.0,2,3,2.0,1.7617515222200002,Away Win,2.3166350126,0.72267369292,14.8,5.4,57.439014337201016,0.7857238075676289,7.4,1.2,0.0,2.0,0.6,0.0,0.0,2.0,0.8695652173913043,0.7391304347826086,21.0,0.0,2.50519861552,0.2220182763999999,20.8,6.4,66.4707428857826,0.8593900200180216,7.6,0.0,0.0,3.0,0.4,5.0,0.0,8.0,0.8,0.6521739130434783,7.0,2.0
3775652,2021-02-07,971,965,0,0,3.2,0.2,1.0,0.4,2.8,0.0,3,0,2.25,2.368343612675,Away Win,1.9575975869,0.2736331803999999,17.4,6.2,60.70850193594252,0.8077370678334859,7.2,0.4,0.0,4.0,0.2,6.0,0.0,32.0,0.8333333333333334,0.5909090909090909,7.0,2.0,1.06971080442,1.4607362077,12.0,3.0,44.223896587243374,0.708910017828104,2.2,0.6,0.2,1.0,0.4,0.0,2.0,0.0,0.24,0.1304347826086956,8.0,2.0
3775590,2021-02-07,967,969,0,0,1.0,2.0,0.2,0.4,1.4,0.2,1,2,2.0,2.449861805833333,Draw,1.1322357164,1.6686762954000005,11.2,3.2,50.78760717988824,0.7615206350815034,5.2,1.4,0.0,1.0,0.2,0.0,1.0,0.0,0.375,0.25,7.0,1.0,0.3322453382599999,2.3008456458399995,5.2,1.8,37.36592851198889,0.6309818794037019,2.4,1.0,0.0,2.0,0.2,0.0,1.0,0.0,0.3157894736842105,0.4782608695652174,14.0,1.0
3775640,2021-02-07,1475,974,0,0,2.6,0.8,0.8,1.4,2.2,0.2,2,0,2.333333333333333,2.224150706,Away Win,1.9880568025,0.7976764806600001,16.6,6.4,56.398104009227744,0.7405965854323148,6.8,1.4,0.0,2.0,0.6,2.0,0.0,2.0,0.6923076923076923,0.5714285714285714,7.0,2.0,0.93194867568,2.1131142154,10.6,3.0,50.636017751542,0.7002024264236317,4.8,1.6,0.0,0.0,0.8,0.0,0.0,2.0,0.36,0.3636363636363636,15.0,0.0
3775548,2021-02-10,971,968,0,0,3.2,0.6,0.8,2.0,1.0,0.4,3,1,3.6,2.5946611968,Home Win,2.330725061,0.30166571948,20.8,6.0,63.38394589162842,0.8132345078209529,9.0,0.4,0.0,3.0,0.4,0.0,1.0,0.0,0.8,0.5909090909090909,3.0,3.0,2.0808097878,0.8884226677200001,13.6,5.6,57.06090262456068,0.7991689727059276,5.6,1.0,0.0,2.0,0.6,0.0,1.0,0.0,0.8333333333333334,0.7391304347826086,3.0,1.0
3775603,2021-02-10,965,972,0,0,0.8,2.8,0.2,1.4,1.8,0.2,2,3,2.6,2.5913410595000004,Home Win,1.0977433435,1.8338636818,11.8,3.4,41.548452631557474,0.68775197321491,2.8,0.8,0.2,1.0,0.6,1.0,0.0,1.0,0.24,0.1666666666666666,3.0,2.0,0.9641276328,1.7917387204800002,10.2,4.6,45.140404617861634,0.6912910399147042,5.2,1.2,0.0,1.0,0.4,0.0,0.0,1.0,0.2608695652173913,0.3478260869565217,3.0,2.0
3775658,2021-02-12,746,1475,0,0,4.4,0.6,1.0,2.2,1.0,0.6,1,0,2.5,2.4323817637000005,Home Win,2.56649170252,0.2732446441999999,19.2,6.2,64.3317595233412,0.8444122491675248,7.0,0.2,0.0,2.0,0.6,6.0,0.0,9.0,0.8,0.6666666666666666,5.0,2.0,1.9537961715,0.96684702846,17.2,7.0,56.94703635130126,0.748941378531452,6.0,1.2,0.0,2.0,0.4,0.0,1.0,0.0,0.6428571428571429,0.5714285714285714,5.0,2.0
3773526,2021-02-13,217,206,0,0,2.6,1.0,1.0,0.4,3.0,0.0,7,1,3.4444444444444446,2.9499364918888893,Home Win,1.63803717646,0.6604090083999999,14.2,5.6,64.0513385518507,0.9001943719824462,4.6,1.8,0.0,2.0,0.6,6.0,0.0,9.0,0.8173076923076923,0.625,6.0,2.0,0.5572084723999999,2.3044791638000004,5.0,1.4,25.92401087450124,0.7111946959450124,2.0,2.4,0.0,0.0,0.4,0.0,0.0,1.0,0.0,0.25,105.0,0.0
3775614,2021-02-14,973,971,0,0,1.0,3.0,0.2,2.8,0.6,0.8,0,4,5.2,3.85370551738,Away Win,1.1022045206200002,1.7781106797,10.4,3.2,39.1930828387892,0.6273978568182697,3.4,0.8,0.0,1.0,0.4,0.0,0.0,2.0,0.1818181818181818,0.24,7.0,1.0,2.0170055762,0.3607905743999999,19.4,5.6,60.06841820516843,0.792990223448889,8.6,0.8,0.0,3.0,0.4,1.0,0.0,1.0,0.8076923076923077,0.5909090909090909,4.0,3.0
3775578,2021-02-14,974,967,0,0,1.6,1.8,0.4,1.0,2.0,0.2,2,2,3.8,2.88148637798,Draw,1.10111922348,2.0788535844,11.0,3.6,50.08708540946848,0.7051658720497533,4.8,1.4,0.0,1.0,0.6,1.0,0.0,3.0,0.36,0.391304347826087,7.0,1.0,0.9309639268,1.9028100416,10.0,3.0,54.87364772162498,0.7867594241376794,5.6,1.4,0.0,1.0,0.2,0.0,0.0,1.0,0.36,0.25,7.0,2.0
3773415,2021-02-21,217,552,0,0,3.4,1.2,1.0,2.0,1.0,1.0,0,1,3.0,3.8235485066,Draw,1.67480095706,0.7047026566,13.6,6.2,64.96188297605633,0.9023499416630438,4.4,1.8,0.0,1.0,0.8,7.0,0.0,10.0,0.819047619047619,0.625,8.0,2.0,2.2947186696,1.528829837,8.0,3.0,17.741935483870968,0.6060606060606061,5.0,0.0,0.0,0.0,1.0,1.0,0.0,1.0,1.0,0.0,78.0,0.0
3764440,2021-02-24,217,1042,0,0,3.0,1.0,0.8,0.0,0.0,0.0,0,0,0.0,0.0,Home Win,1.8094195036,0.7531418766,15.0,5.2,69.81837668937993,0.9035364548108922,5.2,1.6,0.0,1.0,0.8,0.0,0.0,11.0,0.8113207547169812,0.625,3.0,2.0,0.0,0.0,0.0,0.0,0.0,0.0,0.0,0.0,0.0,0.0,0.0,0.0,0.0,0.0,0.0,0.0,0.0,0.0
3773625,2021-02-27,213,217,0,0,1.0,2.6,0.0,2.8,1.0,0.8,1,7,3.363636363636364,0.0,Away Win,1.1497002558000002,1.52492881024,13.4,3.8,42.512347610079246,0.8006316891259226,5.6,2.8,0.0,1.0,0.6,0.0,0.0,2.0,0.6086956521739131,0.0,146.0,0.0,2.0510710764,0.7970403802,14.0,5.4,68.37588456827164,0.9029348106229588,6.2,1.0,0.0,1.0,0.8,1.0,0.0,12.0,0.8130841121495327,0.625,3.0,3.0
3775552,2021-02-28,749,967,0,0,1.4,1.4,0.6,1.2,1.6,0.2,0,2,3.0,2.633923161333333,Away Win,1.33112234296,1.1656928093,10.4,3.2,51.846267548662624,0.7371653628807149,4.8,1.4,0.0,1.0,0.4,0.0,2.0,0.0,0.4166666666666667,0.2666666666666666,22.0,0.0,1.0166056942,1.9526171402,11.2,3.0,58.50865152914575,0.7819974775073546,6.0,1.0,0.0,1.0,0.4,0.0,0.0,2.0,0.36,0.238095238095238,14.0,1.0
3775547,2021-02-28,969,746,0,0,0.4,1.2,0.2,4.6,0.4,1.0,0,4,2.75,2.3089812611,Away Win,0.5483582604599999,2.2433369477,5.0,2.0,34.8349665550337,0.6079129070324039,2.6,1.6,0.0,2.0,0.2,0.0,0.0,1.0,0.3157894736842105,0.4583333333333333,21.0,0.0,2.6351767119,0.3481417338,19.2,7.4,64.131095046428,0.8374512568384892,6.4,0.4,0.0,3.0,0.4,7.0,0.0,10.0,0.8076923076923077,0.6666666666666666,16.0,0.0
3775648,2021-02-28,2647,968,0,0,0.8,3.2,0.2,1.4,1.6,0.2,0,0,0.0,0.0,Away Win,0.5254292143999999,1.7909172188,6.6,1.6,35.53158942734379,0.6509326073396304,1.0,1.0,0.0,1.0,0.4,1.0,0.0,1.0,0.1428571428571428,0.4,22.0,0.0,1.302199054,1.11433595432,9.0,4.0,55.194782458557896,0.7853393701922329,2.8,1.2,0.0,1.0,0.6,0.0,2.0,0.0,0.8333333333333334,0.7083333333333334,18.0,0.0
3773665,2021-03-06,422,217,0,0,0.75,3.75,0.25,2.8,0.8,0.8,1,3,4.5,3.4716873765000003,Away Win,0.4371419826,3.0345453939,6.5,3.25,23.745425629695774,0.6798913434172131,2.0,1.0,0.25,0.0,0.5,0.0,1.0,0.0,0.0,0.3333333333333333,97.0,0.0,2.0912310752,0.7695454766000001,13.4,5.2,67.59224520171185,0.9032416000053782,5.4,1.0,0.0,2.0,0.6,2.0,0.0,13.0,0.8130841121495327,0.6288659793814433,7.0,3.0
3775638,2021-03-07,965,749,0,0,0.8,2.2,0.4,1.2,1.8,0.4,0,3,2.0,3.2159288297666664,Home Win,0.9294192457,1.7987350545999998,10.6,3.6,40.69440099595555,0.6713865457693042,2.6,1.0,0.2,2.0,0.4,2.0,0.0,2.0,0.2692307692307692,0.1666666666666666,25.0,0.0,0.8739878992000001,1.4708649756,9.0,2.6,50.70616818589205,0.7370698866361137,5.0,1.2,0.0,1.0,0.4,0.0,3.0,0.0,0.3846153846153846,0.2666666666666666,7.0,1.0
3775639,2021-03-07,746,967,0,0,4.0,0.4,1.0,1.8,1.2,0.4,5,0,3.2,2.95646100726,Home Win,2.43500263838,0.310222033,19.0,8.0,67.16871477893164,0.8434074753214651,7.6,0.4,0.0,3.0,0.4,8.0,0.0,11.0,0.8076923076923077,0.68,7.0,1.0,1.610463479,1.5712223075999998,13.4,3.8,61.51688276004819,0.7738971728436563,7.6,1.4,0.0,1.0,0.6,1.0,0.0,3.0,0.36,0.2727272727272727,7.0,1.0
3775630,2021-03-07,969,968,0,0,0.2,2.0,0.0,2.0,1.2,0.4,0,4,2.5,3.086332797075,Away Win,0.4920961013999999,2.50817624558,3.6,1.6,30.67292285939642,0.5616320522088355,2.4,1.6,0.0,1.0,0.2,0.0,1.0,0.0,0.3,0.4583333333333333,7.0,1.0,1.93893730044,0.9429766356,13.8,5.8,62.56509014934301,0.8038420947367065,5.0,0.6,0.0,2.0,0.4,1.0,0.0,1.0,0.8333333333333334,0.72,7.0,1.0
3775541,2021-03-07,1475,2647,0,0,1.0,1.4,0.4,0.6,3.4,0.2,1,0,2.0,3.539073922,Home Win,1.452009888,1.0902084333000002,13.0,5.2,51.49638741176343,0.730303778277062,4.4,1.4,0.0,2.0,0.2,0.0,2.0,0.0,0.6428571428571429,0.5333333333333333,23.0,0.0,0.5101786657999999,2.13851852764,5.8,1.2,30.74528342909421,0.6224707553755369,0.8,1.0,0.0,1.0,0.2,0.0,1.0,0.0,0.125,0.4,7.0,1.0
3775591,2021-03-07,972,971,0,0,1.0,1.4,0.2,3.4,0.4,0.8,0,4,4.2,3.744750431200001,Away Win,0.8305530264,1.36026499956,9.4,4.0,48.21679645558672,0.6836082955840951,5.2,1.4,0.0,1.0,0.2,0.0,1.0,0.0,0.2608695652173913,0.3333333333333333,25.0,0.0,2.3288970162,0.3322438336,20.8,6.2,64.08282312004596,0.8076519528642061,9.6,0.6,0.0,4.0,0.2,2.0,0.0,2.0,0.8076923076923077,0.6086956521739131,21.0,0.0
3775607,2021-03-08,973,974,0,0,1.0,3.2,0.2,1.2,1.8,0.2,0,2,3.0,3.25138961345,Home Win,1.01766630236,2.1885642373,9.4,3.0,37.52287336515017,0.6123399642250306,3.2,0.6,0.0,1.0,0.4,0.0,1.0,0.0,0.1739130434782608,0.24,22.0,0.0,1.33849356948,1.8066160362,11.2,3.8,48.13546378222431,0.6949234114891517,4.6,1.0,0.0,1.0,0.6,0.0,0.0,4.0,0.3461538461538461,0.391304347826087,22.0,0.0
3775653,2021-03-11,969,967,0,0,0.2,2.2,0.0,1.0,1.4,0.2,2,1,2.0,2.584326706375,Away Win,0.518827937,2.68138200018,3.0,1.2,30.5029650028118,0.5680637947171595,3.0,1.4,0.0,1.0,0.2,0.0,2.0,0.0,0.2857142857142857,0.4583333333333333,4.0,2.0,1.1018765906,1.5987545338,10.4,2.6,56.3362414835165,0.7628913745843446,7.4,1.6,0.0,0.0,0.6,0.0,1.0,0.0,0.36,0.2608695652173913,4.0,2.0
3775598,2021-03-14,974,749,0,0,1.6,1.4,0.2,0.6,2.0,0.2,1,0,3.0,3.52993540905,Draw,1.7300093902,1.442013227,13.8,5.0,51.42425701291593,0.7064268922886127,5.0,0.8,0.0,1.0,0.8,0.0,1.0,0.0,0.3461538461538461,0.375,6.0,1.0,0.8485985761999999,1.5440956578,9.8,1.8,51.488906837115664,0.730847757416712,5.6,1.0,0.0,1.0,0.2,0.0,4.0,0.0,0.3846153846153846,0.25,7.0,2.0
3773369,2021-03-15,217,902,0,0,2.6,0.4,0.8,1.0,4.5,0.0,2,0,5.5,4.3373987255,Home Win,2.1051013748,0.7321773956000001,13.6,5.8,67.3544163132207,0.8993133650343534,5.2,0.8,0.0,3.0,0.4,3.0,0.0,14.0,0.8130841121495327,0.6326530612244898,9.0,1.0,0.8262335035,3.511165222,5.5,4.0,31.63267735752467,0.7917738095238095,3.0,1.5,0.0,0.0,0.5,0.0,2.0,0.0,0.0,0.0,71.0,0.0
3775550,2021-03-17,967,971,0,0,1.8,1.0,0.4,3.0,0.4,0.8,0,2,2.333333333333333,3.149722220633333,Away Win,1.1812545154599998,1.3724832098,10.2,3.2,58.7238211843864,0.7758179217214181,6.8,1.4,0.0,1.0,0.6,1.0,0.0,1.0,0.36,0.2916666666666667,6.0,2.0,2.4817300897,0.380883883,20.6,6.8,62.10792824580608,0.7849016514744852,8.0,0.4,0.0,4.0,0.2,3.0,0.0,3.0,0.8076923076923077,0.625,10.0,1.0
3775642,2021-03-17,2647,965,0,0,0.6,2.6,0.2,1.2,2.2,0.6,1,0,2.0,1.5179191884999998,Away Win,0.4563228869999999,1.78970285284,5.0,1.0,29.304878238054734,0.5985469865626417,0.8,1.2,0.0,1.0,0.2,0.0,2.0,0.0,0.125,0.3333333333333333,10.0,1.0,0.7037818356000001,2.04727454,8.0,2.8,38.36423047890385,0.663821951997814,2.6,1.4,0.2,2.0,0.4,3.0,0.0,3.0,0.2962962962962963,0.1666666666666666,10.0,1.0
3775643,2021-03-17,972,969,0,0,0.2,1.8,0.0,0.2,3.0,0.0,2,2,2.5,2.4066185838500003,Draw,0.6024207794,1.6605596509999998,7.4,2.4,43.8751927962913,0.6415226345040207,3.8,1.2,0.0,0.0,0.2,0.0,2.0,0.0,0.25,0.3333333333333333,10.0,1.0,0.566980279,2.46086182694,3.2,1.0,26.923086954031312,0.5516777116644098,2.6,1.6,0.0,0.0,0.2,0.0,3.0,0.0,0.2727272727272727,0.4583333333333333,6.0,2.0
3775596,2021-03-17,973,746,0,0,1.4,2.4,0.4,2.8,0.2,1.0,0,3,4.2,3.48474986256,Away Win,1.0438550855000002,1.9960257854,9.8,3.0,39.03179854057151,0.6085114020834503,3.6,0.6,0.0,1.0,0.4,1.0,0.0,1.0,0.2083333333333333,0.24,9.0,1.0,1.98435978138,0.2769399404,17.8,6.6,64.05769901048515,0.8347665314762069,6.8,0.4,0.0,4.0,0.2,9.0,0.0,12.0,0.8148148148148148,0.68,10.0,1.0
3775597,2021-03-19,968,1475,0,0,2.0,1.2,0.4,1.4,1.0,0.6,1,1,1.0,2.296053703,Home Win,2.37355687384,0.939015157,16.2,6.4,64.94282242450953,0.8108640383103742,5.8,0.8,0.0,2.0,0.4,2.0,0.0,2.0,0.8333333333333334,0.7307692307692307,12.0,1.0,1.6809878588,0.6453109449000001,15.0,6.0,55.61825386995529,0.7598292345690889,4.8,1.4,0.0,3.0,0.0,1.0,0.0,1.0,0.6666666666666666,0.5333333333333333,12.0,1.0
3773597,2021-03-21,210,217,0,0,1.0,1.8,0.0,2.4,0.4,0.8,1,8,3.0,0.0,Away Win,1.4329406892,1.8279487076000005,11.6,3.6,45.43388037427293,0.8142795940268284,3.6,1.6,0.0,0.0,0.8,0.0,2.0,0.0,0.3043478260869565,0.25,95.0,0.0,1.758087504,1.03065177,12.6,5.0,66.44132451235814,0.9021577953537558,5.6,0.8,0.0,3.0,0.4,4.0,0.0,15.0,0.8148148148148148,0.6326530612244898,6.0,1.0
3775546,2021-03-21,749,973,0,0,0.4,2.0,0.0,1.4,2.2,0.4,1,0,3.5,2.7185860873000003,Draw,0.9939821544,1.5730438774,10.8,2.8,49.47047052855557,0.7161855063619555,5.8,0.8,0.0,1.0,0.2,0.0,0.0,1.0,0.3846153846153846,0.2352941176470588,7.0,2.0,0.9086009627,2.2121431984,9.4,2.8,38.2117738164372,0.5893009317294766,3.2,0.6,0.0,1.0,0.4,0.0,1.0,0.0,0.2,0.24,4.0,2.0
3775628,2021-03-27,1475,972,0,0,1.0,1.4,0.4,0.6,2.0,0.0,1,1,5.5,2.4618102855,Home Win,1.2833095938,0.7520386049000001,12.8,5.0,53.2782165757359,0.7505523489682229,3.4,0.8,0.0,2.0,0.0,0.0,1.0,0.0,0.6666666666666666,0.5,8.0,1.0,0.6736534493999999,1.6408025778,7.6,2.0,44.26199969273417,0.6360190970994795,3.4,1.0,0.0,0.0,0.4,0.0,0.0,1.0,0.24,0.3333333333333333,10.0,1.0
3775564,2021-03-27,746,974,0,0,2.6,0.2,1.0,1.4,1.2,0.2,2,0,3.25,3.482707161625,Home Win,2.14964902198,0.339315262,17.6,7.6,62.59951119404756,0.8236276506976182,5.8,0.6,0.0,4.0,0.2,10.0,0.0,13.0,0.8148148148148148,0.6923076923076923,10.0,1.0,1.8101299894,1.2922950954,15.2,4.8,54.94576048882025,0.7324891558905913,5.4,0.8,0.0,2.0,0.6,0.0,0.0,1.0,0.3333333333333333,0.375,13.0,1.0
3775613,2021-03-27,749,968,0,0,0.6,1.4,0.0,2.2,1.0,0.6,0,2,4.5,3.3842135905,Away Win,1.25935574512,1.14449497906,13.2,3.2,54.499888692773325,0.7149643739551578,7.2,1.4,0.0,1.0,0.4,0.0,0.0,2.0,0.3571428571428571,0.2352941176470588,6.0,2.0,2.0290732466400003,1.0440864886,15.6,6.0,61.1996192876624,0.8049125161634978,6.0,1.0,0.0,3.0,0.2,3.0,0.0,3.0,0.84,0.7307692307692307,8.0,1.0
3775581,2021-03-28,971,2647,0,0,2.8,0.4,0.8,0.2,2.6,0.2,1,0,4.0,1.672734372,Home Win,2.7497728611,0.3825379781999999,20.2,7.2,58.80276566336677,0.7810341281905128,7.4,0.6,0.0,4.0,0.2,4.0,0.0,4.0,0.8076923076923077,0.64,11.0,1.0,0.33494144214,1.69737872424,6.2,1.2,31.29509965969159,0.6026907991533207,2.6,1.4,0.0,1.0,0.0,0.0,3.0,0.0,0.1111111111111111,0.3333333333333333,11.0,1.0
3775654,2021-03-28,969,973,0,0,0.6,3.0,0.0,1.0,2.4,0.2,3,2,1.8,1.6422606005200002,Draw,0.7033327831999999,2.08051727994,4.6,1.4,31.11645332131072,0.5644585186436901,2.4,1.4,0.0,0.0,0.4,0.0,0.0,1.0,0.2727272727272727,0.44,11.0,1.0,0.62398700656,2.38860413512,9.2,2.8,38.11161361202155,0.5968355577682579,3.6,0.8,0.0,0.0,0.6,0.0,0.0,1.0,0.2,0.2307692307692307,7.0,2.0
3775570,2021-03-28,965,967,0,0,1.4,0.8,0.8,1.6,1.4,0.4,1,1,2.6,1.87412833392,Away Win,1.0432695514,1.52854357754,9.6,3.4,44.76129061599797,0.665960735267776,3.4,1.4,0.2,3.0,0.2,4.0,0.0,4.0,0.2962962962962963,0.2,11.0,1.0,1.07069801906,1.7579689398,8.8,3.0,54.61937148996488,0.7749696827393049,6.2,1.4,0.0,1.0,0.4,0.0,1.0,0.0,0.3461538461538461,0.2916666666666667,11.0,1.0
3775649,2021-04-03,974,972,0,0,1.0,1.0,0.2,0.6,1.6,0.0,3,1,2.2,2.45492855176,Away Win,1.3795894284,1.5264623542,11.0,3.6,48.69939922024356,0.71234803666918,3.8,1.8,0.0,2.0,0.4,0.0,1.0,0.0,0.3333333333333333,0.36,7.0,1.0,0.7854110576,1.590275224,9.2,3.2,44.4965529876649,0.6087136097939922,3.4,1.2,0.0,0.0,0.4,0.0,1.0,0.0,0.24,0.32,7.0,1.0
3775604,2021-04-04,749,746,0,0,0.6,1.8,0.0,2.4,0.0,1.0,0,2,5.0,4.5385342592,Away Win,1.3437500540399998,1.43178944126,12.8,3.8,47.79587177945409,0.7208703469932913,5.6,1.2,0.0,1.0,0.4,0.0,1.0,0.0,0.3333333333333333,0.2352941176470588,8.0,2.0,2.22813647438,0.2519767628,18.8,8.2,66.67914122272364,0.8408851969231884,6.6,0.6,0.0,5.0,0.0,11.0,0.0,14.0,0.8214285714285714,0.6923076923076923,8.0,1.0
3775565,2021-04-04,971,969,0,0,3.0,0.0,1.0,0.6,3.0,0.0,3,1,2.8,2.45953598104,Home Win,2.5724543477,0.3208685317999999,17.8,6.8,57.245660709948446,0.7743760689300581,6.4,0.6,0.0,5.0,0.0,5.0,0.0,5.0,0.8148148148148148,0.64,7.0,1.0,0.435827045,2.10723772302,6.2,1.4,35.370957770532705,0.5939532396089993,3.4,1.0,0.0,0.0,0.4,0.0,0.0,2.0,0.2608695652173913,0.44,7.0,1.0
3775617,2021-04-04,965,1475,0,0,1.4,1.2,0.8,1.0,1.4,0.4,0,2,3.0,2.9927251497,Home Win,0.9814276011,1.77485958274,8.0,3.6,39.85839450181796,0.6674002817733328,3.4,1.4,0.0,3.0,0.2,0.0,1.0,0.0,0.2857142857142857,0.2,7.0,1.0,1.4870158498,0.8006259621000001,14.6,4.6,59.84728797329187,0.782800049802622,4.8,1.6,0.0,2.0,0.0,1.0,0.0,1.0,0.6875,0.5,8.0,1.0
3775634,2021-04-04,967,2647,0,0,2.4,1.2,0.6,0.2,2.2,0.2,1,0,6.0,3.418372368,Home Win,1.52022561466,1.4401713761,9.2,3.6,55.85348392646115,0.7886697667871405,5.2,1.6,0.0,2.0,0.2,1.0,0.0,1.0,0.3461538461538461,0.32,7.0,1.0,0.26677922434,1.79449987164,5.8,1.2,31.670207449286305,0.5908867181810058,2.6,1.4,0.0,1.0,0.0,0.0,4.0,0.0,0.1111111111111111,0.2857142857142857,7.0,1.0
3775569,2021-04-04,973,968,0,0,1.0,2.4,0.2,2.6,0.6,0.8,0,4,6.0,4.25024688725,Away Win,0.61630112494,2.39151231052,8.8,2.6,38.15819372787049,0.6048945123526621,3.8,1.0,0.0,0.0,0.6,0.0,0.0,2.0,0.2,0.2222222222222222,7.0,2.0,2.22430784744,0.7760707181200001,19.0,7.0,63.28988493707872,0.8232366301654265,7.0,1.2,0.0,4.0,0.0,4.0,0.0,4.0,0.84,0.7407407407407407,8.0,1.0
3773474,2021-04-05,217,901,0,0,3.4,0.4,1.0,0.2,2.2,0.0,5,0,2.4,2.8670683019,Home Win,1.8727849004,0.9500341122,11.4,6.2,63.99096086394319,0.9053883726305412,4.2,1.2,0.0,3.0,0.4,5.0,0.0,16.0,0.8148148148148148,0.6363636363636364,15.0,0.0,0.5497250793,2.3173432226,10.4,3.0,38.14318060432028,0.7822967458280431,4.4,2.0,0.0,0.0,0.2,0.0,5.0,0.0,0.0,0.0,104.0,0.0
3773497,2021-04-10,220,217,0,0,1.6,0.6,0.6,3.0,0.4,1.0,3,5,2.8181818181818183,0.0,Home Win,1.4971229624400002,1.145281031,15.6,5.0,50.84700795897557,0.8583338375339615,7.6,2.4,0.0,2.0,0.4,2.0,0.0,3.0,0.7307692307692307,0.56,168.0,0.0,1.6971769514,0.8868815548000001,14.6,7.0,64.67593423600808,0.8990111579869218,3.8,1.8,0.0,3.0,0.4,6.0,0.0,17.0,0.8165137614678899,0.6363636363636364,5.0,1.0
3775599,2021-04-20,972,2647,0,0,1.4,1.4,0.2,0.2,2.8,0.0,0,0,0.0,0.0,Draw,1.09511964988,1.4335018976999998,10.4,4.2,42.490159709118124,0.6080275116771635,2.6,1.2,0.0,1.0,0.2,1.0,0.0,1.0,0.24,0.3461538461538461,17.0,0.0,0.37797820654,2.2736818980400004,5.4,1.4,31.847628072762348,0.6148642541585418,2.6,2.0,0.0,0.0,0.2,0.0,5.0,0.0,0.1111111111111111,0.25,16.0,0.0
3775576,2021-04-21,746,971,0,0,2.4,0.0,1.0,3.6,0.0,1.0,0,2,3.4,3.89194095896,Draw,2.5114451414800003,0.1817478764,18.4,7.4,67.30429761287328,0.8548965692128206,7.2,0.4,0.0,5.0,0.0,12.0,0.0,15.0,0.8214285714285714,0.7037037037037037,17.0,0.0,3.1026283595,0.284584067,20.6,8.0,63.8356878068432,0.8104880984015548,6.8,0.4,0.0,5.0,0.0,6.0,0.0,6.0,0.8214285714285714,0.64,17.0,0.0
3773661,2021-04-22,217,216,0,0,2.8,0.8,0.8,0.6,1.2,0.2,6,1,2.5,0.0,Home Win,1.610201917,1.1333723168,16.4,6.8,67.38788037902229,0.90126903083303,4.4,2.2,0.0,2.0,0.6,0.0,1.0,0.0,0.8165137614678899,0.63,12.0,1.0,1.0771478129,1.4366327966,9.2,1.8,24.195107696378432,0.5969369566311123,4.0,3.2,0.0,2.0,0.4,1.0,0.0,1.0,0.3181818181818182,0.1363636363636363,187.0,0.0
3775540,2021-04-24,2647,973,0,0,0.2,2.0,0.0,1.0,2.2,0.2,1,0,4.0,3.166957041,Draw,0.34304218468,1.7336319342,4.8,1.4,35.6131035254925,0.5864562495699241,3.0,2.6,0.0,1.0,0.2,0.0,0.0,1.0,0.1111111111111111,0.2222222222222222,4.0,1.0,0.60877489014,2.6822709927200004,9.0,3.0,37.70768852774346,0.619110198627172,3.4,1.0,0.0,0.0,0.6,0.0,1.0,0.0,0.1923076923076923,0.2222222222222222,20.0,0.0
3775557,2021-04-25,968,965,0,0,3.4,0.0,1.0,1.2,1.0,0.8,5,0,4.4,2.6145917691,Home Win,3.1909903662400003,0.55084294812,23.2,8.6,65.19137626020493,0.8323310685224093,9.2,1.0,0.0,5.0,0.0,5.0,0.0,5.0,0.84,0.75,21.0,0.0,1.17793380884,1.5405547965399995,9.0,3.8,42.24015831286217,0.6625993118804251,3.2,1.4,0.0,4.0,0.0,1.0,0.0,1.0,0.3103448275862069,0.2,21.0,0.0
3773689,2021-04-25,222,217,0,0,1.2,3.2,0.0,3.4,1.2,0.8,0,8,4.0,0.0,Away Win,1.0218686593,1.8491293646,10.8,3.8,37.91498998131113,0.831172406580686,3.4,2.2,0.0,0.0,0.6,0.0,3.0,0.0,0.5217391304347826,0.25,210.0,0.0,1.7227923471999995,1.1922694052,15.6,6.6,71.01133907369231,0.9055785363624294,4.2,2.2,0.0,1.0,0.8,1.0,0.0,1.0,0.8181818181818182,0.63,3.0,1.0
3775612,2021-04-25,969,974,0,0,0.6,3.4,0.0,0.6,2.0,0.0,3,1,1.5,2.505686192825,Draw,0.464471594,2.44894695714,6.6,1.2,37.06343046517232,0.6134584310715385,3.2,1.0,0.0,0.0,0.4,0.0,1.0,0.0,0.2608695652173913,0.4230769230769231,21.0,0.0,1.1855054974,1.63813037848,11.4,3.4,50.60219688194688,0.708908596875944,3.8,1.8,0.0,1.0,0.4,0.0,2.0,0.0,0.3214285714285714,0.36,22.0,0.0
3775635,2021-04-25,972,967,0,0,1.4,1.2,0.2,2.4,1.0,0.6,1,2,2.6666666666666665,2.6218889570666666,Draw,1.06279241408,1.18171417824,10.4,4.8,43.76077638055533,0.5888674486020523,3.8,1.2,0.0,2.0,0.2,0.0,0.0,2.0,0.2307692307692307,0.3461538461538461,5.0,1.0,1.4397898266599998,1.3780966785,8.4,3.8,58.81047487564069,0.7952929472678321,4.2,1.2,0.0,2.0,0.2,2.0,0.0,2.0,0.3703703703703703,0.32,21.0,0.0
3775622,2021-04-25,1475,749,0,0,1.0,1.2,0.4,0.2,1.8,0.0,3,0,2.333333333333333,2.7142725602999995,Home Win,1.4649355406000002,0.7905135912400001,14.2,3.6,62.49431186373498,0.7956923901274504,5.6,1.6,0.0,2.0,0.0,0.0,1.0,0.0,0.6875,0.4705882352941176,21.0,0.0,1.16086221944,1.36274959326,11.4,3.2,46.55214265290114,0.7339619211045364,4.8,1.0,0.0,1.0,0.2,0.0,2.0,0.0,0.3125,0.2352941176470588,21.0,0.0
3775568,2021-04-28,969,2647,0,0,0.8,2.8,0.0,0.6,1.8,0.0,1,0,1.0,1.2325462793,Draw,0.5581054544,1.6306563737400002,8.2,1.6,37.60706135785036,0.6098228101565059,3.0,1.2,0.0,0.0,0.6,0.0,0.0,1.0,0.25,0.4230769230769231,3.0,1.0,0.56808945948,1.546174782,7.4,2.4,38.86583590547208,0.5877205673892659,4.6,2.8,0.0,1.0,0.4,0.0,0.0,2.0,0.1,0.2222222222222222,4.0,2.0
3775609,2021-04-28,968,972,0,0,3.0,0.0,1.0,1.4,0.8,0.2,4,0,6.5,4.083993529325,Home Win,2.946987232,0.53965709532,21.4,7.8,63.72894381484647,0.8315979605240436,9.2,1.4,0.0,5.0,0.0,6.0,0.0,6.0,0.8461538461538461,0.75,3.0,1.0,1.3459123544799998,0.94307680154,11.6,5.2,43.515472321347815,0.5844394296935865,4.2,1.2,0.0,3.0,0.2,0.0,0.0,3.0,0.2222222222222222,0.3461538461538461,3.0,2.0
3773586,2021-04-29,217,1049,0,0,3.0,1.2,0.8,0.4,1.8,0.2,5,1,2.5,0.0,Away Win,2.195845086,1.0463723438,16.2,6.6,68.48168998529907,0.8969343143424112,3.0,2.8,0.0,1.0,0.8,2.0,0.0,2.0,0.8181818181818182,0.6336633663366337,4.0,2.0,0.633289743575,1.3079630267500002,5.75,2.0,30.457880865689628,0.7000725261568468,2.25,3.0,0.25,1.0,0.0,0.0,2.0,0.0,0.3333333333333333,0.1904761904761904,110.0,0.0
3775574,2021-05-02,746,969,0,0,2.0,0.4,0.8,1.0,2.2,0.0,5,0,3.0,2.30227140356,Home Win,2.3675906808,0.5971546353999999,16.6,6.4,64.07097111318316,0.8423232893976726,6.8,0.6,0.0,4.0,0.2,0.0,0.0,16.0,0.7931034482758621,0.7037037037037037,11.0,1.0,0.53575954848,1.64723077628,8.2,1.8,42.296787891479326,0.602966190005088,3.6,1.4,0.0,0.0,0.8,0.0,0.0,2.0,0.24,0.4230769230769231,4.0,2.0
3775577,2021-05-02,967,968,0,0,2.4,0.8,0.6,2.6,0.0,1.0,0,4,3.75,3.36127482525,Away Win,1.60540784286,1.5462772721,10.2,4.6,63.58158054722029,0.7831696894587383,4.2,1.0,0.0,3.0,0.2,0.0,0.0,3.0,0.3703703703703703,0.3076923076923077,7.0,1.0,2.3925205502,0.5710748597199999,18.6,7.4,62.75160274745108,0.8170002593746185,8.4,1.4,0.0,5.0,0.0,7.0,0.0,7.0,0.8518518518518519,0.75,4.0,2.0
3773695,2021-05-02,207,217,0,0,1.6,1.4,0.2,2.0,1.4,0.6,2,3,3.3,0.0,Away Win,1.79148953952,1.5556211464999998,11.8,5.0,30.266493031131056,0.7763871018875286,3.2,1.4,0.0,1.0,0.8,0.0,0.0,4.0,0.3043478260869565,0.217391304347826,134.0,0.0,1.89866644,1.0173887638,16.6,5.4,70.93174829043566,0.8962734412164016,4.0,2.4,0.0,1.0,0.8,0.0,1.0,0.0,0.8108108108108109,0.6336633663366337,3.0,3.0
3775544,2021-05-02,2647,972,0,0,0.8,1.6,0.0,1.0,0.8,0.2,0,0,0.0,0.7389695267,Draw,0.5701384727400001,1.22996919468,5.6,2.0,39.19450431674373,0.5844039530780144,3.2,2.6,0.0,1.0,0.6,0.0,0.0,3.0,0.1,0.2,4.0,3.0,1.16864975188,1.2774430197400002,10.0,4.0,39.60520215208484,0.5749427953299459,4.4,1.0,0.0,3.0,0.0,0.0,1.0,0.0,0.2222222222222222,0.3333333333333333,4.0,3.0
3775601,2021-05-02,973,1475,0,0,0.8,2.2,0.0,1.8,0.8,0.6,1,1,4.0,3.30900467745,Away Win,0.51202423874,2.49406220992,9.0,3.2,41.11350694206571,0.6250302783295335,3.2,1.0,0.0,0.0,0.6,0.0,0.0,1.0,0.1923076923076923,0.2142857142857142,8.0,1.0,1.8850576258,0.52136331694,16.0,5.0,64.1559255960558,0.7990725775437825,5.6,1.6,0.0,2.0,0.2,1.0,0.0,1.0,0.7058823529411765,0.4705882352941176,7.0,1.0
3775579,2021-05-02,974,965,0,0,0.6,2.0,0.0,1.0,1.4,0.6,3,0,3.5,2.484046578725,Home Win,0.9692668662,1.61339957148,12.6,3.4,56.73522440488266,0.745606847604807,4.2,2.0,0.0,1.0,0.4,0.0,0.0,1.0,0.3214285714285714,0.3461538461538461,7.0,1.0,0.94989625844,1.80427439034,7.4,3.2,38.66649863405328,0.670054527897285,2.2,1.0,0.0,3.0,0.0,0.0,1.0,0.0,0.3103448275862069,0.1923076923076923,7.0,1.0
3775555,2021-05-05,749,971,0,0,0.4,2.2,0.0,3.0,0.4,0.8,0,2,2.5,2.57754265085,Away Win,0.89582803044,1.74146816546,9.4,3.2,44.64626375332287,0.7336294634543871,3.2,1.2,0.0,1.0,0.4,0.0,3.0,0.0,0.3125,0.2222222222222222,10.0,1.0,2.7771822681,0.5468959191999998,18.8,6.8,57.335528391999766,0.7905387820413473,6.0,0.4,0.0,4.0,0.2,0.0,0.0,7.0,0.8214285714285714,0.6153846153846154,14.0,1.0
3773372,2021-05-08,217,212,0,0,2.4,1.8,0.6,0.8,1.2,0.2,6,1,2.1818181818181817,0.0,Draw,2.1511875748,1.2067687892,14.4,4.8,70.87790099394128,0.8985927697333873,3.4,2.0,0.0,0.0,1.0,1.0,0.0,1.0,0.8108108108108109,0.6372549019607843,6.0,3.0,0.8860338539999999,1.1168344274,9.6,2.0,35.4207850264136,0.7898445220235544,4.2,4.4,0.2,1.0,0.4,1.0,0.0,2.0,0.6666666666666666,0.52,168.0,0.0
3775573,2021-05-09,972,746,0,0,1.0,0.4,0.2,2.6,0.4,0.8,0,4,5.25,3.74712450835,Away Win,1.6055522612799995,0.99611038014,13.4,3.4,47.01262958546594,0.6119014407223262,5.6,0.8,0.0,4.0,0.0,0.0,0.0,1.0,0.2222222222222222,0.3214285714285714,7.0,3.0,2.9426590644,0.5990530155999999,19.2,8.0,68.03979552932367,0.8486480092509364,9.0,0.6,0.0,4.0,0.2,1.0,0.0,17.0,0.8,0.7037037037037037,7.0,1.0
3775549,2021-05-09,969,749,0,0,0.6,2.6,0.0,0.4,2.6,0.0,0,0,2.0,2.1251886985,Away Win,0.40737072908,2.19525717548,6.8,1.4,36.19941634679168,0.5902492297935651,3.2,1.2,0.0,0.0,0.6,0.0,1.0,0.0,0.24,0.4074074074074074,7.0,3.0,0.6388060078400001,2.16975842186,8.2,2.6,44.46187350942044,0.743768412651087,3.0,1.4,0.0,0.0,0.4,0.0,4.0,0.0,0.2941176470588235,0.2222222222222222,4.0,2.0
3775560,2021-05-09,968,2647,0,0,2.6,0.2,1.0,0.8,1.2,0.0,1,0,4.0,3.6138994552,Draw,2.6549911334800003,0.38323788372,19.0,7.6,67.49905543096708,0.8450772026381465,8.0,1.0,0.0,4.0,0.2,8.0,0.0,8.0,0.8518518518518519,0.7586206896551724,7.0,3.0,0.8098541641400001,1.42450516488,6.8,2.6,40.19191115749783,0.5721541505657479,3.8,2.6,0.0,2.0,0.6,0.0,0.0,4.0,0.0909090909090909,0.2,7.0,2.0
3775585,2021-05-09,965,973,0,0,1.0,2.0,0.4,0.8,1.8,0.0,0,2,1.0,2.0700459806,Home Win,0.93328056844,1.99065085726,7.8,3.4,41.473540252976086,0.6807818349438481,2.0,0.4,0.0,2.0,0.2,0.0,2.0,0.0,0.3103448275862069,0.1851851851851851,7.0,2.0,0.60707379066,2.01293747552,9.6,3.6,42.84109145358374,0.6147844137358429,3.6,1.4,0.0,0.0,0.6,0.0,1.0,0.0,0.1851851851851851,0.2142857142857142,7.0,1.0
3775593,2021-05-09,971,974,0,0,3.0,0.4,0.8,0.8,1.8,0.2,4,0,3.75,3.8570753528,Home Win,3.0055556556,0.4806601043999999,20.0,7.2,57.44225425215516,0.7997093258040691,6.4,0.4,0.0,4.0,0.2,1.0,0.0,8.0,0.8214285714285714,0.6296296296296297,4.0,1.0,1.03524602652,1.54239340588,12.2,3.4,53.15253488868931,0.7532558440809829,3.6,1.8,0.0,1.0,0.4,1.0,0.0,2.0,0.3448275862068966,0.3461538461538461,7.0,2.0
3775563,2021-05-09,1475,967,0,0,1.4,0.8,0.6,1.8,1.2,0.4,3,0,3.6666666666666665,2.1704161080333333,Home Win,1.851689958,0.6867689904600001,16.4,4.6,61.77874723269671,0.7768147268855584,5.2,1.6,0.0,2.0,0.2,2.0,0.0,2.0,0.7058823529411765,0.5,7.0,2.0,1.5098926279999998,1.83050008378,9.6,3.8,56.82655923196417,0.75981804110709,3.6,1.2,0.0,2.0,0.4,0.0,1.0,0.0,0.3571428571428571,0.3076923076923077,7.0,2.0
3773387,2021-05-11,221,217,0,0,0.8,2.0,0.2,2.2,1.4,0.6,1,7,3.0,0.0,Draw,0.980343369,2.37000184644,10.2,3.8,37.2558297284908,0.7915903870328874,5.4,1.4,0.2,0.0,0.4,0.0,2.0,0.0,0.3809523809523809,0.0434782608695652,149.0,0.0,2.0252718324000005,1.0535317489999998,13.2,5.2,69.06651289324364,0.9006440863885267,3.2,1.8,0.0,1.0,0.8,0.0,0.0,2.0,0.8035714285714286,0.6372549019607843,3.0,3.0
3773457,2021-05-16,217,209,0,0,1.8,1.6,0.4,1.0,2.6,0.0,5,1,4.333333333333333,0.0,Away Win,2.2640638360000005,0.956445322,14.8,5.2,65.08872494379138,0.8943793525787056,3.8,1.8,0.0,1.0,0.8,0.0,0.0,3.0,0.8035714285714286,0.6310679611650486,5.0,3.0,1.3267183826200002,1.4758200136,11.0,4.6,42.226064697275376,0.8060552372482233,4.0,2.6,0.0,0.0,0.6,0.0,1.0,0.0,0.4090909090909091,0.3478260869565217,227.0,0.0
3813314,2021-11-19,7282,7283,0,0,0.0,0.0,0.0,0.0,0.0,0.0,0,0,0.0,0.0,Home Win,0.0,0.0,0.0,0.0,0.0,0.0,0.0,0.0,0.0,0.0,0.0,0.0,0.0,0.0,0.0,0.0,0.0,0.0,0.0,0.0,0.0,0.0,0.0,0.0,0.0,0.0,0.0,0.0,0.0,0.0,0.0,0.0,0.0,0.0,0.0,0.0
3813297,2021-11-20,7284,7285,0,0,0.0,0.0,0.0,0.0,0.0,0.0,0,0,0.0,0.0,Home Win,0.0,0.0,0.0,0.0,0.0,0.0,0.0,0.0,0.0,0.0,0.0,0.0,0.0,0.0,0.0,0.0,0.0,0.0,0.0,0.0,0.0,0.0,0.0,0.0,0.0,0.0,0.0,0.0,0.0,0.0,0.0,0.0,0.0,0.0,0.0,0.0
3813298,2021-11-21,7286,2021,0,0,0.0,0.0,0.0,0.0,0.0,0.0,0,0,0.0,0.0,Draw,0.0,0.0,0.0,0.0,0.0,0.0,0.0,0.0,0.0,0.0,0.0,0.0,0.0,0.0,0.0,0.0,0.0,0.0,0.0,0.0,0.0,0.0,0.0,0.0,0.0,0.0,0.0,0.0,0.0,0.0,0.0,0.0,0.0,0.0,0.0,0.0
3813270,2021-11-22,7287,7288,0,0,0.0,0.0,0.0,0.0,0.0,0.0,0,0,0.0,0.0,Home Win,0.0,0.0,0.0,0.0,0.0,0.0,0.0,0.0,0.0,0.0,0.0,0.0,0.0,0.0,0.0,0.0,0.0,0.0,0.0,0.0,0.0,0.0,0.0,0.0,0.0,0.0,0.0,0.0,0.0,0.0,0.0,0.0,0.0,0.0,0.0,0.0
3813309,2021-11-23,7289,7290,0,0,0.0,0.0,0.0,0.0,0.0,0.0,0,0,0.0,0.0,Away Win,0.0,0.0,0.0,0.0,0.0,0.0,0.0,0.0,0.0,0.0,0.0,0.0,0.0,0.0,0.0,0.0,0.0,0.0,0.0,0.0,0.0,0.0,0.0,0.0,0.0,0.0,0.0,0.0,0.0,0.0,0.0,0.0,0.0,0.0,0.0,0.0
3813289,2021-11-24,7291,7284,0,0,0.0,0.0,0.0,4.0,2.0,1.0,0,0,0.0,0.0,Home Win,0.0,0.0,0.0,0.0,0.0,0.0,0.0,0.0,0.0,0.0,0.0,0.0,0.0,0.0,0.0,0.0,0.0,0.0,0.940674824,1.451274269,11.0,6.0,67.46987951807229,0.8125,2.0,1.0,0.0,0.0,1.0,1.0,0.0,1.0,1.0,0.0,4.0,1.0
3813296,2021-11-25,7285,7283,0,0,2.0,4.0,0.0,2.0,4.0,0.0,0,0,0.0,0.0,Draw,1.451274269,0.940674824,12.0,4.0,32.53012048192771,0.5925925925925926,1.0,1.0,0.0,0.0,1.0,0.0,1.0,0.0,0.0,0.0,5.0,1.0,0.8617786740000001,2.3310924635,14.0,3.0,61.757425742574256,0.749498997995992,7.0,2.0,0.0,0.0,1.0,0.0,1.0,0.0,0.0,0.0,6.0,1.0
3813315,2021-11-26,7288,2021,0,0,0.0,3.0,0.0,1.0,1.0,0.0,0,0,0.0,0.0,Away Win,0.349259805,2.00757332,8.0,1.0,56.98529411764706,0.8236559139784946,5.0,3.0,0.0,0.0,0.0,0.0,1.0,0.0,0.0,0.0,4.0,1.0,1.3163038880000002,0.5835507465000002,18.0,3.0,63.23529411764706,0.7378435517970402,5.0,1.0,0.0,0.0,1.0,0.0,0.0,1.0,0.0,0.0,5.0,1.0
3813277,2021-11-27,7287,7289,0,0,3.0,0.0,1.0,0.0,1.0,0.0,0,0,0.0,0.0,Away Win,2.00757332,0.349259805,11.0,6.0,43.01470588235294,0.7378917378917379,4.0,0.0,0.0,1.0,0.0,1.0,0.0,1.0,1.0,0.0,5.0,1.0,0.8255059210000001,0.933321989,14.0,4.0,64.54767726161369,0.7878787878787878,11.0,0.0,0.0,0.0,0.0,0.0,1.0,0.0,0.0,0.0,4.0,1.0
3813291,2021-11-27,7286,7282,0,0,1.0,1.0,0.0,4.0,2.0,1.0,0,0,0.0,0.0,Away Win,0.5835507465000002,1.3163038880000002,11.0,3.0,36.76470588235294,0.6145454545454545,5.0,1.0,0.0,0.0,1.0,0.0,0.0,1.0,0.0,0.0,6.0,1.0,2.3310924635,0.8617786740000001,10.0,5.0,38.242574257425744,0.6990291262135923,4.0,2.0,0.0,0.0,1.0,1.0,0.0,1.0,1.0,0.0,8.0,1.0
3813292,2021-11-28,7284,7283,0,0,2.5,2.5,0.5,1.0,2.0,0.0,0,0,0.0,0.0,Draw,1.604312871,1.0440335883,14.5,5.0,66.82135951212257,0.8120335820895522,4.5,1.5,0.0,0.0,1.0,0.0,1.0,0.0,1.0,0.0,4.0,2.0,1.223769091,1.3373844725,13.5,3.0,57.921514427707365,0.7344617292138234,5.5,1.5,0.0,1.0,0.5,0.0,0.0,1.0,0.0,0.0,3.0,2.0
3813294,2021-11-29,7285,7290,0,0,1.0,2.0,0.0,1.0,0.0,1.0,0,0,0.0,0.0,Away Win,0.89747537525,1.263217166,9.5,2.0,39.22225868454362,0.6395166352793471,2.0,1.5,0.0,1.0,0.5,0.0,0.0,1.0,0.0,0.0,4.0,2.0,0.933321989,0.8255059210000001,7.0,2.0,35.45232273838631,0.6310344827586207,7.0,2.0,0.0,1.0,0.0,1.0,0.0,1.0,0.0,1.0,6.0,1.0
3813317,2021-11-30,7291,7286,0,0,3.0,1.0,1.0,0.5,2.0,0.0,0,0,0.0,0.0,Home Win,0.6367929076,2.2679509179999995,6.0,5.0,33.827160493827165,0.6824817518248175,2.0,1.0,0.0,0.0,1.0,1.0,0.0,1.0,1.0,0.0,6.0,1.0,0.6583009447500001,1.141645181,9.0,1.5,45.81879361914257,0.702060372060372,4.5,2.0,0.0,0.0,0.5,0.0,1.0,0.0,0.0,0.0,3.0,2.0
3813312,2021-12-01,7282,7287,0,0,3.5,1.0,1.0,2.0,1.5,0.5,0,0,0.0,0.0,Away Win,1.64903946875,0.7974149085,11.0,5.0,41.684846450746775,0.7579652673321482,3.0,1.0,0.0,1.0,0.5,2.0,0.0,2.0,1.0,1.0,4.0,2.0,1.652028959,0.8196080733,11.5,5.0,52.61549713343281,0.7530660406196887,4.5,1.0,0.0,1.0,0.5,0.0,1.0,0.0,0.5,0.0,4.0,2.0
3813288,2021-12-02,2021,7289,0,0,2.0,1.0,0.5,1.5,1.0,0.5,0,0,0.0,0.0,Draw,1.6690070815,0.67550438025,16.5,5.0,44.353496115427305,0.6440540510307953,5.5,1.5,0.0,0.0,1.0,1.0,0.0,2.0,0.0,0.5,6.0,2.0,1.0577311313,1.1149032935,10.5,4.0,51.1656944385505,0.706660241995931,6.5,1.0,0.0,0.0,0.5,1.0,0.0,1.0,0.0,1.0,5.0,2.0
3813280,2021-12-03,7290,7286,0,0,1.5,0.5,1.0,1.6666666666666667,3.333333333333333,0.0,0,0,0.0,0.0,Draw,1.07445771005,0.70873798265,9.0,3.0,43.331888241439856,0.6983129403040416,6.5,1.5,0.0,1.0,0.5,2.0,0.0,2.0,0.0,1.0,4.0,2.0,0.9381735049333334,1.2693931291666667,11.333333333333334,2.333333333333333,46.23213692256564,0.7138735813735814,5.0,1.6666666666666667,0.0,0.0,0.6666666666666666,0.0,2.0,0.0,0.0,0.0,3.0,3.0
3813274,2021-12-04,7284,7287,0,0,2.0,2.0,0.3333333333333333,3.0,1.3333333333333333,0.6666666666666666,0,0,0.0,0.0,Away Win,1.4155935793333334,0.7931994381999999,13.333333333333334,4.333333333333333,65.65366781620813,0.7938809739182874,4.333333333333333,1.3333333333333333,0.0,0.0,1.0,0.0,0.0,1.0,0.5,0.0,6.0,3.0,2.1397694844666666,0.7236612583666666,13.666666666666666,6.666666666666667,55.63517418958414,0.7799280296291871,4.333333333333333,1.3333333333333333,0.0,1.0,0.6666666666666666,1.0,0.0,1.0,0.5,1.0,3.0,3.0
3813316,2021-12-04,7285,7288,0,0,1.0,2.0,0.0,0.5,3.0,0.0,0,0,0.0,0.0,Home Win,0.7956402649333333,1.2473425877000002,10.333333333333334,2.333333333333333,42.41102120819795,0.6723940849191132,2.0,2.0,0.0,1.0,0.6666666666666666,0.0,1.0,0.0,0.0,0.0,5.0,3.0,0.5583589094999999,2.0146417975,9.0,1.5,65.75679800221975,0.8340702716366253,5.0,2.0,0.0,0.0,0.5,0.0,2.0,0.0,0.0,0.0,8.0,2.0
3813300,2021-12-05,7283,7291,0,0,1.0,1.6666666666666667,0.0,4.5,2.5,1.0,0,0,0.0,0.0,Home Win,0.9130231066666666,1.2376413136666666,12.0,2.333333333333333,50.84158147701183,0.6804103835784464,5.333333333333333,1.3333333333333333,0.0,1.0,0.6666666666666666,0.0,0.0,2.0,0.0,0.0,7.0,2.0,1.08084096655,1.88293477165,9.5,6.0,43.3841684822077,0.7490186536901866,2.0,0.5,0.0,0.0,1.0,2.0,0.0,2.0,1.0,0.0,5.0,2.0
3813268,2021-12-06,2021,7282,0,0,1.6666666666666667,1.0,0.3333333333333333,2.6666666666666665,2.333333333333333,0.6666666666666666,0,0,0.0,0.0,Home Win,1.4423890923333331,0.6130112171666667,14.666666666666666,3.6666666666666665,43.294487606363305,0.6121235501080463,5.333333333333333,1.6666666666666667,0.0,0.0,1.0,0.0,0.0,3.0,0.0,0.5,4.0,2.0,1.276615522,1.5700267841333335,10.666666666666666,3.6666666666666665,40.56505486653558,0.7504383833496373,2.6666666666666665,1.3333333333333333,0.3333333333333333,1.0,0.6666666666666666,0.0,1.0,0.0,0.5,1.0,5.0,2.0
3813267,2021-12-07,7286,7288,0,0,1.25,2.5,0.0,0.6666666666666666,2.6666666666666665,0.0,0,0,0.0,0.0,Away Win,0.96587439945,1.638564760875,11.25,2.0,45.13783634234039,0.7108313223938224,5.0,1.5,0.0,1.0,0.5,0.0,0.0,1.0,0.0,0.0,4.0,3.0,1.224902476,1.7833025530999995,13.0,3.6666666666666665,65.98450176716388,0.8165701697145192,4.666666666666667,1.3333333333333333,0.0,0.0,0.6666666666666666,0.0,3.0,0.0,0.0,0.0,3.0,2.0
3813299,2021-12-08,7289,7284,0,0,1.3333333333333333,1.0,0.3333333333333333,1.75,2.25,0.25,0,0,0.0,0.0,Home Win,0.8678290511999999,1.072986567,9.333333333333334,3.0,53.718306096288565,0.6981338550243144,6.0,1.0,0.0,0.0,0.6666666666666666,0.0,0.0,2.0,0.0,0.5,6.0,2.0,1.38500703,0.8625612096499999,13.0,4.25,60.55246805672624,0.7429107304387155,4.75,1.75,0.0,0.0,1.0,0.0,1.0,0.0,0.3333333333333333,0.0,4.0,3.0
3813284,2021-12-09,7287,2021,0,0,3.0,1.25,0.75,1.75,1.0,0.5,0,0,0.0,0.0,Home Win,1.87248874435,0.8660577892749999,12.5,6.25,55.414163447617966,0.7591884464643146,4.75,1.5,0.0,1.0,0.75,2.0,0.0,2.0,0.5,1.0,5.0,3.0,1.2751585715,0.7965147259500001,14.25,3.75,42.2489516964507,0.6098018824391908,5.5,2.25,0.0,0.0,1.0,1.0,0.0,4.0,0.5,0.5,3.0,3.0
3813301,2021-12-10,7291,7285,0,0,3.333333333333333,2.333333333333333,0.6666666666666666,1.25,1.75,0.25,0,0,0.0,0.0,Home Win,1.5328705038333332,2.0237580461,12.333333333333334,5.666666666666667,44.14769248294815,0.7341942539752759,2.333333333333333,1.0,0.0,0.0,1.0,0.0,1.0,0.0,1.0,0.0,5.0,2.0,0.926886214775,1.5750043430250005,10.25,2.75,40.19828858188542,0.6580117799055512,2.0,2.25,0.0,1.0,0.75,1.0,0.0,1.0,0.3333333333333333,0.0,6.0,2.0
3813281,2021-12-11,7282,7290,0,0,2.25,2.25,0.5,1.0,0.3333333333333333,0.6666666666666666,0,0,0.0,0.0,Draw,1.294217954575,1.37088684035,10.75,3.5,45.64570515822346,0.7501864184917268,3.5,1.5,0.25,1.0,0.75,0.0,2.0,0.0,0.5,0.5,5.0,3.0,1.631665025366667,0.8221510161,14.0,3.333333333333333,48.269613960405,0.7286639779259391,8.333333333333334,1.6666666666666667,0.0,2.0,0.3333333333333333,0.0,0.0,3.0,0.0,1.0,8.0,2.0
3813285,2021-12-11,7288,7284,0,0,1.5,2.75,0.25,1.4,2.0,0.2,0,0,0.0,0.0,Home Win,1.666504559,1.5000092506749998,14.25,4.0,66.79825146725713,0.820214512531791,5.0,1.5,0.0,0.0,0.75,1.0,0.0,1.0,0.0,0.3333333333333333,4.0,2.0,1.2200774335999998,0.75110725884,12.2,4.0,59.53334500375662,0.7243057010557779,5.0,1.8,0.0,0.0,0.8,0.0,2.0,0.0,0.3333333333333333,0.0,3.0,3.0
3813310,2021-12-12,7286,7283,0,0,1.6,2.8,0.0,1.25,1.5,0.25,0,0,0.0,0.0,Draw,0.90272538824,1.9091139703,11.0,2.4,42.26236896036494,0.6874842461069399,4.4,1.6,0.0,1.0,0.6,0.0,1.0,0.0,0.0,0.0,5.0,3.0,1.26111847875,1.53746337985,11.75,3.25,51.712500986651605,0.6913056645415843,4.75,1.5,0.0,1.0,0.75,1.0,0.0,3.0,1.0,0.0,7.0,2.0
3813290,2021-12-13,7289,7285,0,0,1.25,0.75,0.5,1.0,1.6,0.2,0,0,0.0,0.0,Home Win,0.7271946522999999,0.94482968725,9.5,2.75,51.42451637424688,0.6724607901286346,4.5,1.0,0.0,1.0,0.5,1.0,0.0,3.0,0.5,0.5,5.0,2.0,1.0146176047,1.4051688759000005,12.4,2.6,39.89827583592254,0.654849790896918,2.2,1.8,0.0,1.0,0.6,0.0,1.0,0.0,0.3333333333333333,0.0,3.0,3.0
3813269,2021-12-14,7291,2021,0,0,2.75,1.75,0.75,1.8,1.6,0.4,0,0,0.0,0.0,Away Win,1.331109629725,1.859204325675,11.5,5.0,48.43621314919336,0.7379043777401442,2.5,1.25,0.0,1.0,0.75,1.0,0.0,1.0,1.0,0.0,4.0,3.0,1.3545057522,0.97132054316,13.8,4.0,42.44847982060541,0.6299618497908941,5.2,2.0,0.0,0.0,1.0,0.0,1.0,0.0,0.5,0.3333333333333333,5.0,3.0
3813286,2021-12-15,7287,7290,0,0,3.2,1.4,0.8,1.0,0.5,0.5,0,0,0.0,0.0,Home Win,1.83209975788,1.02722512642,12.4,6.6,55.68201229464952,0.7580057790055128,4.6,1.4,0.0,1.0,0.8,3.0,0.0,3.0,0.6666666666666666,1.0,6.0,3.0,1.413155810525,0.810353477575,14.0,2.75,50.100811868905154,0.7288879205513725,8.5,1.5,0.0,2.0,0.5,0.0,0.0,4.0,0.0,0.6666666666666666,4.0,2.0
3813287,2021-12-16,7284,7282,0,0,0.8,2.0,0.0,2.0,2.0,0.4,0,0,0.0,0.0,Draw,1.26026397346,0.6188940728399999,13.0,3.6,56.47146786557427,0.6949417957303341,6.4,2.8,0.0,0.0,0.8,0.0,3.0,0.0,0.3333333333333333,0.0,5.0,3.0,1.1903665360600002,1.24823510548,10.4,3.2,45.39768300769765,0.7487055652395757,3.4,1.4,0.2,1.0,0.8,0.0,0.0,1.0,0.3333333333333333,0.5,5.0,2.0
3813276,2021-12-17,7285,7286,0,0,0.8,1.8,0.2,1.6,2.8,0.0,0,0,0.0,0.0,Home Win,1.0075471089,1.6307501312400003,12.2,2.6,42.85956408820528,0.6683005818413151,2.0,2.2,0.0,1.0,0.6,0.0,2.0,0.0,0.3333333333333333,0.0,4.0,3.0,0.9247611920599998,1.72914878476,11.2,2.6,41.13165000611657,0.6812418218645155,4.4,2.0,0.0,1.0,0.6,0.0,0.0,1.0,0.0,0.0,5.0,3.0
3813272,2021-12-18,7288,7289,0,0,1.6,2.4,0.4,2.0,0.8,0.6,0,0,0.0,0.0,Draw,1.491245315,1.4283289052,13.2,4.0,63.006502408373606,0.7910103197028522,4.2,1.4,0.2,0.0,0.8,2.0,0.0,2.0,0.5,0.3333333333333333,7.0,3.0,0.99547194198,1.0390481078,10.8,3.4,51.67230075072922,0.679118057390264,4.4,1.2,0.0,1.0,0.6,2.0,0.0,4.0,0.6666666666666666,0.5,5.0,2.0
3813279,2021-12-18,7290,7291,0,0,0.8,0.6,0.4,2.2,2.2,0.6,0,0,0.0,0.0,Home Win,1.27221114646,0.7841527972,12.8,2.6,46.375386337229386,0.7128762227287234,7.6,1.8,0.0,2.0,0.4,0.0,1.0,0.0,0.0,0.5,3.0,2.0,1.17914957226,1.78919393934,11.2,4.4,50.621581984322845,0.7444007554109995,2.4,1.4,0.0,1.0,0.6,0.0,1.0,0.0,0.75,0.0,4.0,3.0
3813282,2021-12-19,7287,7283,0,0,2.8,1.4,0.8,1.2,1.4,0.2,0,0,0.0,0.0,Away Win,1.56645510902,1.0990596634599998,13.2,6.4,60.78433427607367,0.7766332686007443,5.4,1.4,0.0,1.0,0.8,4.0,0.0,4.0,0.75,1.0,4.0,2.0,1.09219037506,1.3687166569999998,11.4,3.0,55.14777856709907,0.7111090477622997,4.8,1.2,0.0,1.0,0.8,0.0,0.0,4.0,1.0,0.0,7.0,2.0
3813307,2021-12-20,2021,7284,0,0,2.4,1.4,0.6,1.2,2.0,0.0,0,0,0.0,0.0,Draw,1.3930754534,0.96887226234,14.0,4.4,37.92880953210785,0.6171893776760002,5.2,2.2,0.0,1.0,0.8,1.0,0.0,1.0,0.5,0.5,6.0,3.0,1.27025147286,0.8895970584199999,12.8,4.0,53.05832853576826,0.6577192719854223,6.8,3.0,0.0,0.0,0.8,0.0,0.0,1.0,0.25,0.0,4.0,3.0
3813306,2021-12-21,7285,7282,0,0,1.2,1.8,0.4,1.8,2.2,0.2,0,0,0.0,0.0,Away Win,1.264883657,1.4415271214400005,14.6,4.0,44.48949259254677,0.6854543596877303,2.4,2.4,0.0,1.0,0.6,1.0,0.0,1.0,0.5,0.0,4.0,3.0,1.12220961046,1.53945705368,11.6,3.2,47.92773958478393,0.7373207926284362,4.8,1.2,0.2,1.0,0.8,0.0,0.0,2.0,0.3333333333333333,0.3333333333333333,5.0,2.0
3813278,2021-12-22,7290,7283,0,0,1.0,0.8,0.4,1.4,0.6,0.4,0,0,0.0,0.0,Away Win,1.4931984659400002,0.6871454598,15.4,3.6,51.00209350672385,0.7495045752191449,7.6,2.0,0.0,1.0,0.6,1.0,0.0,1.0,0.5,0.5,4.0,3.0,1.21155773026,1.1836082807,11.4,3.4,50.710326288369295,0.696033529313261,4.8,1.0,0.0,2.0,0.6,1.0,0.0,5.0,1.0,0.2,3.0,2.0
3813304,2021-12-23,7289,7286,0,0,2.2,0.8,0.6,1.6,2.6,0.0,0,0,0.0,0.0,Draw,1.11514888558,1.1391588922,11.8,3.6,46.26593386621384,0.6512720295442362,2.8,2.2,0.0,1.0,0.8,0.0,0.0,5.0,0.6666666666666666,0.3333333333333333,5.0,2.0,0.90607985526,1.8618233343600004,11.4,3.2,39.344265853156735,0.6589836004105838,4.8,1.6,0.2,1.0,0.6,0.0,1.0,0.0,0.0,0.0,6.0,2.0
3813308,2021-12-24,7291,7288,0,0,1.8,2.4,0.4,1.8,2.0,0.4,0,0,0.0,0.0,Draw,1.11988483754,1.74325547302,11.8,4.2,52.13897816838569,0.7520778467804533,3.2,2.0,0.0,1.0,0.6,0.0,2.0,0.0,0.75,0.0,6.0,3.0,1.7081685362,1.311592369,13.8,4.6,64.10627501703685,0.7775975953250032,4.0,1.4,0.2,0.0,1.0,0.0,0.0,3.0,0.3333333333333333,0.3333333333333333,6.0,2.0
3813275,2021-12-26,7283,2021,0,0,2.0,0.6,0.6,1.8,1.2,0.4,0,0,0.0,0.0,Draw,1.19149920686,1.245032436,11.2,3.6,50.21223756899151,0.6967115370137104,4.8,1.0,0.0,2.0,0.6,2.0,0.0,6.0,1.0,0.3333333333333333,4.0,3.0,1.1435998504,0.9455578691400002,13.6,3.8,40.47981874667565,0.6158817147713791,5.2,2.0,0.0,2.0,0.6,0.0,0.0,2.0,0.3333333333333333,0.5,6.0,2.0
3813318,2021-12-27,7285,7287,0,0,1.4,2.0,0.4,2.6,1.4,0.8,0,0,0.0,0.0,Draw,1.43003801238,1.8818424778200005,15.8,4.4,43.205587441673245,0.669007358546926,3.0,1.8,0.0,1.0,0.6,0.0,1.0,0.0,0.4,0.0,6.0,3.0,1.5882683058200002,1.1327914851399998,13.4,6.2,60.42704372938605,0.7690103045337269,5.8,1.2,0.0,1.0,0.6,0.0,1.0,0.0,0.6,1.0,8.0,2.0
3813295,2021-12-28,7289,7291,0,0,1.8,0.8,0.4,0.8,1.8,0.2,0,0,0.0,0.0,Home Win,1.00769664026,1.0068684954000002,13.0,4.0,51.79652241642511,0.6769355700208695,3.8,2.0,0.0,1.0,0.8,0.0,0.0,6.0,0.5,0.3333333333333333,5.0,2.0,1.0634592294399998,1.69777378776,11.8,3.4,50.03813783225123,0.7280756465604312,3.8,2.6,0.0,1.0,0.6,0.0,0.0,1.0,0.6,0.0,4.0,3.0
3813303,2021-12-29,7282,7288,0,0,1.8,2.6,0.2,1.8,1.6,0.4,0,0,0.0,0.0,Home Win,1.6122463582599995,1.6763951893200002,14.4,3.8,50.428511755742576,0.7312527639027222,5.2,1.2,0.2,0.0,1.0,1.0,0.0,3.0,0.3333333333333333,0.5,8.0,2.0,1.8087789732,1.155802511,14.0,5.0,60.71321968169517,0.7670948300499936,3.8,1.4,0.2,0.0,1.0,0.0,0.0,4.0,0.3333333333333333,0.25,5.0,2.0
3813283,2021-12-30,7290,7284,0,0,0.6,1.2,0.2,1.0,1.8,0.0,0,0,0.0,0.0,Away Win,1.38023923132,0.8658448291399999,15.0,3.0,50.44077085463484,0.7404772047401614,7.6,1.8,0.0,1.0,0.4,0.0,1.0,0.0,0.3333333333333333,0.5,8.0,2.0,1.19279768326,0.9861572828199998,12.2,3.6,52.74932281368312,0.6464394145879179,7.4,2.8,0.0,1.0,0.6,0.0,0.0,2.0,0.25,0.0,10.0,2.0
3813271,2022-01-02,7283,7288,0,0,2.0,0.6,0.6,1.8,1.6,0.4,0,0,0.0,0.0,Draw,1.3081847407600002,1.2760494003999998,10.8,3.8,52.99447152896617,0.7171458318855052,4.6,1.2,0.0,2.0,0.6,0.0,0.0,7.0,0.5,0.3333333333333333,7.0,3.0,1.4817648928,0.94082706668,12.8,4.2,58.21222627978735,0.7757613816230139,3.6,1.6,0.2,0.0,1.0,0.0,1.0,0.0,0.3333333333333333,0.2,4.0,2.0
3813311,2022-01-02,2021,7290,0,0,1.8,1.2,0.4,1.0,2.0,0.2,0,0,0.0,0.0,Away Win,1.1844171912,1.02294465244,15.0,4.4,42.12594755392978,0.6326292051188694,5.4,1.8,0.0,2.0,0.6,0.0,0.0,3.0,0.3333333333333333,0.4,7.0,2.0,0.9679016068,1.05302069894,12.2,3.2,48.72872100153955,0.7304508840583679,5.4,1.4,0.0,0.0,0.6,0.0,2.0,0.0,0.25,0.5,3.0,2.0
3813273,2022-01-03,7291,7287,0,0,0.8,2.6,0.2,2.2,1.8,0.6,0,0,0.0,0.0,Home Win,0.7517835167600001,1.63557700562,10.2,3.4,49.67427407271482,0.7322215007062854,3.6,2.8,0.0,1.0,0.6,0.0,1.0,0.0,0.6,0.0,6.0,2.0,1.46507950314,1.53448059164,13.8,5.4,61.077212695874366,0.7593680256094542,6.2,1.0,0.0,1.0,0.6,0.0,0.0,1.0,0.6,0.6666666666666666,7.0,1.0
3813293,2022-01-04,7284,7286,0,0,1.6,1.6,0.2,1.0,1.6,0.0,0,0,0.0,0.0,Draw,1.33111949326,0.9089062847,12.6,4.0,53.78258583145523,0.6785570616467413,7.8,3.0,0.0,1.0,0.6,1.0,0.0,3.0,0.25,0.2,5.0,1.0,0.733502653,1.7073845522600002,9.6,2.6,36.84517027396565,0.6210921413358506,3.8,1.6,0.2,1.0,0.6,0.0,0.0,1.0,0.0,0.0,12.0,1.0
3813264,2022-01-05,7282,7289,0,0,2.0,1.8,0.4,2.8,0.8,0.6,0,0,0.0,0.0,Draw,1.5550422011,1.2379289236399995,13.8,4.2,51.97642895861732,0.7431735629214711,6.0,1.0,0.0,0.0,1.0,2.0,0.0,4.0,0.5,0.5,7.0,1.0,1.30897579892,0.9847480756,13.8,5.0,51.26073219672277,0.6965133452209623,3.6,2.0,0.0,1.0,0.8,1.0,0.0,7.0,0.6,0.3333333333333333,8.0,2.0
3813302,2022-01-06,2021,7285,0,0,1.4,1.2,0.2,1.6,2.4,0.2,0,0,0.0,0.0,Home Win,1.2914351251,0.8547679555000002,16.4,4.4,46.046371220414144,0.6640618292323447,5.2,1.6,0.0,2.0,0.4,0.0,1.0,0.0,0.25,0.4,4.0,2.0,1.67395583172,1.87010586042,17.0,5.4,43.508494674218,0.6822045983399104,3.6,1.6,0.0,1.0,0.6,0.0,0.0,1.0,0.3333333333333333,0.0,10.0,1.0
3813265,2022-01-07,7286,7287,0,0,1.2,1.8,0.0,2.0,2.4,0.4,0,0,0.0,0.0,Draw,0.5898255786,1.33476076426,8.4,2.6,33.99709757219911,0.5871342109683457,3.2,1.8,0.2,0.0,0.8,0.0,0.0,2.0,0.0,0.0,3.0,1.0,1.48401726794,1.59381343964,15.2,5.8,62.24448951150599,0.7884589347003632,5.8,1.0,0.0,1.0,0.6,0.0,1.0,0.0,0.6,0.5,4.0,2.0
3813266,2022-01-08,7288,7290,0,0,1.4,1.4,0.2,1.0,1.8,0.4,0,0,0.0,0.0,Home Win,1.08598690554,1.09240479314,13.6,4.6,57.09603348335315,0.7689188466063691,3.0,1.8,0.2,0.0,1.0,0.0,0.0,1.0,0.3333333333333333,0.1666666666666666,6.0,2.0,0.91760432712,1.15973986224,10.8,3.4,45.86694742283148,0.7198682756901985,4.8,1.4,0.0,1.0,0.4,1.0,0.0,1.0,0.25,0.6,6.0,2.0
3813305,2022-01-09,7283,7289,0,0,2.0,0.8,0.4,3.0,1.2,0.4,0,0,0.0,0.0,Home Win,1.1287074169,0.99114765906,10.6,3.0,49.39771230877882,0.7005354498623929,4.4,1.2,0.0,2.0,0.6,0.0,0.0,8.0,0.3333333333333333,0.3333333333333333,7.0,2.0,1.5269949492,1.0181884336,15.4,6.0,51.74914484838623,0.7188293844861541,5.0,2.2,0.0,0.0,1.0,0.0,0.0,8.0,0.6,0.25,4.0,2.0
3817849,2022-01-10,7287,7284,0,0,1.2,2.0,0.2,1.8,1.6,0.2,1,0,4.0,2.3638939059999995,Away Win,1.26122753194,1.33601723204,15.8,4.6,64.91912443064705,0.7919555374150384,6.6,1.0,0.0,2.0,0.4,0.0,0.0,1.0,0.6,0.4,3.0,3.0,1.39563982686,0.91396633578,13.0,3.6,57.1683010545132,0.7109176072795982,7.2,2.8,0.0,1.0,0.8,0.0,0.0,4.0,0.2,0.2,6.0,2.0
3817850,2022-01-11,2021,7286,0,0,1.6,0.8,0.4,0.6,1.0,0.0,0,0,2.0,1.8998546345000005,Home Win,1.6246501365,0.8292955946999999,18.2,5.0,46.74076799612389,0.664798628249946,4.6,1.4,0.0,2.0,0.4,1.0,0.0,1.0,0.4,0.4,5.0,2.0,0.5363823973199999,0.84781762906,7.4,2.0,33.81968123001028,0.5759421414205317,3.0,1.6,0.2,1.0,0.6,0.0,0.0,3.0,0.0,0.0,4.0,2.0
3817851,2022-01-12,7291,7283,0,0,1.4,3.0,0.2,2.0,0.6,0.6,0,1,3.0,4.7423341734,Away Win,0.92460043968,1.59553544234,10.2,3.6,45.2964159831535,0.7333462279179692,3.6,2.8,0.0,0.0,0.8,1.0,0.0,1.0,0.6666666666666666,0.0,9.0,1.0,1.21686762914,1.10012687694,11.0,3.6,44.127200052797605,0.6623467101308762,4.0,2.0,0.0,3.0,0.4,1.0,0.0,9.0,0.5,0.3333333333333333,3.0,2.0
3817879,2022-01-13,7290,7289,0,0,1.0,1.8,0.4,2.0,1.2,0.2,1,0,1.0,1.75882791,Draw,0.80406748188,1.3091981195,10.0,3.2,46.1598883058447,0.7152822455176809,4.0,1.2,0.0,1.0,0.4,0.0,1.0,0.0,0.25,0.5,5.0,3.0,1.36100390006,0.9064598799,15.2,5.4,52.70919167525794,0.7156109936815563,5.0,2.8,0.0,0.0,0.8,0.0,1.0,0.0,0.6,0.2,4.0,2.0
3817890,2022-01-14,7288,7285,0,0,1.2,1.2,0.2,2.0,2.8,0.2,0,1,3.0,3.8786136733,Draw,1.21327351014,0.89223294128,15.2,4.8,60.940454523666766,0.7952108789784198,4.8,2.0,0.0,1.0,0.8,1.0,0.0,2.0,0.5,0.1666666666666666,6.0,2.0,1.70948360044,2.39253436534,14.4,5.6,46.42513446464919,0.6990669453549072,3.2,1.8,0.0,1.0,0.8,0.0,1.0,0.0,0.3333333333333333,0.0,8.0,1.0
3817865,2022-01-18,7285,7291,0,0,2.0,2.0,0.2,1.4,2.6,0.2,0,1,1.0,2.0913701718,Away Win,1.52939161592,2.4236464960200004,14.4,5.4,43.49578865394744,0.6820582658132515,4.2,1.8,0.0,1.0,0.8,0.0,0.0,1.0,0.3333333333333333,0.0,4.0,2.0,0.9428061364,1.4805617591399998,10.2,4.0,43.01197769664364,0.7255244813070145,3.4,2.8,0.0,0.0,0.8,0.0,1.0,0.0,0.5714285714285714,0.0,6.0,1.0
3817853,2022-01-19,7288,7286,0,0,1.2,1.2,0.2,0.4,1.0,0.0,1,0,7.0,3.6414401514,Away Win,1.3713266787599998,0.7105471869600001,18.0,5.6,61.90565655350758,0.804121866067262,6.4,1.6,0.0,1.0,0.8,0.0,0.0,3.0,0.4,0.1666666666666666,5.0,2.0,0.4590426612,1.0150418834,6.4,1.4,35.28763881415044,0.5563977769121384,2.0,1.0,0.2,1.0,0.4,0.0,1.0,0.0,0.0,0.0,8.0,2.0
3817876,2022-01-22,7290,7285,0,0,0.8,1.8,0.2,1.6,2.4,0.0,1,0,3.0,1.8075634754,Home Win,0.5783939426,1.4834499048999998,8.2,2.4,43.284559677091416,0.6977991091515917,3.8,0.8,0.0,1.0,0.4,0.0,0.0,1.0,0.2,0.5,9.0,2.0,1.39398547304,2.68623926462,13.4,4.4,43.31619463119436,0.6912118579915935,3.8,1.4,0.0,0.0,0.8,0.0,1.0,0.0,0.2857142857142857,0.0,4.0,2.0
3813313,2022-01-23,7282,7291,0,0,2.2,1.8,0.4,1.6,2.2,0.4,0,0,0.0,0.0,Draw,1.43114931824,1.3623129632400002,14.0,3.8,50.40185565867207,0.7503690032022498,5.6,1.2,0.0,0.0,1.0,0.0,0.0,5.0,0.4,0.5,18.0,0.0,1.26523395,1.26357574338,11.6,4.6,44.09593555479505,0.7349224681440257,3.8,2.0,0.0,1.0,0.6,1.0,0.0,1.0,0.5714285714285714,0.25,5.0,2.0
3817874,2022-01-23,7284,7288,0,0,2.2,1.2,0.4,1.2,1.4,0.2,0,1,3.0,1.9318158623,Draw,1.5348673513200002,0.95058576158,13.8,4.2,55.840144941410855,0.7158392553871943,6.4,2.0,0.0,2.0,0.6,1.0,0.0,5.0,0.2,0.3333333333333333,13.0,1.0,1.34695511516,0.58937891816,19.6,5.6,64.587311997142,0.809024750584409,7.4,1.6,0.0,1.0,0.8,0.0,1.0,0.0,0.3333333333333333,0.1666666666666666,4.0,2.0
3817878,2022-01-24,7286,7289,0,0,0.8,0.8,0.2,2.0,1.2,0.2,0,0,2.0,1.387727729,Away Win,0.4584976976,0.9187005152,5.6,1.2,31.90618621027262,0.5348093815156512,0.8,1.0,0.0,1.0,0.6,1.0,0.0,1.0,0.0,0.1428571428571428,5.0,2.0,1.31857140446,0.8016628757000002,16.4,6.4,56.36418001903216,0.7394526925232553,6.2,2.2,0.0,0.0,0.8,0.0,0.0,1.0,0.6,0.1666666666666666,11.0,1.0
3817867,2022-01-25,7287,7285,0,0,1.0,2.6,0.0,1.4,2.2,0.0,0,0,6.0,5.039519683,Draw,1.3200186104,1.56187976312,15.2,4.4,62.10991862042256,0.7827672441011085,6.6,1.6,0.0,1.0,0.4,0.0,1.0,0.0,0.5,0.4,15.0,0.0,1.7587756106,2.14601329662,15.4,4.6,44.60510239537334,0.7016957289593354,5.2,1.8,0.0,0.0,0.8,0.0,2.0,0.0,0.2857142857142857,0.0,3.0,3.0
3817868,2022-01-26,7284,7290,0,0,1.8,0.8,0.4,1.2,1.4,0.4,1,0,6.0,2.6692479654,Home Win,1.2089904609200002,0.81135668488,12.8,3.6,54.5696489381315,0.7081980107258153,5.6,2.6,0.0,2.0,0.6,0.0,0.0,6.0,0.1666666666666666,0.3333333333333333,3.0,1.0,0.5914425656,1.8346950285,8.6,3.0,43.84087971587495,0.7069090830628901,3.0,1.6,0.0,1.0,0.6,1.0,0.0,2.0,0.3333333333333333,0.5,4.0,2.0
3817860,2022-01-27,7291,7289,0,0,1.4,2.0,0.4,2.6,1.0,0.4,0,1,7.0,2.8729716993,Away Win,1.1455018466,1.41803989692,11.6,4.6,44.40503950271995,0.7515349502877625,4.0,1.8,0.0,2.0,0.4,0.0,0.0,2.0,0.5714285714285714,0.2,4.0,2.0,1.7535786955600003,0.9233743941,18.0,7.0,52.86939862185847,0.7353027545715799,5.8,2.2,0.0,1.0,0.6,1.0,0.0,2.0,0.6,0.2857142857142857,3.0,2.0
3817875,2022-01-28,2021,7288,0,0,1.0,0.8,0.4,1.2,1.2,0.2,1,0,4.0,2.789168289,Home Win,1.5733395040999998,0.77643994322,17.2,5.0,50.92319965472967,0.6612383450616116,5.8,1.0,0.0,2.0,0.4,2.0,0.0,2.0,0.5,0.4,17.0,0.0,1.42120376416,0.67793034222,18.8,5.2,65.24939097149016,0.7869013486944703,7.4,1.4,0.0,1.0,0.8,0.0,0.0,1.0,0.3333333333333333,0.1428571428571428,5.0,3.0
3817888,2022-01-29,7282,7286,0,0,2.0,1.6,0.4,0.6,1.4,0.2,1,0,3.0,1.700037617,Home Win,1.68472333918,1.3396074236400002,15.6,4.6,52.72423787164509,0.7654844477560555,6.4,1.4,0.0,1.0,0.8,0.0,0.0,6.0,0.3333333333333333,0.5,6.0,1.0,0.580209216,1.3537078063,6.6,1.8,35.40096760744631,0.5674827197850151,1.0,1.0,0.0,1.0,0.4,0.0,1.0,0.0,0.0,0.1428571428571428,5.0,2.0
3817861,2022-01-30,7283,7284,0,0,1.8,0.6,0.6,2.4,0.8,0.6,0,0,2.0,1.329686134,Away Win,1.11200133474,0.95148432574,11.4,3.6,46.62499400455424,0.6828976825304122,3.6,2.4,0.0,3.0,0.4,2.0,0.0,10.0,0.5,0.4285714285714285,18.0,0.0,1.75518232762,0.94157948848,14.0,4.4,51.53737970552561,0.7168613950222651,5.0,2.6,0.0,2.0,0.6,1.0,0.0,7.0,0.2857142857142857,0.3333333333333333,4.0,2.0
3817871,2022-01-31,7285,7289,0,0,1.0,1.8,0.0,2.0,1.2,0.4,0,1,6.0,3.484502890700001,Away Win,1.41044816328,2.15287797362,14.4,3.4,47.92894741119761,0.7164963899797858,5.4,1.8,0.0,0.0,0.8,0.0,0.0,1.0,0.2857142857142857,0.0,6.0,3.0,1.7344501681,0.84193681868,19.8,7.2,51.68552800425292,0.717625355083522,6.4,2.4,0.0,1.0,0.6,2.0,0.0,3.0,0.6,0.375,4.0,2.0
3817894,2022-02-01,7288,7291,0,0,0.8,1.0,0.2,1.6,1.4,0.4,0,0,2.0,2.513271184,Draw,1.5271236352200002,0.4752394500799999,16.8,4.2,66.37340504745183,0.7894533342217545,7.0,1.2,0.0,1.0,0.6,0.0,1.0,0.0,0.3333333333333333,0.125,4.0,3.0,1.06406427118,1.39891136946,10.8,4.0,45.58891012032551,0.742679100255442,3.6,1.6,0.0,2.0,0.4,0.0,1.0,0.0,0.5,0.2,5.0,3.0
3817882,2022-02-02,7286,7290,0,0,0.6,1.8,0.2,0.8,1.2,0.4,0,0,0.0,3.795056739,Draw,0.7291609209000001,1.79569601478,8.2,2.4,35.644228190242,0.5870839930301148,1.2,0.8,0.0,1.0,0.4,0.0,2.0,0.0,0.0,0.125,4.0,3.0,0.7396535145199999,2.1140928184,9.6,2.8,44.601534559118384,0.7125237315722754,3.6,2.0,0.0,1.0,0.4,0.0,1.0,0.0,0.3333333333333333,0.4285714285714285,7.0,2.0
3817864,2022-02-03,7287,7282,0,0,1.2,2.2,0.0,2.0,1.2,0.6,1,0,6.0,3.6470181639,Draw,1.5456344754,1.4298718579999998,16.2,5.0,59.68518110124906,0.7925862953427538,6.8,1.8,0.0,1.0,0.6,0.0,0.0,1.0,0.4285714285714285,0.4,9.0,1.0,1.90524212376,1.0910997877400002,18.6,4.6,56.77949164171157,0.8045275099570125,6.0,1.6,0.0,1.0,0.8,1.0,0.0,7.0,0.4285714285714285,0.5,5.0,2.0
3817886,2022-02-04,7283,7285,0,0,1.2,0.8,0.4,0.6,2.2,0.0,0,0,0.0,1.9294359895,Home Win,0.92937300794,1.0946373394400002,11.8,4.0,46.66464215875273,0.6757309046272884,4.4,2.6,0.0,2.0,0.4,0.0,1.0,0.0,0.4,0.4285714285714285,5.0,1.0,1.1626039123800005,2.0919745157200005,14.6,3.4,47.57492965287112,0.7188709376060037,5.4,2.6,0.0,0.0,0.6,0.0,1.0,0.0,0.25,0.0,4.0,3.0
3817883,2022-02-05,7284,2021,0,0,1.8,0.4,0.6,1.2,0.8,0.6,0,0,0.0,1.4252183079999998,Home Win,1.63152350652,0.9191662332,14.8,3.8,51.09566287470856,0.686981843201537,4.0,2.0,0.0,3.0,0.4,2.0,0.0,8.0,0.2857142857142857,0.4285714285714285,6.0,3.0,1.4973857550999998,0.95466677902,15.6,4.4,49.42212942448554,0.6682825715975331,5.2,1.6,0.0,2.0,0.4,3.0,0.0,3.0,0.5714285714285714,0.4,8.0,1.0
3817852,2022-02-06,7290,7287,0,0,1.0,1.6,0.2,0.8,1.8,0.0,0,1,1.0,1.3877825658999998,Away Win,0.7754506044,2.1714669559,9.6,2.6,46.7838696770375,0.7381800165382778,2.4,2.0,0.0,0.0,0.6,0.0,0.0,1.0,0.3333333333333333,0.375,4.0,2.0,1.2711156826,1.1726679182,15.6,4.2,56.03808556846003,0.7837568792050515,6.2,2.0,0.0,1.0,0.6,0.0,0.0,2.0,0.375,0.4,3.0,2.0
3817896,2022-02-07,7286,7291,0,0,1.0,2.2,0.2,1.0,1.2,0.2,0,1,10.0,3.0228076508,Away Win,0.9716637067,1.82140243178,12.4,3.2,39.230101987846034,0.6355106860452399,2.6,0.8,0.0,0.0,0.6,0.0,0.0,1.0,0.0,0.125,5.0,3.0,1.12935286078,1.50661701174,11.2,4.0,44.898531406902016,0.7184597520039316,4.2,1.6,0.0,2.0,0.4,0.0,0.0,1.0,0.5,0.1666666666666666,6.0,2.0
3817884,2022-02-08,7289,7282,0,0,2.6,0.8,0.6,1.6,1.0,0.4,0,0,4.0,2.122948045,Away Win,2.0620631752,0.7572168017800001,20.2,7.4,51.9862189084462,0.7185586590676734,5.8,2.0,0.0,2.0,0.4,3.0,0.0,4.0,0.6,0.4444444444444444,8.0,2.0,1.47264677356,1.0328939351,17.2,4.0,55.91531664786271,0.8005921633106683,6.8,1.8,0.0,1.0,0.8,0.0,0.0,8.0,0.4285714285714285,0.4,5.0,2.0
3817895,2022-02-09,7290,7288,0,0,1.0,1.6,0.2,0.8,1.2,0.0,0,1,1.0,1.5673896259999998,Away Win,0.8473527258000001,2.2208771207,10.6,2.4,48.72886766092025,0.7517284841225919,2.6,1.8,0.0,0.0,0.6,0.0,1.0,0.0,0.2857142857142857,0.375,3.0,3.0,1.5825680747000002,0.83036071128,18.2,4.6,65.7689645459693,0.7902456690953615,5.8,0.8,0.0,0.0,0.8,0.0,0.0,1.0,0.2857142857142857,0.125,8.0,2.0
3817881,2022-02-10,2021,7283,0,0,1.2,1.2,0.6,1.4,0.8,0.6,0,0,2.0,2.0681986255,Home Win,1.4896889882999995,1.0618445046400002,14.6,4.2,47.76475021543135,0.6687928706008555,5.4,1.4,0.0,2.0,0.4,0.0,1.0,0.0,0.5714285714285714,0.3333333333333333,5.0,2.0,1.03770156714,0.95168913154,13.6,4.4,47.05367929685188,0.6867287911007184,5.6,2.6,0.0,2.0,0.4,1.0,0.0,1.0,0.5,0.4285714285714285,6.0,2.0
3817869,2022-02-11,7284,7289,0,0,2.2,0.4,0.8,2.8,1.0,0.6,0,1,1.0,0.8656505036,Away Win,1.7371008504400005,1.0839990878,14.8,4.4,48.39453337742796,0.6763843200750115,4.2,1.8,0.0,3.0,0.4,3.0,0.0,9.0,0.375,0.4285714285714285,6.0,2.0,2.0221210148000006,1.04127192586,20.2,8.0,50.00942303709046,0.7210742747089843,7.2,1.4,0.0,2.0,0.6,0.0,1.0,0.0,0.5,0.4444444444444444,3.0,2.0
3817873,2022-02-12,7282,7285,0,0,1.6,1.0,0.4,0.6,2.4,0.0,1,0,5.0,4.8349120342,Home Win,1.8790083334000005,1.0560931043,19.2,4.8,57.18636649851764,0.7933962430167982,6.6,2.0,0.0,1.0,0.8,1.0,0.0,9.0,0.4285714285714285,0.5,4.0,3.0,1.1552112946,1.9304664856,14.6,3.0,50.52934890170661,0.7477605750644231,5.4,2.8,0.0,0.0,0.6,0.0,2.0,0.0,0.25,0.0,8.0,2.0
3817862,2022-02-13,7287,7291,0,0,0.6,1.0,0.2,1.4,1.0,0.4,0,1,6.0,2.7552469699999995,Home Win,1.3727870502,0.954737368,15.2,3.6,55.38790679948328,0.7653795576019236,6.4,2.0,0.0,2.0,0.4,1.0,0.0,3.0,0.375,0.5,7.0,2.0,1.25632971944,1.4435477482,10.8,3.8,45.93344300883187,0.7268196300113867,4.8,1.4,0.0,2.0,0.6,1.0,0.0,2.0,0.5,0.2857142857142857,6.0,2.0
3817902,2022-02-14,7283,7286,0,0,1.0,1.0,0.6,1.2,2.4,0.2,0,0,2.0,1.1102077258999998,Home Win,0.8123475630000001,1.15206511492,13.6,4.4,49.55483906349278,0.6859744999562152,5.8,3.0,0.0,2.0,0.2,0.0,1.0,0.0,0.5,0.375,4.0,2.0,1.03404502176,1.83032700924,14.0,3.4,40.91683740109551,0.6895866409675765,3.2,1.0,0.0,0.0,0.8,0.0,1.0,0.0,0.0,0.125,7.0,2.0
3817848,2022-02-15,7288,7282,0,0,1.6,1.0,0.2,1.8,0.8,0.6,0,1,3.0,1.1686660497,Away Win,1.51169068908,0.8239739117999999,16.8,4.2,64.98273017069383,0.8029268864128769,4.2,0.8,0.0,1.0,0.6,1.0,0.0,2.0,0.2857142857142857,0.2222222222222222,6.0,2.0,2.1989718872,1.0288904072,20.0,6.2,57.81383364773387,0.8060358134902691,7.4,1.4,0.0,1.0,0.8,2.0,0.0,10.0,0.5,0.5,3.0,3.0
3817880,2022-02-16,7291,7290,0,0,1.2,1.8,0.2,0.8,2.4,0.2,0,1,3.0,2.3787278204,Draw,0.9758875604399998,1.437046196,10.6,3.2,44.89999020118552,0.7296118378035945,5.2,1.8,0.0,1.0,0.8,0.0,1.0,0.0,0.5,0.25,3.0,2.0,0.7620801218,2.3524824536999995,9.8,1.8,47.21122548574384,0.7565010597258373,1.6,1.8,0.0,0.0,0.4,0.0,2.0,0.0,0.25,0.375,7.0,3.0
3817901,2022-02-17,2021,7287,0,0,1.8,1.0,0.8,1.4,1.2,0.4,0,1,6.0,3.342438287,Home Win,1.63083781032,1.0168657421200002,13.0,4.0,46.252405306036685,0.6384830114459259,4.8,1.2,0.0,3.0,0.4,1.0,0.0,1.0,0.625,0.3333333333333333,7.0,2.0,1.4456321731200004,0.988234182,15.0,4.0,53.02925701045375,0.7722668940921481,6.4,2.0,0.0,1.0,0.6,2.0,0.0,4.0,0.4444444444444444,0.5,4.0,3.0
3817877,2022-02-18,7285,7284,0,0,0.8,2.6,0.0,1.8,0.8,0.6,0,1,6.0,2.391949093,Home Win,1.21642033738,2.0054205466,16.6,3.6,48.66570998675789,0.7341650694464454,6.8,3.0,0.0,0.0,0.8,0.0,3.0,0.0,0.25,0.0,6.0,2.0,1.5680076767200002,1.00472849396,12.6,3.2,51.04801646767247,0.6894844720297013,4.0,2.0,0.0,2.0,0.6,0.0,1.0,0.0,0.3333333333333333,0.4285714285714285,7.0,2.0
3817855,2022-02-19,7283,7282,0,0,1.0,1.0,0.6,2.2,0.8,0.8,0,1,6.0,3.1928711375,Draw,0.76800264774,0.99470253652,14.2,4.4,51.12720949163933,0.7028933059514761,6.6,2.6,0.0,2.0,0.2,1.0,0.0,1.0,0.5714285714285714,0.375,5.0,2.0,2.21292659016,1.0849285764,19.6,6.0,52.77959758704954,0.7737718807285362,7.2,1.4,0.0,1.0,0.8,3.0,0.0,11.0,0.5,0.5714285714285714,4.0,3.0
3817863,2022-02-19,7289,7288,0,0,3.0,1.0,0.8,1.4,1.0,0.2,0,0,2.0,2.85776655,Home Win,1.89516588236,1.05774960326,17.4,6.6,47.09384038293463,0.6990343776690873,6.2,1.2,0.0,2.0,0.6,1.0,0.0,1.0,0.5,0.5,8.0,2.0,1.4668184756800002,1.1191108799000002,16.2,4.0,64.61920465163504,0.8013045595082454,3.8,0.8,0.0,1.0,0.4,0.0,1.0,0.0,0.25,0.2222222222222222,4.0,2.0
3817900,2022-02-20,7290,2021,0,0,0.8,2.6,0.0,1.8,1.0,0.8,1,0,1.0,1.8146984461,Away Win,0.9309804580000002,2.0952579197000003,10.4,1.6,48.62510014084829,0.7589887994781208,2.4,1.2,0.0,0.0,0.4,0.0,0.0,1.0,0.25,0.3333333333333333,4.0,3.0,1.49683637252,1.21927315262,10.8,3.4,43.42720858540059,0.6221410201039346,4.8,1.6,0.0,3.0,0.4,2.0,0.0,2.0,0.6666666666666666,0.3333333333333333,3.0,2.0
3817872,2022-02-21,7284,7291,0,0,1.8,1.0,0.6,1.6,2.2,0.2,0,1,4.0,2.9047438255999998,Home Win,1.7511060629200004,1.13255106476,13.2,3.8,55.392746267635815,0.7334893530547165,4.4,1.2,0.0,2.0,0.6,0.0,2.0,0.0,0.3333333333333333,0.375,3.0,2.0,1.23818143464,1.34058841346,11.8,3.8,44.45232850457975,0.7181801383620835,5.2,1.8,0.0,0.0,1.0,0.0,0.0,1.0,0.4444444444444444,0.25,5.0,3.0
3817885,2022-02-22,7287,7286,0,0,1.8,1.2,0.4,0.8,2.4,0.0,0,0,0.0,0.939508569,Home Win,1.7620148916200002,1.15427762148,16.0,4.8,55.61468114426498,0.7767878117709606,5.8,1.8,0.0,1.0,0.8,0.0,1.0,0.0,0.4444444444444444,0.4285714285714285,5.0,2.0,0.99702368616,1.7277074220800004,15.0,3.2,45.03146193680361,0.7172613191689927,4.2,1.2,0.0,0.0,0.6,0.0,2.0,0.0,0.0,0.1111111111111111,8.0,1.0
3817897,2022-02-23,7289,7283,0,0,2.8,1.4,0.8,1.0,1.4,0.4,0,1,1.0,2.0959048765,Home Win,1.42909626586,1.0156778967200002,15.6,5.6,45.36893796562312,0.6876349281333525,5.4,1.6,0.0,1.0,0.8,2.0,0.0,2.0,0.5714285714285714,0.5,4.0,2.0,0.7571242942399999,1.16280113132,14.0,4.2,48.76446242469885,0.6780058572798291,6.8,3.2,0.2,1.0,0.4,0.0,0.0,2.0,0.5,0.375,4.0,3.0
3817892,2022-02-24,7291,7282,0,0,1.4,2.0,0.2,2.0,1.0,0.6,0,0,0.0,2.6869314347,Draw,1.4821296148000005,1.34974085006,13.4,4.4,44.12882318107442,0.7294300229312958,5.6,1.8,0.0,0.0,1.0,0.0,1.0,0.0,0.4444444444444444,0.2222222222222222,3.0,3.0,1.89491239848,1.0458369714,16.2,6.2,50.496692633810405,0.7672933921793679,6.4,1.2,0.2,1.0,0.8,0.0,0.0,12.0,0.5,0.5,5.0,3.0
3817859,2022-02-25,7285,2021,0,0,1.0,2.4,0.2,2.4,1.2,0.8,0,1,5.0,4.881151539999999,Away Win,0.95473689678,2.1830116508,13.8,3.4,46.00733575423856,0.7324323961791188,5.0,3.4,0.0,0.0,0.8,1.0,0.0,1.0,0.3333333333333333,0.0,7.0,2.0,1.92910793532,1.3328863531600004,13.6,4.8,40.35701972816849,0.6300571847485029,4.0,1.8,0.0,2.0,0.6,3.0,0.0,3.0,0.6666666666666666,0.4285714285714285,5.0,2.0
3817858,2022-02-26,7283,7290,0,0,1.2,1.6,0.4,1.0,2.8,0.0,1,0,3.0,2.136264149,Home Win,0.91949828554,1.1736031048200002,14.8,4.2,49.50030973049412,0.6859012152168005,7.2,3.2,0.2,1.0,0.6,0.0,1.0,0.0,0.5,0.3333333333333333,3.0,3.0,0.82091061994,2.1016802526000005,10.4,1.6,48.70785073462756,0.7605593809309292,2.6,1.6,0.0,0.0,0.6,0.0,1.0,0.0,0.2222222222222222,0.3333333333333333,6.0,2.0
3817898,2022-02-26,7288,7287,0,0,1.6,1.4,0.2,1.8,1.0,0.6,0,1,3.0,2.356833125,Away Win,1.4146323199400004,1.1008867849,16.8,5.0,65.30249016096073,0.8156191338228197,4.2,1.2,0.0,1.0,0.4,0.0,2.0,0.0,0.25,0.2,7.0,2.0,1.5130810696199997,1.1982753288,14.8,4.2,57.02963049332031,0.77596548998794,4.8,1.4,0.0,2.0,0.6,1.0,0.0,1.0,0.5,0.4285714285714285,4.0,3.0
3817854,2022-02-27,7282,7284,0,0,2.0,1.0,0.6,1.6,1.2,0.6,0,0,6.0,4.3081962505,Home Win,1.95920115588,1.13076361886,15.8,6.0,52.11374149532892,0.7790680010128003,6.4,1.8,0.2,1.0,0.8,0.0,0.0,13.0,0.5,0.4444444444444444,3.0,3.0,1.46364503262,1.1856826169,12.6,3.8,56.43891470600137,0.7281925703752169,4.0,1.6,0.0,1.0,0.8,1.0,0.0,1.0,0.4,0.375,6.0,2.0
3817893,2022-02-28,7286,7285,0,0,0.8,1.8,0.0,1.2,2.8,0.2,0,1,2.0,2.270003681,Draw,0.95201853716,1.39995326738,15.2,3.4,43.54783245284191,0.7234889250692127,5.0,1.0,0.0,0.0,0.6,0.0,3.0,0.0,0.0,0.1,6.0,2.0,1.1526336981,1.9949076762,13.8,3.6,46.98330640113655,0.7335741984490489,5.0,4.0,0.0,0.0,0.8,0.0,1.0,0.0,0.3,0.0,3.0,2.0
3817857,2022-03-01,7289,2021,0,0,2.6,1.2,0.8,2.8,1.6,0.8,0,0,2.0,1.4771780050000003,Away Win,1.3334550952600002,1.19824431184,13.4,5.4,44.229365557394,0.6919764367637605,4.8,1.6,0.0,1.0,0.8,3.0,0.0,3.0,0.625,0.5,6.0,2.0,2.16881723912,1.3820942939600005,15.6,5.8,42.89800008534674,0.6476010443976257,4.0,1.4,0.0,1.0,0.8,4.0,0.0,4.0,0.6666666666666666,0.5,4.0,3.0
3817866,2022-03-02,7283,7287,0,0,1.4,1.4,0.4,2.0,0.8,0.8,1,0,3.0,2.864166032,Home Win,1.16043135244,1.34225458532,14.8,4.0,50.494841440042926,0.7041865998876491,6.4,3.2,0.2,2.0,0.4,1.0,0.0,1.0,0.5555555555555556,0.3333333333333333,4.0,3.0,1.41670023662,1.3292552130800002,14.4,5.0,54.30819275262711,0.7549795107930056,5.2,2.0,0.0,3.0,0.4,2.0,0.0,2.0,0.5,0.5,4.0,3.0
3817889,2022-03-03,7290,7282,0,0,0.6,3.0,0.0,2.0,0.8,0.6,0,0,2.0,1.532589028,Away Win,0.94823641274,2.306848167,10.6,1.4,46.76626215378861,0.7515939566677636,2.8,1.8,0.0,0.0,0.4,0.0,2.0,0.0,0.2222222222222222,0.3,5.0,2.0,1.6644162879,1.0971282087799998,14.4,5.4,50.61213624252749,0.7741411992109984,6.8,1.4,0.2,2.0,0.6,1.0,0.0,14.0,0.5555555555555556,0.4444444444444444,4.0,3.0
3817899,2022-03-04,2021,7291,0,0,3.2,1.0,1.0,1.4,2.0,0.2,1,0,4.0,2.0804617364,Home Win,2.19170820112,1.24639964044,16.2,6.2,42.955417803870525,0.6389913989890746,4.0,1.4,0.2,2.0,0.6,5.0,0.0,5.0,0.6666666666666666,0.5555555555555556,3.0,3.0,1.40912785986,1.32409558798,13.8,4.0,44.65763518703158,0.7503080556099556,5.8,1.8,0.0,0.0,1.0,0.0,0.0,1.0,0.4,0.2222222222222222,8.0,2.0
3817887,2022-03-05,7289,7287,0,0,1.6,1.8,0.6,2.0,1.4,0.6,1,0,4.0,2.5864409396,Home Win,0.87323948036,1.39129431994,11.2,4.2,46.25017112554212,0.690516372578523,4.4,2.4,0.0,0.0,0.8,0.0,1.0,0.0,0.5555555555555556,0.5,4.0,3.0,1.352452249275,1.5365042986000002,14.5,5.25,52.84086846162834,0.7560899798891065,5.25,2.0,0.0,2.0,0.6,0.0,1.0,0.0,0.5,0.4444444444444444,3.0,3.0
3817891,2022-03-05,7286,7284,0,0,0.8,1.4,0.0,1.4,1.6,0.4,0,0,2.0,1.213552427,Away Win,0.99154469028,0.9555915165,16.2,3.8,48.14003915437,0.7492903873864231,5.0,0.8,0.0,0.0,0.6,0.0,0.0,1.0,0.0,0.1,5.0,2.0,1.3644801678400005,1.2319436259,12.0,3.4,57.815138623039296,0.7676147723770367,4.4,2.0,0.0,0.0,0.8,0.0,1.0,0.0,0.4,0.3333333333333333,6.0,2.0
3817870,2022-03-06,7288,7283,0,0,1.6,1.6,0.2,2.0,1.0,0.6,0,0,4.0,2.4204388474,Draw,1.48804685122,1.1509357605,17.6,5.2,64.83022741454245,0.8113580777371817,6.0,1.4,0.0,1.0,0.4,0.0,3.0,0.0,0.2222222222222222,0.2,8.0,1.0,1.3802272018,1.1742430345,16.0,4.5,50.7253889904752,0.7209412144613313,7.25,3.0,0.25,2.0,0.6,2.0,0.0,2.0,0.6,0.3333333333333333,4.0,3.0
3817856,2022-03-07,7282,2021,0,0,1.6,0.6,0.6,3.6,1.2,1.0,0,1,3.0,2.1204922613,Away Win,1.2518854511,0.98798241788,12.8,4.4,50.98243061105951,0.7749627193320645,6.8,1.6,0.2,3.0,0.4,2.0,0.0,15.0,0.5555555555555556,0.5,4.0,3.0,2.4178542639,1.23413303684,18.0,6.8,44.51758734027298,0.6669449636071871,4.6,1.0,0.2,1.0,0.8,6.0,0.0,6.0,0.7,0.5555555555555556,3.0,3.0
3827337,2022-03-11,2021,7283,0,0,3.2,0.8,1.0,2.6,1.8,0.4,1,0,2.5,2.18187368455,Away Win,1.9973025327,0.8962300153400001,17.6,6.4,44.724068821754464,0.6452625258466824,4.8,1.4,0.2,2.0,0.6,7.0,0.0,7.0,0.7,0.6,4.0,4.0,1.969147749,1.6583146572499998,15.5,5.25,48.12859056913621,0.7135565491614921,7.0,2.75,0.25,1.0,0.8,0.0,0.0,3.0,0.6,0.3,5.0,3.0
3827338,2022-03-12,7289,7282,0,0,1.8,1.6,0.8,1.2,0.8,0.4,0,1,3.5,2.7197088699500003,Home Win,0.97901458806,1.1206194313600002,11.0,4.4,44.73423251869442,0.6889586113433426,2.8,2.0,0.0,0.0,0.8,1.0,0.0,1.0,0.6,0.5,7.0,2.0,1.0025053454,0.91616489248,13.4,3.8,58.08816557765194,0.7976037413122532,6.8,1.4,0.2,2.0,0.4,0.0,1.0,0.0,0.5,0.5,5.0,3.0
3827335,2022-03-15,7283,2021,0,0,2.4,1.4,0.6,2.4,0.8,0.8,1,1,2.0,1.8330528258333332,Draw,1.887966234975,1.42766819575,13.25,5.0,49.69976397909194,0.703224570841709,6.25,1.75,0.0,2.0,0.6,1.0,0.0,4.0,0.6,0.3636363636363636,4.0,3.0,1.4305601143000002,0.83224382868,13.2,4.2,45.86418432079197,0.6302296473383462,4.4,1.4,0.2,2.0,0.4,0.0,1.0,0.0,0.6363636363636364,0.6,4.0,4.0
3827336,2022-03-16,7282,7289,0,0,1.0,1.0,0.4,2.0,1.6,0.8,1,1,3.6666666666666665,2.6996687787333333,Home Win,1.04530261006,0.92874074498,13.2,3.4,57.03507814959063,0.7968453877561583,7.6,1.2,0.0,2.0,0.4,0.0,2.0,0.0,0.5,0.4545454545454545,4.0,3.0,1.0521783828999998,1.26552700062,11.0,4.4,45.593825443931216,0.7098080321927634,3.0,1.8,0.0,0.0,0.8,2.0,0.0,2.0,0.6363636363636364,0.5,4.0,2.0
3827767,2022-03-20,7289,7283,0,0,1.4,1.4,0.6,2.4,1.2,0.6,1,1,2.0,2.4503361420000003,Draw,1.0610201621,1.57467697336,10.6,4.0,45.05587865758726,0.7002560976017433,3.2,1.6,0.0,0.0,0.6,0.0,1.0,0.0,0.6363636363636364,0.4545454545454545,4.0,2.0,1.897658302775,1.345791528,11.5,4.5,47.71846990376598,0.6705623168743075,4.5,2.25,0.0,2.0,0.6,0.0,0.0,5.0,0.5454545454545454,0.3636363636363636,5.0,3.0
3857286,2022-11-20,3566,3565,0,0,0.0,0.0,0.0,0.0,0.0,0.0,0,0,0.0,0.0,Away Win,0.0,0.0,0.0,0.0,0.0,0.0,0.0,0.0,0.0,0.0,0.0,0.0,0.0,0.0,0.0,0.0,0.0,0.0,0.0,0.0,0.0,0.0,0.0,0.0,0.0,0.0,0.0,0.0,0.0,0.0,0.0,0.0,0.0,0.0,0.0,0.0
3857285,2022-11-21,787,941,0,0,1.3333333333333333,1.3333333333333333,0.3333333333333333,1.8,0.4,0.6,0,0,0.0,0.0,Away Win,1.2222933336666666,0.7697927499999998,9.666666666666666,3.6666666666666665,41.991577813911455,0.7297155166497706,3.0,1.6666666666666667,0.0,0.0,0.6666666666666666,0.0,1.0,0.0,0.0,0.5,1607.0,0.0,1.73108042952,0.6791999768799999,18.0,6.2,57.887199701322494,0.7951923575442985,5.8,1.6,0.0,4.0,0.2,0.0,1.0,0.0,0.5,1.0,17669.0,0.0
3857282,2022-11-21,1839,907,0,0,0.0,0.0,0.0,0.0,0.0,0.0,0,0,0.0,0.0,Draw,0.0,0.0,0.0,0.0,0.0,0.0,0.0,0.0,0.0,0.0,0.0,0.0,0.0,0.0,0.0,0.0,0.0,0.0,0.0,0.0,0.0,0.0,0.0,0.0,0.0,0.0,0.0,0.0,0.0,0.0,0.0,0.0,0.0,0.0,0.0,0.0
3857271,2022-11-21,768,797,0,0,0.8,1.2,0.2,0.6666666666666666,0.6666666666666666,0.3333333333333333,0,0,0.0,0.0,Home Win,2.00054658646,2.0020298142,14.4,3.2,52.18028920963705,0.8079345217048868,5.8,1.2,0.0,1.0,0.4,0.0,2.0,0.0,0.5,0.2857142857142857,1591.0,0.0,0.9003282392333333,1.5928557449333336,7.666666666666667,1.3333333333333333,28.99500321467457,0.5955769140820931,1.3333333333333333,2.0,0.0,1.0,0.3333333333333333,0.0,0.0,1.0,0.0,1.0,1610.0,0.0
3857279,2022-11-22,771,792,0,0,2.2,1.0,0.8,0.6666666666666666,1.6666666666666667,0.0,1,0,3.0,2.541588126,Home Win,1.07492017134,0.8651737586999999,11.6,4.2,47.99571348857791,0.7904544734246111,2.2,1.4,0.0,3.0,0.4,4.0,0.0,7.0,1.0,0.3333333333333333,1591.0,0.0,1.340497526,0.9707923085333332,11.333333333333334,3.0,51.53004257340204,0.8166577818539643,4.666666666666667,2.0,0.0,0.0,0.6666666666666666,0.0,1.0,0.0,0.0,0.0,1610.0,0.0
3857265,2022-11-22,794,789,0,0,0.6,1.6,0.4,0.6666666666666666,1.6666666666666667,0.3333333333333333,0,0,0.0,0.0,Draw,1.19197246374,2.31835003304,14.2,3.4,51.192148454228416,0.7956721430605945,4.2,2.0,0.0,1.0,0.2,0.0,2.0,0.0,0.0,0.5,1604.0,0.0,1.065745091,1.2351076566,10.666666666666666,2.333333333333333,50.474911619870255,0.7948211339243403,5.666666666666667,1.0,0.0,1.0,0.3333333333333333,1.0,0.0,1.0,0.0,1.0,1608.0,0.0
3857254,2022-11-22,776,777,0,0,0.75,0.5,0.25,1.6666666666666667,2.6666666666666665,0.3333333333333333,0,0,0.0,0.0,Draw,1.72224131295,2.461111544,11.25,4.25,43.69770853132406,0.7589187424084174,4.5,1.5,0.0,2.0,0.5,0.0,0.0,4.0,0.0,0.5,1605.0,0.0,1.6620954328666666,2.8845558454999995,12.666666666666666,4.0,52.60578853203123,0.8064829517525056,3.333333333333333,1.3333333333333333,0.0,0.0,1.0,1.0,0.0,1.0,0.0,0.5,1608.0,0.0
3857300,2022-11-22,779,799,0,0,1.4,1.8,0.4,0.6666666666666666,2.333333333333333,0.3333333333333333,0,0,0.0,0.0,Away Win,1.32372437534,1.51682088222,12.8,4.2,60.21065311443996,0.8058387632291216,5.6,2.8,0.0,1.0,0.6,0.0,1.0,0.0,0.6,0.5,1606.0,0.0,1.0227026027666666,1.337571271,11.666666666666666,3.0,58.97475466919912,0.8430128652833014,3.333333333333333,0.3333333333333333,0.0,0.0,0.3333333333333333,1.0,0.0,1.0,1.0,0.0,1611.0,0.0
3857284,2022-11-23,770,778,0,0,1.2,1.6,0.4,1.5,1.75,0.25,0,0,0.0,0.0,Away Win,1.8388682944400003,1.3848228526,19.0,5.2,62.26692492614427,0.8027585198165991,7.0,1.2,0.0,0.0,0.6,0.0,1.0,0.0,0.5,0.25,1610.0,0.0,1.2218164966749998,1.660766523125,11.0,4.0,52.82195863021592,0.8112865914603502,4.25,1.0,0.0,0.0,0.75,0.0,2.0,0.0,0.0,0.5,1605.0,0.0
3857277,2022-11-23,788,785,0,0,0.6666666666666666,1.3333333333333333,0.0,1.8,1.8,0.4,0,0,0.0,0.0,Draw,1.1953528583333333,1.3956784069,13.0,3.333333333333333,48.82717434454667,0.7626537726469312,4.333333333333333,2.6666666666666665,0.0,0.0,0.3333333333333333,0.0,0.0,1.0,0.0,0.0,1612.0,0.0,3.1902492188400005,2.6759496973000005,19.8,6.4,60.10402552682915,0.7932775515832027,6.4,1.6,0.0,0.0,1.0,0.0,1.0,0.0,0.6666666666666666,0.5,1592.0,0.0
3857268,2022-11-23,782,1833,0,0,1.6,0.8,0.8,0.0,0.0,0.0,0,0,0.0,0.0,Home Win,1.2351897858999998,1.5041389753400003,14.0,3.8,51.41738219219318,0.8491820187660251,4.6,1.6,0.0,2.0,0.4,1.0,0.0,1.0,1.0,0.5,1593.0,0.0,0.0,0.0,0.0,0.0,0.0,0.0,0.0,0.0,0.0,0.0,0.0,0.0,0.0,0.0,0.0,0.0,0.0,0.0
3857291,2022-11-23,772,795,0,0,1.75,1.5,0.25,0.6666666666666666,1.6666666666666667,0.0,0,0,0.0,0.0,Home Win,2.955249327,1.8683106272500003,19.25,6.25,73.87352169651695,0.8949256385494003,6.0,0.5,0.0,1.0,0.75,0.0,0.0,4.0,0.0,0.5,1606.0,0.0,0.7769759412333332,2.1028703514,9.333333333333334,3.0,39.4233565035664,0.7508214520842778,3.0,1.6666666666666667,0.0,0.0,0.3333333333333333,0.0,0.0,1.0,0.0,0.0,1610.0,0.0
3857287,2022-11-24,783,791,0,0,1.4,0.6,0.8,1.0,1.0,0.3333333333333333,0,0,0.0,0.0,Draw,1.47999793456,0.47050370082,12.6,4.0,46.59927972359677,0.7522521795969925,3.6,0.6,0.0,3.0,0.2,0.0,1.0,0.0,0.75,0.5,1602.0,0.0,1.0035985183333331,2.199692246,11.333333333333334,3.6666666666666665,37.55271850773152,0.7473230710141704,5.0,3.0,0.0,1.0,0.3333333333333333,1.0,0.0,1.0,0.5,0.0,1611.0,0.0
3857298,2022-11-24,780,4885,0,0,1.5,1.5,0.25,0.0,0.0,0.0,0,0,0.0,0.0,Home Win,1.209394146225,1.29225677225,14.5,3.25,54.03459013243474,0.7986441980375386,5.5,1.25,0.0,1.0,0.75,0.0,1.0,0.0,0.5,0.0,1608.0,0.0,0.0,0.0,0.0,0.0,0.0,0.0,0.0,0.0,0.0,0.0,0.0,0.0,0.0,0.0,0.0,0.0,0.0,0.0
3857290,2022-11-24,773,2722,0,0,1.25,1.25,0.25,0.0,0.0,0.0,0,0,0.0,0.0,Home Win,0.94552066025,1.3766884419999998,13.75,3.25,58.948375457577946,0.8271256199242903,6.5,1.75,0.25,0.0,0.75,0.0,1.0,0.0,0.0,0.3333333333333333,1605.0,0.0,0.0,0.0,0.0,0.0,0.0,0.0,0.0,0.0,0.0,0.0,0.0,0.0,0.0,0.0,0.0,0.0,0.0,0.0
3857258,2022-11-24,781,786,0,0,1.6,0.6,0.6,0.6666666666666666,1.3333333333333333,0.3333333333333333,1,0,2.0,2.368128643,Home Win,2.46247574174,0.51343509606,20.6,7.8,58.57468855454073,0.849621246487718,8.2,1.4,0.0,3.0,0.4,0.0,1.0,0.0,0.7857142857142857,0.5,1602.0,0.0,1.3647912476666664,1.1910465317333332,11.666666666666666,2.0,42.28883951223863,0.758312670248844,4.0,3.0,0.0,1.0,0.3333333333333333,0.0,2.0,0.0,0.0,1.0,1611.0,0.0
3857274,2022-11-25,941,3565,0,0,2.2,0.4,0.8,2.0,0.0,1.0,0,0,0.0,0.0,Draw,1.44126089632,0.68022895578,14.0,5.4,56.23412901986535,0.8016152873540445,6.2,1.6,0.0,4.0,0.2,1.0,0.0,1.0,0.5,1.0,4.0,1.0,1.1540112984,0.3041889505,6.0,3.0,52.58358662613982,0.8323699421965318,3.0,2.0,0.0,1.0,0.0,1.0,0.0,1.0,0.0,1.0,5.0,1.0
3857272,2022-11-25,768,1839,0,0,2.0,1.4,0.4,1.0,1.0,0.0,0,0,0.0,0.0,Draw,2.1578408615999995,2.10009466934,14.6,4.4,58.16846714713743,0.8162004745523447,6.0,1.2,0.0,1.0,0.6,1.0,0.0,1.0,0.6666666666666666,0.2857142857142857,4.0,1.0,0.6024987946,1.395336012,6.0,1.0,57.92972459639126,0.8524590163934426,5.0,4.0,0.0,0.0,1.0,0.0,0.0,1.0,0.0,0.0,4.0,1.0
3857301,2022-11-25,3566,787,0,0,0.0,2.0,0.0,1.0,1.5,0.25,0,0,0.0,0.0,Away Win,0.3041889505,1.1540112984,5.0,0.0,47.41641337386018,0.8162393162393162,1.0,4.0,0.0,0.0,0.0,0.0,1.0,0.0,0.0,0.0,5.0,1.0,1.0895931768749998,0.8583155124999999,11.0,3.75,43.16577890875064,0.7472866374873279,3.75,1.75,0.0,0.0,0.5,0.0,2.0,0.0,0.0,0.5,4.0,1.0
3857273,2022-11-25,907,797,0,0,1.0,1.0,0.0,1.0,2.0,0.25,0,0,0.0,0.0,Away Win,1.395336012,0.6024987946,7.0,3.0,42.07027540360874,0.7652370203160271,3.0,2.0,0.0,0.0,1.0,0.0,0.0,1.0,0.0,0.0,4.0,1.0,1.0391608291,1.6914312449500002,7.75,1.5,27.395840700118463,0.6116624426465901,1.0,2.0,0.0,1.0,0.5,0.0,1.0,0.0,0.0,0.5,4.0,1.0
3857297,2022-11-26,789,799,0,0,0.5,1.25,0.25,1.0,2.0,0.5,0,0,0.0,0.0,Home Win,1.08379037525,1.0586144753,9.5,2.25,47.84514618730887,0.7749832537581723,5.5,1.0,0.0,2.0,0.25,0.0,0.0,2.0,0.0,0.5,4.0,1.0,0.8053923625749999,1.62608681475,9.5,2.75,51.90273982164182,0.8044624461652733,3.0,1.75,0.0,0.0,0.5,2.0,0.0,2.0,1.0,0.3333333333333333,4.0,1.0
3857266,2022-11-26,771,776,0,0,3.0,1.2,1.0,0.6,0.4,0.2,0,0,0.0,0.5570985798,Home Win,1.62539122994,0.9020406497399998,14.0,4.6,46.89265147072816,0.7993134125194047,3.4,1.4,0.0,2.0,0.6,5.0,0.0,8.0,1.0,0.3333333333333333,4.0,1.0,1.69110480196,2.1808762588,11.2,4.4,47.11244716372341,0.7755560465583129,5.8,1.6,0.0,3.0,0.4,0.0,0.0,5.0,0.0,0.5,4.0,1.0
3857289,2022-11-26,779,794,0,0,1.4,2.2,0.2,0.6,1.2,0.4,0,0,0.0,0.0,Home Win,1.61746578874,1.1921336803,14.6,4.6,66.20648298589629,0.825051279121471,6.6,2.2,0.0,0.0,0.8,0.0,2.0,0.0,0.5,0.5,4.0,1.0,1.11869575322,2.07397728244,14.6,3.4,54.01925690350858,0.807259833692403,5.0,2.2,0.0,2.0,0.2,0.0,0.0,1.0,0.0,0.5,4.0,1.0
3857288,2022-11-26,777,792,0,0,1.25,2.0,0.25,0.75,2.25,0.0,0,0,0.0,0.0,Away Win,1.51155535415,2.5550565736249995,12.75,3.25,49.26149097569322,0.7937111346776886,4.75,1.25,0.0,1.0,0.75,0.0,0.0,2.0,0.0,0.3333333333333333,4.0,1.0,1.0861962795,1.5207181784,9.5,2.5,48.239615936513566,0.8198617574431049,3.75,2.25,0.0,0.0,0.75,0.0,2.0,0.0,0.0,0.0,4.0,1.0
3857295,2022-11-27,778,795,0,0,1.6,1.6,0.4,0.5,3.0,0.0,0,0,0.0,0.0,Away Win,1.22730511354,1.8822171027,11.2,4.0,47.507566904172734,0.7952877765696407,4.6,0.8,0.0,0.0,0.8,1.0,0.0,1.0,0.0,0.6666666666666666,4.0,1.0,0.5827319559249999,2.2676336318,7.0,2.25,34.231696482152415,0.7351160890632082,2.25,1.75,0.0,0.0,0.25,0.0,1.0,0.0,0.0,0.0,4.0,1.0
3857281,2022-11-27,785,1833,0,0,1.4,1.6,0.2,0.0,1.0,0.0,0,0,0.0,0.0,Home Win,3.22543556044,2.3219401122,18.2,6.2,60.57079723475688,0.7929009950861046,6.4,1.4,0.0,1.0,0.8,0.0,0.0,1.0,0.6666666666666666,0.4,4.0,1.0,2.5462123360000004,0.6700408539999999,22.0,3.0,47.33727810650888,0.8354166666666667,4.0,2.0,0.0,0.0,0.0,0.0,1.0,0.0,0.0,0.0,4.0,1.0
3857283,2022-11-27,782,788,0,0,1.6,0.8,0.8,0.5,1.0,0.0,0,0,0.0,0.0,Away Win,1.1761310921,1.7732441686800002,13.0,3.8,51.44207800210101,0.8469183720502546,5.0,1.8,0.0,2.0,0.4,2.0,0.0,2.0,1.0,0.5,4.0,1.0,0.98717438775,1.2592239314250002,11.75,3.0,45.59234337523243,0.7679538711518651,3.25,2.25,0.0,1.0,0.25,0.0,0.0,2.0,0.0,0.0,4.0,1.0
3857263,2022-11-27,772,770,0,0,2.8,1.2,0.4,1.0,1.8,0.2,0,0,0.0,0.0,Draw,2.9165841562,1.4946485018000002,18.8,6.6,75.36747407363147,0.9010781255184194,5.8,0.4,0.0,2.0,0.6,1.0,0.0,5.0,0.3333333333333333,0.5,4.0,1.0,2.11054530704,1.2287752048000002,22.2,6.2,68.36632251650572,0.8285154313343337,6.2,1.0,0.0,0.0,0.6,0.0,2.0,0.0,0.3333333333333333,0.25,4.0,1.0
3857270,2022-11-28,780,783,0,0,1.8,1.6,0.4,1.2,0.6,0.6,0,1,3.0,1.4715846691,Home Win,1.38688999558,1.18981007974,13.8,3.6,55.54248692076261,0.8121484411367978,5.0,1.4,0.0,1.0,0.8,1.0,0.0,1.0,0.6666666666666666,0.0,4.0,1.0,1.17529308236,0.49620451442,11.4,3.4,46.22484131914869,0.7542318478687956,3.4,0.8,0.0,3.0,0.2,0.0,0.0,1.0,0.6,0.5,4.0,1.0
3857269,2022-11-28,781,773,0,0,1.8,0.4,0.8,1.2,1.0,0.4,0,0,2.0,2.3386964453,Home Win,2.51393568668,0.4516791945999999,21.0,8.8,59.23367808166555,0.8536044529951964,7.8,1.2,0.0,4.0,0.2,1.0,0.0,1.0,0.8,0.5,4.0,1.0,1.0417254353999998,1.2239654235,12.4,3.2,57.30657467290155,0.8296422081434395,7.4,1.8,0.2,1.0,0.6,1.0,0.0,1.0,0.5,0.3333333333333333,4.0,1.0
3857299,2022-11-28,791,4885,0,0,0.75,0.75,0.25,2.0,3.0,0.0,0,0,0.0,0.0,Away Win,0.8759470194999999,1.7540927675,10.25,2.75,39.36976637353823,0.7500171412735868,4.5,2.5,0.0,2.0,0.25,0.0,0.0,2.0,0.5,0.0,4.0,1.0,0.7800233097,2.096873393,9.0,3.0,38.42592592592592,0.8096385542168675,3.0,4.0,0.0,0.0,1.0,0.0,1.0,0.0,0.0,0.0,4.0,1.0
3857259,2022-11-28,2722,786,0,0,0.0,1.0,0.0,0.5,1.5,0.25,0,0,0.0,0.0,Draw,0.6130733495,1.426544536,8.0,5.0,49.26062846580407,0.8255159474671669,5.0,1.0,0.0,0.0,0.0,0.0,1.0,0.0,0.0,0.0,4.0,1.0,1.06442522175,1.424257278475,10.0,1.5,42.19595294244965,0.7654833816103997,4.0,3.0,0.0,1.0,0.25,0.0,3.0,0.0,0.0,0.5,4.0,1.0
3857294,2022-11-29,941,3566,0,0,1.6,0.6,0.6,0.5,2.5,0.0,0,0,0.0,0.0,Home Win,0.9687070188,0.98403814478,10.8,4.0,55.51957846104337,0.8005901737512913,5.6,1.2,0.0,3.0,0.4,0.0,0.0,2.0,0.4,1.0,4.0,2.0,0.63213756175,1.0284879602,7.5,1.5,46.33082930955271,0.8085621359957643,3.5,3.5,0.0,0.0,0.5,0.0,2.0,0.0,0.0,0.0,4.0,2.0
3857261,2022-11-29,907,768,0,0,0.5,1.5,0.0,1.8,1.2,0.4,0,0,0.0,0.0,Away Win,1.0054856015,1.0282283711,8.5,3.0,51.34967132436402,0.77438952983601,2.5,1.5,0.5,0.0,0.5,0.0,1.0,0.0,0.0,0.0,4.0,2.0,1.0176105612,1.25322202664,11.8,3.6,58.96029002257369,0.830335829981046,5.2,0.8,0.0,2.0,0.4,0.0,0.0,2.0,0.5,0.2857142857142857,4.0,2.0
3857278,2022-11-29,797,1839,0,0,1.2,1.6,0.4,0.5,0.5,0.0,0,0,0.0,0.0,Away Win,1.1221202528,1.4762720341600002,10.4,2.4,29.79085911107091,0.6143988246406881,2.2,2.0,0.0,2.0,0.4,1.0,0.0,1.0,0.0,0.6666666666666666,4.0,2.0,0.5583928982999999,0.927987179,8.0,1.0,50.93018021727077,0.8396067011791775,6.0,2.0,0.0,1.0,0.5,0.0,0.0,2.0,0.0,0.0,4.0,2.0
3857267,2022-11-29,3565,787,0,0,1.5,0.5,0.5,1.4,1.4,0.4,0,0,0.0,0.0,Away Win,1.4025328017,0.20432648775,10.5,3.5,49.09967508646892,0.8038739559794754,4.0,1.5,0.0,1.0,0.5,0.0,0.0,2.0,0.0,0.5,4.0,2.0,1.0522674658999998,0.8786696445999999,11.2,3.8,45.48357407795146,0.7667506993865716,4.2,2.0,0.0,0.0,0.6,1.0,0.0,1.0,0.0,0.6666666666666666,4.0,2.0
3857275,2022-11-30,777,771,0,0,1.0,1.8,0.2,2.6,0.8,1.0,0,0,0.0,0.0,Home Win,1.41967835232,2.11585281264,13.0,3.4,50.92179782257138,0.7831440902239027,4.8,1.6,0.0,1.0,0.6,0.0,1.0,0.0,0.0,0.3333333333333333,4.0,2.0,1.68449970934,0.79043752874,16.4,5.0,48.739144511929766,0.8094509786569708,4.6,1.2,0.0,2.0,0.6,6.0,0.0,9.0,1.0,0.3333333333333333,4.0,2.0
3857257,2022-11-30,792,776,0,0,0.8,1.8,0.2,0.6,0.8,0.0,0,0,2.0,2.426636665,Home Win,0.94076457734,1.4270086117200005,9.4,2.4,47.07908770719405,0.7915329703109195,3.4,1.8,0.0,1.0,0.6,1.0,0.0,1.0,0.0,0.25,4.0,2.0,1.64450004276,2.1823145062,11.0,4.2,47.75061483572272,0.7942667259655096,5.2,1.6,0.0,2.0,0.6,0.0,1.0,0.0,0.0,0.3333333333333333,4.0,2.0
3857264,2022-11-30,789,779,0,0,0.8,1.0,0.4,1.6,2.0,0.4,0,0,0.0,0.0,Away Win,1.2138667972,1.2412868770399998,9.4,2.4,45.61017570936831,0.7736958018195942,5.2,1.4,0.0,3.0,0.2,1.0,0.0,3.0,0.3333333333333333,0.5,4.0,2.0,1.2664029668,1.02698711174,10.0,3.6,62.28936149812591,0.8185806543928897,5.4,2.4,0.0,1.0,0.6,1.0,0.0,1.0,0.5714285714285714,0.5,4.0,2.0
3857260,2022-11-30,799,794,0,0,0.8,2.0,0.4,0.4,1.6,0.2,0,0,0.0,0.0,Away Win,1.0387091868599998,1.6477039487999998,11.0,3.2,54.18813309779224,0.8116111940456208,3.4,1.8,0.0,0.0,0.4,0.0,1.0,0.0,1.0,0.25,4.0,2.0,0.9613163301599998,1.6791663404,13.0,2.8,55.45684914585861,0.8056591842422911,5.2,2.6,0.0,1.0,0.2,0.0,1.0,0.0,0.0,0.4,4.0,2.0
3857255,2022-12-01,778,772,0,0,1.2,1.6,0.2,2.4,0.8,0.4,0,0,0.0,0.0,Home Win,0.91787702054,1.7608395736999998,11.0,3.4,46.89860832424976,0.7973084448261732,4.4,1.4,0.0,0.0,0.6,0.0,1.0,0.0,0.0,0.6666666666666666,4.0,2.0,2.7122949654,1.4371197667400002,17.8,6.0,74.835294216182,0.8923601768004705,6.0,0.4,0.0,2.0,0.6,0.0,0.0,6.0,0.25,0.5,4.0,2.0
3857296,2022-12-01,785,782,0,0,2.0,1.6,0.4,1.0,0.8,0.6,0,0,0.0,0.0,Draw,2.5299306574400005,1.4565001974,15.6,6.0,59.684284719030885,0.7995424507963861,6.4,1.8,0.0,1.0,0.8,1.0,0.0,2.0,0.75,0.4,4.0,2.0,0.7210871645999999,1.8327119882400005,9.4,3.2,53.33487977397255,0.8491740769119891,5.2,2.0,0.0,2.0,0.2,0.0,1.0,0.0,0.8333333333333334,0.5,4.0,2.0
3857292,2022-12-01,795,770,0,0,0.6,2.4,0.2,0.8,1.4,0.2,0,0,0.0,0.0,Away Win,0.5060592415399999,1.96881360444,6.4,2.0,36.017129453857834,0.7472418074207794,1.8,2.0,0.0,1.0,0.2,1.0,0.0,1.0,0.0,0.25,4.0,2.0,2.04774315558,1.0943692083,22.0,6.6,64.9218473699029,0.8446278771329979,6.0,1.2,0.0,0.0,0.6,0.0,0.0,1.0,0.3333333333333333,0.2,4.0,2.0
3857276,2022-12-01,1833,788,0,0,0.5,2.5,0.0,0.8,0.8,0.2,0,0,0.0,0.0,Away Win,1.4165037585000002,1.6401259685,15.0,2.5,49.19952708414248,0.830751811594203,3.0,2.0,0.0,0.0,0.5,0.0,2.0,0.0,0.0,0.0,4.0,2.0,0.9879612202,1.1359015615400003,11.4,3.2,43.08339850970975,0.7797809643566506,2.8,2.0,0.0,2.0,0.2,1.0,0.0,3.0,0.0,0.3333333333333333,4.0,2.0
3857293,2022-12-02,4885,783,0,0,2.5,2.5,0.5,1.0,1.0,0.4,0,0,0.0,0.0,Away Win,0.98027956885,1.7323331039999998,8.0,3.0,37.20238095238095,0.795995747696669,4.0,3.0,0.0,0.0,1.0,1.0,0.0,1.0,0.0,0.5,4.0,2.0,1.05715191096,0.68425414908,10.8,3.4,45.124590692582274,0.7342709868120443,3.2,1.2,0.0,2.0,0.2,0.0,1.0,0.0,0.6,0.3333333333333333,4.0,2.0
3857262,2022-12-02,791,780,0,0,1.0,1.2,0.2,1.6,1.0,0.6,0,0,0.0,0.0,Home Win,0.9743161786,1.6393813796,12.4,3.4,44.30004590306339,0.7649723907048198,6.0,2.4,0.0,2.0,0.4,0.0,1.0,0.0,0.3333333333333333,0.0,4.0,2.0,1.3427176389000002,1.10095696044,14.8,3.6,60.66556859755734,0.815962544756573,5.6,1.8,0.0,2.0,0.6,2.0,0.0,2.0,0.75,0.0,4.0,2.0
3857256,2022-12-02,786,773,0,0,1.0,1.8,0.2,1.0,1.0,0.4,0,1,3.0,2.7107939675,Away Win,1.199153634,1.55346769252,11.0,2.2,45.27126289101665,0.7720881978256332,3.8,2.8,0.0,1.0,0.4,0.0,0.0,1.0,0.0,0.3333333333333333,4.0,2.0,1.0050299401399998,1.0351934539000005,12.2,2.8,57.50736974240342,0.8379885227411906,7.6,1.6,0.2,1.0,0.4,0.0,1.0,0.0,0.5,0.25,4.0,2.0
3857280,2022-12-02,2722,781,0,0,1.5,2.0,0.0,1.6,0.4,0.8,0,0,0.0,0.0,Home Win,1.3416913491,1.5823059095,10.5,6.5,45.844062890259714,0.7621250623411784,4.5,1.5,0.0,0.0,0.5,0.0,0.0,1.0,0.0,0.0,4.0,2.0,2.0792091161800004,0.4776663465999999,19.0,8.0,55.62261874646829,0.8471870325596855,7.4,1.0,0.0,4.0,0.2,2.0,0.0,2.0,0.8125,0.5,4.0,2.0
3869151,2022-12-03,779,792,0,0,2.0,1.4,0.6,0.8,1.4,0.4,0,0,0.0,0.0,Home Win,1.6381233180000003,0.7001641503399999,12.8,5.6,65.2115675192255,0.8459263048457857,6.0,1.8,0.0,2.0,0.6,2.0,0.0,2.0,0.5714285714285714,0.6,3.0,3.0,0.8387030403400001,1.26212812532,10.0,2.8,44.709259472934505,0.7626217733997226,3.6,1.6,0.0,2.0,0.4,2.0,0.0,2.0,0.5,0.25,3.0,3.0
3869117,2022-12-03,941,1839,0,0,1.6,0.6,0.6,0.6666666666666666,0.3333333333333333,0.3333333333333333,0,0,0.0,0.0,Home Win,1.1451376484,0.97169348302,10.6,4.2,55.79636681933573,0.8183717671578847,5.2,1.4,0.0,3.0,0.4,1.0,0.0,3.0,0.5,1.0,4.0,3.0,0.7621467992,0.9255881,9.333333333333334,2.333333333333333,50.65241988644925,0.8343993094901802,5.666666666666667,1.6666666666666667,0.0,2.0,0.3333333333333333,1.0,0.0,3.0,0.0,0.5,4.0,3.0
3869118,2022-12-04,768,787,0,0,2.0,1.2,0.4,1.4,1.4,0.4,0,0,0.0,0.0,Home Win,1.4490603972,1.12798659844,13.0,4.6,60.111699513175495,0.8545592363358911,5.2,0.6,0.0,2.0,0.4,1.0,0.0,3.0,0.5,0.375,5.0,3.0,1.1082102811,0.8705375251999999,12.4,4.2,45.598314107162864,0.7539899714526985,4.8,2.0,0.0,0.0,0.6,2.0,0.0,2.0,0.0,0.75,5.0,3.0
3869152,2022-12-04,771,789,0,0,2.2,1.0,0.8,0.6,1.0,0.4,0,0,0.0,0.0,Home Win,1.6721409926,0.7114678703399999,16.2,5.2,49.33506579963933,0.8231350178579037,5.6,0.8,0.0,1.0,0.6,0.0,1.0,0.0,1.0,0.25,4.0,3.0,1.0449211693999998,1.5710686900400002,8.2,1.8,38.92020938901495,0.7673664503270381,4.8,1.4,0.0,3.0,0.0,0.0,1.0,0.0,0.25,0.5,4.0,3.0
3869253,2022-12-05,781,791,0,0,1.2,0.6,0.6,1.4,1.2,0.4,0,0,0.0,0.0,Home Win,2.27089105258,0.3646746047999999,20.2,8.2,56.55766685171077,0.8504961855415129,8.0,1.4,0.0,3.0,0.2,0.0,1.0,0.0,0.8125,0.3333333333333333,3.0,3.0,1.1712382691999998,1.4311009416,13.8,4.6,43.112040636090526,0.7729418406967236,6.0,2.4,0.0,2.0,0.6,1.0,0.0,1.0,0.5,0.0,3.0,3.0
3869219,2022-12-05,778,785,0,0,1.2,1.4,0.4,1.6,1.2,0.4,0,0,0.0,0.0,Draw,0.95299855574,1.5567291566999997,10.8,3.4,39.69015316439739,0.7826075447032783,4.0,1.6,0.0,0.0,0.6,1.0,0.0,1.0,0.25,0.6666666666666666,4.0,3.0,1.55534012144,0.93518039136,13.2,5.0,56.53499521380918,0.8108859174732755,5.2,1.0,0.0,2.0,0.6,0.0,0.0,3.0,0.6,0.4,4.0,3.0
3869254,2022-12-06,780,773,0,0,1.6,1.4,0.4,1.2,1.2,0.4,0,0,0.0,0.0,Home Win,1.3604648435000002,1.0897328805400002,15.0,4.4,64.29138872999275,0.8469371808601448,5.4,1.6,0.0,1.0,0.8,0.0,1.0,0.0,0.75,0.0,4.0,3.0,1.31427129664,1.0422971053,11.2,3.2,54.42317297920265,0.824902082956986,6.2,2.2,0.2,1.0,0.4,1.0,0.0,1.0,0.5,0.4,4.0,3.0
3869220,2022-12-06,788,772,0,0,1.2,0.8,0.4,2.4,1.2,0.2,0,0,4.0,3.676253775,Draw,0.8614029798999999,1.2155139884,10.0,3.0,38.349338124386,0.7761596647848763,2.2,1.8,0.0,2.0,0.4,2.0,0.0,4.0,0.0,0.5,5.0,3.0,2.4444465303,1.5833880539400005,16.6,6.4,75.93686087283251,0.8978364249392504,5.2,0.4,0.0,1.0,0.8,0.0,1.0,0.0,0.25,0.3333333333333333,5.0,3.0
3869420,2022-12-09,785,781,0,0,1.4,1.2,0.2,1.6,0.8,0.6,0,0,0.0,0.0,Draw,1.9247557359400005,1.6664429245599996,13.0,5.0,57.090485209271336,0.8259612943576977,4.6,1.0,0.0,2.0,0.6,0.0,0.0,4.0,0.6,0.3333333333333333,4.0,3.0,2.2590916183800003,0.3170800962799999,20.0,8.2,57.50319046837499,0.8661196397479737,7.4,1.0,0.0,2.0,0.4,1.0,0.0,1.0,0.8235294117647058,0.3333333333333333,4.0,3.0
3869321,2022-12-09,941,779,0,0,1.8,0.8,0.6,2.0,1.4,0.6,1,0,4.0,2.5992417726,Draw,1.2907494066,1.1095990977,10.4,4.2,53.82028603286047,0.8148677435023538,5.4,1.4,0.0,2.0,0.6,2.0,0.0,4.0,0.5714285714285714,1.0,6.0,3.0,1.7643272068000002,0.52431867814,14.0,6.0,64.30743677346321,0.8623904289569685,5.2,1.2,0.0,2.0,0.6,3.0,0.0,3.0,0.625,0.6,6.0,3.0
3869354,2022-12-10,768,771,0,0,2.4,0.8,0.6,2.6,1.2,0.8,0,0,0.0,0.0,Away Win,1.5437322694,0.89428399834,12.4,5.2,63.21750205897376,0.8757121328560213,5.0,0.4,0.0,3.0,0.2,2.0,0.0,4.0,0.6,0.375,6.0,2.0,1.5610785384,0.91679963634,15.6,5.8,52.89224723471161,0.8294227250319736,6.2,0.6,0.0,0.0,0.8,1.0,0.0,1.0,1.0,0.25,6.0,3.0
3869486,2022-12-10,788,780,0,0,1.2,0.6,0.4,2.6,1.4,0.6,0,1,1.0,2.3400891165,Home Win,1.3112573264,1.60761491178,8.6,3.4,32.1116683504668,0.7659398004514638,0.8,1.8,0.0,3.0,0.4,0.0,0.0,5.0,0.0,0.5,4.0,3.0,1.5128332799400002,1.02870439414,15.0,5.4,59.398263316584256,0.8429871418281385,5.6,1.2,0.0,1.0,0.8,1.0,0.0,1.0,0.8,0.0,4.0,3.0
3869519,2022-12-13,779,785,0,0,1.8,1.0,0.6,1.2,0.6,0.2,0,1,3.0,3.0497679950000007,Home Win,2.6463547436000003,1.09412083714,15.4,7.0,61.83387074477741,0.8608512934429499,6.0,2.0,0.0,2.0,0.6,0.0,0.0,4.0,0.625,0.5,4.0,3.0,2.3820759588,2.4369163140600003,12.6,5.4,53.92617305057941,0.8376341411509713,4.0,1.2,0.0,2.0,0.6,0.0,0.0,5.0,0.5,0.3333333333333333,4.0,3.0
3869552,2022-12-14,771,788,0,0,2.2,1.0,0.8,1.0,0.2,0.6,0,0,0.0,0.0,Home Win,1.5093582236,1.0912523938,15.6,5.6,54.51919465259334,0.8502898616192857,6.2,1.0,0.0,0.0,0.8,2.0,0.0,2.0,1.0,0.4,4.0,3.0,1.2913097664,1.23554044312,8.8,3.4,32.19330100352802,0.7647269810463533,1.2,1.0,0.0,4.0,0.2,1.0,0.0,6.0,0.25,0.5,4.0,3.0
3869684,2022-12-17,785,788,0,0,1.2,1.2,0.2,1.0,0.6,0.6,0,0,0.0,1.212499481,Home Win,2.29411458606,2.7372611732600003,14.0,5.6,53.10374314403735,0.8419434310044789,3.8,1.6,0.0,1.0,0.6,0.0,1.0,0.0,0.5,0.2857142857142857,4.0,3.0,1.4648547692,1.4660581653200002,9.8,3.2,37.291180011866494,0.7799886680382231,1.8,1.0,0.0,3.0,0.2,0.0,1.0,0.0,0.25,0.4,3.0,3.0
3869685,2022-12-18,779,771,0,0,2.2,0.6,0.8,1.8,0.8,0.8,0,1,7.0,3.0845864790000004,Draw,2.5209007088,1.1454392370000002,14.2,7.2,55.97120980057141,0.8587901765985512,4.6,2.4,0.0,3.0,0.4,1.0,0.0,5.0,0.6666666666666666,0.5,5.0,2.0,1.2757488892,1.2726666837999998,13.8,4.8,49.917412755966566,0.8353535805852875,5.0,1.0,0.0,1.0,0.6,3.0,0.0,3.0,1.0,0.4,4.0,3.0
3895052,2023-08-19,904,182,0,0,2.4,1.4,0.8,0.0,0.0,0.0,0,0,0.0,0.0,Home Win,1.9916561131,1.6528905262999998,14.8,6.0,48.30766147735142,0.7195440302450855,3.6,2.2,0.0,1.0,0.8,1.0,0.0,1.0,0.5882352941176471,0.4705882352941176,2653.0,0.0,0.0,0.0,0.0,0.0,0.0,0.0,0.0,0.0,0.0,0.0,0.0,0.0,0.0,0.0,0.0,0.0,0.0,0.0
3895060,2023-08-26,185,904,0,0,1.0,3.0,0.5,2.4,1.8,0.8,1,1,4.0,2.8222966295500003,Away Win,0.6545583835,2.1677382460500003,10.0,4.0,56.517966511437166,0.777313911912888,4.0,2.0,0.0,0.0,0.5,1.0,0.0,1.0,1.0,0.0,2667.0,0.0,2.0750913431,1.7934058790999998,14.6,6.2,45.0026525808025,0.7279272306434951,3.8,1.6,0.0,0.0,1.0,2.0,0.0,2.0,0.6111111111111112,0.4705882352941176,7.0,1.0
3895067,2023-09-02,904,872,0,0,2.4,1.4,0.8,1.0,1.0,0.5,1,1,2.0,2.2691717312,Home Win,2.2927018161,1.42640733384,16.0,7.4,48.31348487468565,0.7581093680846317,4.6,1.6,0.0,1.0,0.8,3.0,0.0,3.0,0.6111111111111112,0.5,7.0,2.0,0.8359027326999999,1.4332689985,9.5,4.5,33.896850221866586,0.5074118124854955,3.5,3.5,0.0,1.0,0.5,0.0,1.0,0.0,0.0,1.0,2758.0,0.0
3910730,2023-09-15,3165,1069,0,0,0.0,0.0,0.0,0.0,0.0,0.0,0,0,0.0,0.0,Draw,0.0,0.0,0.0,0.0,0.0,0.0,0.0,0.0,0.0,0.0,0.0,0.0,0.0,0.0,0.0,0.0,0.0,0.0,0.0,0.0,0.0,0.0,0.0,0.0,0.0,0.0,0.0,0.0,0.0,0.0,0.0,0.0,0.0,0.0,0.0,0.0
3895074,2023-09-15,169,904,0,0,1.2,0.8,0.4,3.0,1.4,0.8,1,0,1.5,2.3111766045,Draw,3.0725380876800004,1.54250415336,21.4,6.2,62.13990346768376,0.8058719041170253,9.8,1.6,0.0,2.0,0.4,0.0,0.0,4.0,0.3333333333333333,0.5,2778.0,0.0,2.6115127299000003,1.4426597286400002,17.2,8.6,52.29495524850794,0.7862740626028641,4.2,2.0,0.0,1.0,0.8,4.0,0.0,4.0,0.631578947368421,0.5,13.0,1.0
3910732,2023-09-16,19106,3168,0,0,0.0,0.0,0.0,0.0,0.0,0.0,0,0,0.0,0.0,Away Win,0.0,0.0,0.0,0.0,0.0,0.0,0.0,0.0,0.0,0.0,0.0,0.0,0.0,0.0,0.0,0.0,0.0,0.0,0.0,0.0,0.0,0.0,0.0,0.0,0.0,0.0,0.0,0.0,0.0,0.0,0.0,0.0,0.0,0.0,0.0,0.0
3910731,2023-09-16,3169,924,0,0,0.0,0.0,0.0,0.0,0.0,0.0,0,0,0.0,0.0,Home Win,0.0,0.0,0.0,0.0,0.0,0.0,0.0,0.0,0.0,0.0,0.0,0.0,0.0,0.0,0.0,0.0,0.0,0.0,0.0,0.0,0.0,0.0,0.0,0.0,0.0,0.0,0.0,0.0,0.0,0.0,0.0,0.0,0.0,0.0,0.0,0.0
3910735,2023-09-17,3164,3170,0,0,0.0,0.0,0.0,0.0,0.0,0.0,0,0,0.0,0.0,Home Win,0.0,0.0,0.0,0.0,0.0,0.0,0.0,0.0,0.0,0.0,0.0,0.0,0.0,0.0,0.0,0.0,0.0,0.0,0.0,0.0,0.0,0.0,0.0,0.0,0.0,0.0,0.0,0.0,0.0,0.0,0.0,0.0,0.0,0.0,0.0,0.0
3910734,2023-09-17,929,3166,0,0,0.0,0.0,0.0,0.0,0.0,0.0,0,0,0.0,0.0,Home Win,0.0,0.0,0.0,0.0,0.0,0.0,0.0,0.0,0.0,0.0,0.0,0.0,0.0,0.0,0.0,0.0,0.0,0.0,0.0,0.0,0.0,0.0,0.0,0.0,0.0,0.0,0.0,0.0,0.0,0.0,0.0,0.0,0.0,0.0,0.0,0.0
3910733,2023-09-17,6602,19107,0,0,0.0,0.0,0.0,0.0,0.0,0.0,0,0,0.0,0.0,Home Win,0.0,0.0,0.0,0.0,0.0,0.0,0.0,0.0,0.0,0.0,0.0,0.0,0.0,0.0,0.0,0.0,0.0,0.0,0.0,0.0,0.0,0.0,0.0,0.0,0.0,0.0,0.0,0.0,0.0,0.0,0.0,0.0,0.0,0.0,0.0,0.0
3895086,2023-09-24,904,201,0,0,3.2,1.4,0.8,0.0,0.0,0.0,0,0,0.0,0.0,Home Win,2.65250187116,1.7103824928400002,16.6,8.2,53.8471996415941,0.8201491317018137,4.4,2.2,0.0,1.0,0.8,0.0,0.0,5.0,0.631578947368421,0.4736842105263157,9.0,1.0,0.0,0.0,0.0,0.0,0.0,0.0,0.0,0.0,0.0,0.0,0.0,0.0,0.0,0.0,0.0,0.0,0.0,0.0
3911755,2023-09-29,19107,3164,0,0,1.0,2.0,0.0,2.0,0.0,1.0,0,0,0.0,0.0,Home Win,0.3986032186999999,0.997471898,9.0,3.0,49.47229551451187,0.6853333333333333,3.0,4.0,0.0,0.0,1.0,0.0,1.0,0.0,0.0,0.0,12.0,1.0,0.653636129,0.957036298,9.0,4.0,29.193899782135077,0.5597014925373134,9.0,1.0,0.0,1.0,0.0,1.0,0.0,1.0,1.0,0.0,12.0,1.0
3911756,2023-09-30,3166,19106,0,0,0.0,3.0,0.0,1.0,5.0,0.0,0,0,0.0,0.0,Home Win,0.643837459,2.4200557030000005,7.0,1.0,34.68950749464668,0.7067901234567902,2.0,2.0,0.0,0.0,0.0,0.0,1.0,0.0,0.0,0.0,13.0,1.0,0.124074629,3.467582487,3.0,3.0,38.739789964994166,0.713855421686747,1.0,0.0,0.0,0.0,1.0,0.0,1.0,0.0,0.0,0.0,14.0,1.0
3911757,2023-09-30,3168,3169,0,0,5.0,1.0,1.0,9.0,0.0,1.0,0,0,0.0,0.0,Away Win,3.467582487,0.124074629,22.0,8.0,61.26021003500584,0.8038095238095239,8.0,2.0,0.0,0.0,1.0,1.0,0.0,1.0,0.0,1.0,14.0,1.0,3.1572271633,0.252321703,26.0,9.0,66.16541353383458,0.7916666666666666,6.0,0.0,0.0,1.0,0.0,1.0,0.0,1.0,1.0,0.0,14.0,1.0
3895095,2023-09-30,177,904,0,0,1.5,1.0,0.5,3.4,1.2,0.8,1,1,2.5,2.5329407096,Away Win,1.3610435305,1.1718971791,8.5,4.0,38.10189551112788,0.6150594582147733,2.0,0.5,0.0,0.0,0.5,1.0,0.0,1.0,1.0,0.0,2771.0,0.0,2.694860969,1.12737797474,18.8,9.2,59.14973296129911,0.8767256544370096,5.4,2.2,0.0,1.0,0.8,1.0,0.0,6.0,0.65,0.4736842105263157,6.0,1.0
3912594,2023-10-01,973,2652,0,0,0.8,2.2,0.0,0.0,0.0,0.0,0,0,0.0,0.0,Away Win,0.6925814322000001,1.99966281406,9.2,3.2,41.51354367201662,0.594015182966612,3.0,1.4,0.0,0.0,0.6,0.0,2.0,0.0,0.1851851851851851,0.2068965517241379,875.0,0.0,0.0,0.0,0.0,0.0,0.0,0.0,0.0,0.0,0.0,0.0,0.0,0.0,0.0,0.0,0.0,0.0,0.0,0.0
3912593,2023-10-01,972,746,0,0,0.0,0.6,0.0,2.2,0.4,0.8,0,5,4.4,3.98365689468,Away Win,1.1969806502,1.87616732054,11.0,1.8,43.6306004948864,0.5905466452830238,5.2,0.6,0.0,3.0,0.0,0.0,1.0,0.0,0.2142857142857142,0.3214285714285714,875.0,0.0,3.1600551734000004,0.5589922909999999,19.6,7.2,69.6151052770472,0.8463115708947718,10.4,0.4,0.0,4.0,0.2,2.0,0.0,18.0,0.8,0.7142857142857143,875.0,0.0
3911758,2023-10-01,924,3165,0,0,0.0,9.0,0.0,2.0,2.0,0.0,0,0,0.0,0.0,Draw,0.252321703,3.1572271633,4.0,2.0,33.83458646616541,0.6037037037037037,1.0,4.0,0.0,0.0,0.0,0.0,1.0,0.0,0.0,0.0,15.0,0.0,1.8218231818000004,2.1186128400000004,10.0,3.0,42.99153339604892,0.75054704595186,0.0,1.0,0.0,0.0,1.0,0.0,0.0,1.0,0.0,0.0,16.0,0.0
3911759,2023-10-01,3170,929,0,0,0.0,2.0,0.0,3.0,0.0,1.0,0,0,0.0,0.0,Away Win,0.957036298,0.653636129,9.0,2.0,70.80610021786492,0.8138461538461539,7.0,2.0,0.0,0.0,0.0,0.0,1.0,0.0,0.0,0.0,14.0,1.0,2.4200557030000005,0.643837459,22.0,10.0,65.31049250535332,0.8180327868852459,11.0,0.0,0.0,1.0,0.0,1.0,0.0,1.0,1.0,0.0,14.0,1.0
3912596,2023-10-01,967,965,0,0,1.8,1.0,0.4,1.2,2.2,0.4,2,1,3.0,2.171963957683333,Away Win,1.651238334,1.30884166898,11.0,4.0,57.17912609685542,0.756578423027635,3.6,1.2,0.0,2.0,0.4,0.0,2.0,0.0,0.3571428571428571,0.2962962962962963,875.0,0.0,0.8848095693000001,1.99957052332,8.6,3.2,43.62348749758665,0.6856617931901947,2.4,0.8,0.0,1.0,0.4,1.0,0.0,1.0,0.3333333333333333,0.1851851851851851,875.0,0.0
3912597,2023-10-01,971,749,0,0,3.4,0.4,0.8,0.4,2.4,0.2,3,0,2.333333333333333,2.881957717233333,Home Win,2.6866486512,0.5061127612999999,19.2,7.4,59.18187201878762,0.800646640360234,6.0,0.2,0.0,4.0,0.2,2.0,0.0,9.0,0.8275862068965517,0.6296296296296297,875.0,0.0,0.39124239452,2.2001285946,6.2,2.4,46.59339901072196,0.7654628872525382,2.6,0.8,0.0,1.0,0.2,1.0,0.0,1.0,0.2941176470588235,0.2631578947368421,875.0,0.0
3912595,2023-10-01,968,966,0,0,2.0,0.2,0.8,1.2,1.8,0.2,4,0,4.25,2.6680633075,Away Win,2.74747221868,0.2254913613999999,18.2,7.0,70.55237342099392,0.8386733423927495,9.0,0.8,0.0,4.0,0.2,0.0,0.0,9.0,0.8214285714285714,0.7586206896551724,875.0,0.0,1.1024246290600002,1.75151877106,11.6,4.6,45.45422677892351,0.6554198660704527,4.4,2.0,0.0,1.0,0.6,0.0,2.0,0.0,0.2,0.2222222222222222,1316.0,0.0
3912592,2023-10-01,2647,1475,0,0,0.6,0.6,0.0,1.8,0.4,0.8,0,2,2.5,2.4958087495,Away Win,0.67161501114,1.27878664328,6.0,2.0,38.21064400276872,0.5507905142021116,3.8,1.8,0.0,3.0,0.4,0.0,0.0,5.0,0.0909090909090909,0.1818181818181818,875.0,0.0,1.8722388656000004,0.80130631626,16.6,4.8,59.317210173379934,0.7723116260627657,5.4,1.6,0.0,3.0,0.2,3.0,0.0,3.0,0.7222222222222222,0.5,875.0,0.0
3911760,2023-10-02,1069,6602,0,0,2.0,2.0,0.0,2.0,1.0,1.0,0,0,0.0,0.0,Home Win,2.1186128400000004,1.8218231818000004,21.0,3.0,57.00846660395108,0.7920792079207921,7.0,2.0,0.0,0.0,1.0,0.0,0.0,1.0,0.0,0.0,17.0,0.0,0.997471898,0.3986032186999999,17.0,5.0,50.52770448548812,0.6684073107049608,9.0,1.0,0.0,0.0,1.0,1.0,0.0,1.0,1.0,0.0,15.0,0.0
3911761,2023-10-06,929,19106,0,0,3.5,1.0,1.0,0.5,5.5,0.0,0,0,0.0,0.0,Home Win,2.3009787000000004,0.9636940837,21.0,9.0,58.20613817292849,0.7765728616151075,6.5,0.5,0.0,1.0,0.5,2.0,0.0,2.0,1.0,1.0,5.0,1.0,0.2167482242499999,3.3028999279999995,3.0,2.0,37.9222064180202,0.7159441042859964,0.5,1.0,0.0,0.0,0.5,0.0,2.0,0.0,0.0,0.0,6.0,1.0
3912598,2023-10-06,1475,968,0,0,1.8,0.6,0.8,1.2,0.4,0.6,1,2,1.3333333333333333,2.125826757,Draw,1.7031561346,0.8096318544600001,18.0,5.4,55.94936569516312,0.767251294237728,5.0,1.4,0.0,2.0,0.4,4.0,0.0,4.0,0.7222222222222222,0.5263157894736842,5.0,1.0,2.08469436608,0.3704718632,16.4,5.2,67.89111683839653,0.8348574323798813,10.6,1.0,0.0,3.0,0.2,0.0,1.0,0.0,0.7931034482758621,0.7586206896551724,5.0,1.0
3911763,2023-10-07,6602,924,0,0,1.0,1.5,0.5,1.0,5.5,0.0,0,0,0.0,0.0,Home Win,0.6096023955000001,1.01568655635,10.5,3.0,39.67148276483241,0.6425660246904595,6.0,2.5,0.0,0.0,0.5,0.0,1.0,0.0,1.0,0.0,5.0,1.0,0.2252371916,2.04340315865,5.5,2.5,32.416826379674674,0.6090807675145025,2.5,4.0,0.0,0.0,0.5,0.0,0.0,1.0,0.0,0.0,6.0,1.0
3911762,2023-10-07,3170,19107,0,0,1.0,3.0,0.0,2.0,2.0,0.5,0,0,0.0,0.0,Home Win,1.1202935032,1.4177689130000002,8.0,3.5,59.85215818868063,0.7373951799273688,4.5,1.0,0.0,0.0,0.5,0.0,2.0,0.0,0.0,0.0,6.0,1.0,0.3380324158499999,0.96887459875,8.5,4.0,45.91869655174503,0.6827750677506775,3.0,4.0,0.0,0.0,1.0,1.0,0.0,1.0,1.0,0.0,8.0,1.0
3912603,2023-10-08,966,2647,0,0,1.2,1.6,0.4,0.8,1.0,0.0,0,0,0.0,0.0,Home Win,1.17690742246,1.50555526216,11.4,3.6,46.68973272438997,0.6895556651622072,4.2,2.0,0.0,2.0,0.4,1.0,0.0,1.0,0.2,0.2631578947368421,7.0,1.0,0.7776844712,1.50635368088,7.4,2.6,38.76997784268766,0.6019800347450583,4.4,1.6,0.2,2.0,0.6,0.0,1.0,0.0,0.0833333333333333,0.1818181818181818,7.0,1.0
3911764,2023-10-08,3164,1069,0,0,2.0,1.5,0.5,2.0,1.0,0.5,0,0,0.0,0.0,Away Win,0.79695671425,0.6172489555,11.0,4.5,43.414401096578445,0.663316881726824,8.0,1.0,0.0,1.0,0.5,0.0,1.0,0.0,1.0,0.0,9.0,1.0,1.875691367,1.0217780374000005,18.5,6.5,64.09660277988718,0.810002932592272,8.0,1.5,0.0,1.0,0.5,1.0,0.0,2.0,1.0,0.0,6.0,1.0
3912601,2023-10-08,749,973,0,0,0.6,2.2,0.2,1.0,2.8,0.0,1,0,3.0,2.5450596265,Home Win,0.5770951766000001,2.3259499156,7.2,3.4,48.33706518061763,0.7678098260280486,3.0,0.8,0.0,1.0,0.4,0.0,1.0,0.0,0.2941176470588235,0.25,7.0,1.0,0.69633040912,2.27256889526,8.4,3.4,38.79856977378425,0.5854052479900508,2.8,0.8,0.0,0.0,0.6,0.0,3.0,0.0,0.1785714285714285,0.2068965517241379,7.0,1.0
3912600,2023-10-08,746,971,0,0,2.4,0.4,0.8,3.4,0.6,0.8,0,2,3.5,3.848816376633333,Draw,3.1265982456000003,0.57865636114,19.6,7.4,69.91145939853796,0.85504071081775,9.0,0.4,0.2,4.0,0.2,3.0,0.0,19.0,0.8,0.7241379310344828,7.0,1.0,2.7810529814,0.8646645327,19.6,8.4,56.51241735167488,0.8064695437803533,5.4,0.2,0.0,3.0,0.4,3.0,0.0,10.0,0.8333333333333334,0.6296296296296297,7.0,1.0
3912602,2023-10-08,2652,967,0,0,4.0,2.0,1.0,1.0,1.4,0.2,0,0,0.0,0.0,Home Win,2.024863362,1.1422068609999998,19.0,8.0,64.76683937823834,0.768,7.0,2.0,0.0,0.0,1.0,1.0,0.0,1.0,0.0,1.0,7.0,1.0,1.2601236473,1.53892645488,11.2,3.6,54.12266574907386,0.7585245320954744,3.6,0.8,0.0,1.0,0.6,0.0,3.0,0.0,0.3448275862068966,0.2962962962962963,7.0,1.0
3895107,2023-10-08,904,186,0,0,3.4,0.8,0.8,1.0,1.5,0.5,1,1,2.5,2.128180425,Home Win,2.5489211046,0.87000896594,17.8,8.4,61.17999753751066,0.885611996866659,4.8,2.2,0.0,2.0,0.6,2.0,0.0,7.0,0.65,0.5,8.0,2.0,1.3285798028500002,0.79960062215,16.5,6.5,50.40404963750093,0.7234980348119034,8.5,1.5,0.5,0.0,0.5,0.0,1.0,0.0,0.0,1.0,2737.0,0.0
3911765,2023-10-08,3165,3168,0,0,2.0,2.0,0.0,3.0,2.0,0.5,0,0,0.0,0.0,Home Win,1.3757011679000002,1.1583827601000003,12.0,3.5,55.99623355143249,0.7961124945591506,2.0,0.5,0.0,0.0,1.0,0.0,0.0,2.0,0.0,0.0,7.0,1.0,2.4776917005,2.0126344875,17.0,6.5,57.72687921105131,0.720952380952381,10.0,2.5,0.0,0.0,1.0,0.0,1.0,0.0,0.0,1.0,8.0,1.0
3912599,2023-10-08,965,972,0,0,1.6,1.4,0.6,0.0,1.0,0.0,3,3,2.333333333333333,2.519374933416667,Away Win,1.1148943552,1.60845583662,10.0,3.4,46.67994784536823,0.7003308867289542,2.2,1.0,0.0,1.0,0.6,2.0,0.0,2.0,0.3333333333333333,0.2142857142857142,7.0,1.0,1.13896015794,2.3413189752,11.0,1.6,37.94836101122847,0.6186474113999151,3.4,0.4,0.0,2.0,0.0,0.0,2.0,0.0,0.2068965517241379,0.3214285714285714,7.0,1.0
3911766,2023-10-09,3169,3166,0,0,6.0,0.5,1.0,3.0,1.5,0.5,0,0,0.0,0.0,Draw,3.52921075465,0.8700613085,23.5,9.0,55.9859325733689,0.722593896713615,5.5,1.0,0.0,1.0,0.5,2.0,0.0,2.0,1.0,1.0,9.0,1.0,1.891027414,1.3647387612500002,15.0,6.0,48.79244231180023,0.7760256226568283,6.5,1.5,0.0,1.0,0.0,1.0,0.0,1.0,1.0,0.0,9.0,1.0
3911767,2023-10-13,19106,3169,0,0,0.3333333333333333,4.0,0.0,4.666666666666667,1.0,0.6666666666666666,0,0,0.0,0.0,Away Win,0.2313088944666666,2.5979635226666664,3.333333333333333,2.0,36.86003980546906,0.6957225705591942,0.6666666666666666,1.3333333333333333,0.0,0.0,0.3333333333333333,0.0,3.0,0.0,0.0,0.0,7.0,2.0,2.933558508766667,1.1209281953333334,22.0,7.0,58.61247045507506,0.7558520714932871,6.0,1.0,0.0,1.0,0.6666666666666666,0.0,0.0,3.0,0.5,1.0,4.0,2.0
3911768,2023-10-14,1069,3170,0,0,2.0,0.6666666666666666,0.6666666666666666,1.6666666666666667,2.333333333333333,0.3333333333333333,0,0,0.0,0.0,Draw,2.0316868463333333,0.7535642702666668,17.333333333333332,6.333333333333333,65.0345420116981,0.8291640679941193,7.0,2.333333333333333,0.0,2.0,0.3333333333333333,2.0,0.0,3.0,1.0,0.5,6.0,2.0,1.667837791866667,1.2483793440000002,9.666666666666666,4.0,60.68446111224885,0.7410099321581519,5.333333333333333,1.0,0.0,0.0,0.6666666666666666,1.0,0.0,1.0,0.5,0.0,7.0,2.0
3911769,2023-10-14,3168,6602,0,0,2.333333333333333,2.0,0.3333333333333333,2.0,1.3333333333333333,0.6666666666666666,0,0,0.0,0.0,Home Win,2.0720139853333333,1.5664013498000002,16.666666666666668,5.666666666666667,54.3417882992729,0.6865686030083936,8.0,2.6666666666666665,0.0,0.0,1.0,0.0,2.0,0.0,0.0,0.5,6.0,2.0,1.1587363533333337,1.0086511952333332,11.333333333333334,4.0,46.80467543058859,0.6891980355721671,4.666666666666667,2.333333333333333,0.0,0.0,0.6666666666666666,1.0,0.0,1.0,1.0,0.0,7.0,2.0
3913069,2023-10-14,971,972,0,0,2.4,0.8,0.6,0.4,1.0,0.2,5,0,3.8333333333333335,3.567308690416667,Home Win,2.4339480412,0.9540921089,19.0,7.0,55.40514973644099,0.7886952993920702,5.6,0.6,0.0,2.0,0.6,0.0,0.0,11.0,0.8333333333333334,0.6071428571428571,6.0,2.0,1.03317205614,2.3558940144000005,10.4,2.0,40.14749169646844,0.6622339498614537,2.8,1.4,0.0,2.0,0.0,1.0,0.0,1.0,0.2068965517241379,0.3448275862068966,6.0,2.0
3913074,2023-10-15,965,749,0,0,1.4,1.8,0.4,1.2,1.8,0.4,1,3,2.0,2.959784734825,Away Win,1.04907238046,1.5988721244200002,11.0,3.4,49.60779772604427,0.7336086127510093,3.2,1.2,0.0,0.0,0.6,0.0,1.0,0.0,0.3225806451612903,0.2142857142857142,7.0,2.0,0.8279404974000002,2.1600615649,10.0,4.6,53.66882965059184,0.7858373646922608,3.0,1.0,0.0,1.0,0.6,1.0,0.0,1.0,0.3333333333333333,0.25,7.0,2.0
3911770,2023-10-15,19107,929,0,0,1.6666666666666667,2.333333333333333,0.3333333333333333,2.6666666666666665,0.6666666666666666,1.0,0,0,0.0,0.0,Away Win,0.5285550125666666,1.5668918555666669,8.333333333333334,3.0,43.162775381368256,0.6718986360320357,3.333333333333333,4.0,0.0,0.0,1.0,0.0,1.0,0.0,1.0,0.0,8.0,1.0,1.9300160373333335,0.7292728007666667,19.666666666666668,8.0,60.55885658849673,0.7821780509940938,6.666666666666667,0.3333333333333333,0.0,2.0,0.3333333333333333,3.0,0.0,3.0,1.0,1.0,9.0,2.0
3911771,2023-10-15,3166,3165,0,0,2.6666666666666665,1.6666666666666667,0.3333333333333333,2.0,1.6666666666666667,0.3333333333333333,0,0,0.0,0.0,Home Win,1.8015722656666664,1.4905771798333334,14.666666666666666,6.0,44.57311280170436,0.7402186321588157,5.333333333333333,1.0,0.0,1.0,0.3333333333333333,0.0,0.0,2.0,1.0,0.0,6.0,1.0,1.1417791367333334,1.1924746917333335,12.666666666666666,3.6666666666666665,54.80695354238296,0.7635207604266071,2.6666666666666665,0.6666666666666666,0.0,0.0,1.0,1.0,0.0,3.0,0.5,0.0,7.0,2.0
3913072,2023-10-15,746,973,0,0,2.0,0.6,0.6,1.2,2.6,0.0,4,0,4.0,3.577809805133333,Home Win,2.6803229454,0.9786316321399996,18.2,7.6,64.85019104702383,0.8121614538518059,8.4,1.4,0.2,3.0,0.4,0.0,0.0,20.0,0.7741935483870968,0.7241379310344828,7.0,2.0,1.08526779282,1.5096459450600002,10.4,3.4,39.96191123697078,0.5874041912799417,3.4,1.2,0.0,0.0,0.8,0.0,4.0,0.0,0.1785714285714285,0.2,7.0,2.0
3913073,2023-10-15,968,2647,0,0,1.2,0.8,0.4,0.4,1.0,0.0,1,0,2.0,2.9057556411000003,Home Win,1.91472950188,0.5821791214,16.0,4.8,63.00740285123428,0.8167952905106854,9.2,1.0,0.0,2.0,0.4,0.0,0.0,1.0,0.7931034482758621,0.7333333333333333,9.0,2.0,0.74532795226,1.53309907248,7.2,2.2,41.10998259102574,0.649246528146781,4.0,1.2,0.2,2.0,0.4,0.0,2.0,0.0,0.0833333333333333,0.1666666666666666,7.0,2.0
3913070,2023-10-15,966,967,0,0,1.6,1.4,0.6,0.4,1.4,0.0,0,2,2.0,2.19767400845,Away Win,0.92815246666,1.59300830266,10.4,4.2,42.90359395543332,0.7035637772566026,3.8,2.2,0.0,3.0,0.4,2.0,0.0,2.0,0.25,0.2631578947368421,7.0,2.0,1.2432153081,1.75986918428,11.2,3.4,50.47485733801855,0.7534023837336422,3.8,1.2,0.0,1.0,0.4,0.0,4.0,0.0,0.3448275862068966,0.2857142857142857,7.0,2.0
3913071,2023-10-15,1475,2652,0,0,2.2,0.8,0.8,2.5,1.0,1.0,0,0,0.0,0.0,Draw,1.6554893736,0.80193672812,16.4,5.8,53.75837189674227,0.7781669888563637,4.0,1.4,0.0,2.0,0.6,0.0,0.0,5.0,0.6842105263157895,0.5263157894736842,9.0,2.0,1.951269696,1.951051491,17.0,5.5,57.00463181033129,0.7697142857142858,5.0,1.5,0.0,1.0,0.5,2.0,0.0,2.0,1.0,1.0,7.0,2.0
3911772,2023-10-16,924,3164,0,0,1.0,5.0,0.0,1.3333333333333333,1.6666666666666667,0.3333333333333333,0,0,0.0,0.0,Away Win,0.4816849520666666,2.1146035287666667,6.333333333333333,3.0,34.58753066574948,0.6044665434223667,3.6666666666666665,3.0,0.0,0.0,0.6666666666666666,0.0,1.0,0.0,0.0,0.0,9.0,1.0,0.6036833881666667,1.192725238666667,9.0,4.0,39.97279390594566,0.6788595049449545,5.666666666666667,1.0,0.0,1.0,0.3333333333333333,0.0,2.0,0.0,0.5,0.0,8.0,1.0
3911773,2023-10-20,6602,3166,0,0,1.5,1.75,0.5,2.75,1.25,0.5,0,0,0.0,0.0,Away Win,0.9116999312500002,1.101103541175,9.25,3.25,47.19725657294144,0.6803352191855853,4.5,2.0,0.0,0.0,0.5,0.0,1.0,0.0,1.0,0.0,6.0,2.0,1.60637008775,1.21911320525,13.75,6.0,45.24302141446508,0.745438815556744,5.0,1.25,0.0,2.0,0.25,1.0,0.0,3.0,1.0,0.0,5.0,2.0
3913075,2023-10-21,2647,749,0,0,0.4,1.2,0.0,1.6,1.2,0.6,1,1,2.5,1.3088204055,Away Win,0.63342699356,1.88862537588,7.0,2.4,38.39247351202354,0.6712854810572039,4.0,1.2,0.2,2.0,0.4,0.0,3.0,0.0,0.0833333333333333,0.1538461538461538,6.0,2.0,1.1437024810000005,1.8097804063000005,13.4,5.4,54.83090371146521,0.8047905545006749,4.4,0.6,0.0,1.0,0.6,2.0,0.0,2.0,0.3333333333333333,0.2857142857142857,6.0,2.0
3911775,2023-10-21,3165,19106,0,0,1.5,2.0,0.25,0.25,3.75,0.0,0,0,0.0,0.0,Away Win,0.957514672925,1.1495469073000002,11.5,3.25,54.292028343600414,0.7620345097138947,2.5,0.75,0.0,0.0,0.75,0.0,1.0,0.0,0.5,0.0,6.0,2.0,0.20265609585,2.740742933875,3.75,1.75,37.78469465857107,0.6877698893519025,1.25,1.25,0.0,0.0,0.25,0.0,4.0,0.0,0.0,0.0,8.0,1.0
3911774,2023-10-21,3164,3168,0,0,1.25,1.25,0.5,2.5,1.5,0.5,0,0,0.0,0.0,Draw,0.753826457375,0.990216956875,10.5,4.25,45.444076303776185,0.7096746640444049,6.75,0.75,0.0,2.0,0.25,1.0,0.0,1.0,0.5,0.5,5.0,2.0,1.89862563375,1.2174486786,16.0,5.5,53.66259122445467,0.6759434014088376,7.25,2.0,0.0,1.0,0.75,1.0,0.0,1.0,0.5,0.5,7.0,2.0
3895113,2023-10-21,179,904,0,0,1.0,2.0,0.5,3.4,0.8,0.8,1,1,3.0,2.32037919115,Away Win,1.4379428898,0.8824363013500001,11.5,5.0,51.65228998209987,0.7574098991864533,3.5,2.0,0.0,0.0,0.5,0.0,1.0,0.0,1.0,0.0,2759.0,0.0,2.59338068048,0.9482489004,17.6,8.2,62.08264604670369,0.8916196127462056,5.4,2.2,0.0,2.0,0.6,3.0,0.0,8.0,0.6666666666666666,0.5,13.0,1.0
3913076,2023-10-21,2652,746,0,0,2.0,1.0,0.6666666666666666,2.6,0.2,0.8,0,0,0.0,0.0,Away Win,1.4157232853333337,2.207172965333333,12.666666666666666,4.333333333333333,50.318877347238406,0.7448617555284223,4.333333333333333,2.6666666666666665,0.0,1.0,0.6666666666666666,0.0,0.0,3.0,1.0,0.5,6.0,2.0,2.9976226756,0.5646697067399999,20.6,8.8,68.293837660261,0.8299914770971872,8.8,1.2,0.2,4.0,0.2,1.0,0.0,21.0,0.78125,0.7241379310344828,6.0,2.0
3911778,2023-10-22,19107,1069,0,0,1.25,2.25,0.25,1.5,0.5,0.5,0,0,0.0,0.0,Away Win,0.667641601325,1.614553685925,8.5,3.0,42.28669254171879,0.6707900057321607,3.0,3.0,0.0,0.0,0.75,0.0,2.0,0.0,0.5,0.0,7.0,1.0,1.72044258575,0.6275936125750001,16.5,6.25,63.17129998286187,0.8297897176622562,6.75,1.75,0.0,3.0,0.25,0.0,0.0,4.0,0.5,0.5,8.0,2.0
3913077,2023-10-22,971,965,0,0,2.4,0.4,0.8,1.6,2.0,0.4,3,1,2.4,2.49716865394,Home Win,2.485382071400001,0.8305627043399999,19.8,7.8,62.26049564839068,0.824405878767033,6.6,0.8,0.0,3.0,0.4,1.0,0.0,12.0,0.8387096774193549,0.6071428571428571,8.0,2.0,1.1771768776599998,1.52061242142,12.0,4.0,52.89273746641668,0.7575458114764648,4.0,1.4,0.0,0.0,0.8,0.0,2.0,0.0,0.3125,0.2142857142857142,7.0,2.0
3913078,2023-10-22,967,1475,0,0,0.6,1.4,0.2,1.6,0.8,0.6,0,4,3.25,2.243013089025,Away Win,1.1968498535000005,1.61591329628,11.0,3.0,47.70986122851865,0.7708384435958641,3.8,1.6,0.0,1.0,0.4,1.0,0.0,1.0,0.3448275862068966,0.3103448275862069,7.0,2.0,1.6752422452000002,0.8430382589200001,16.8,5.4,56.16818983000517,0.7873257720134774,4.4,1.2,0.0,2.0,0.6,0.0,0.0,6.0,0.65,0.5263157894736842,7.0,1.0
3913079,2023-10-22,973,968,0,0,0.8,3.2,0.0,1.2,1.0,0.4,0,5,5.6,4.4732028894,Away Win,0.9995971412199998,1.89719425646,8.6,2.6,33.05164420197999,0.5863209086817428,3.0,1.2,0.0,0.0,0.6,0.0,5.0,0.0,0.1785714285714285,0.1935483870967742,7.0,2.0,1.86216660856,0.5544596887,18.8,4.0,62.643470589802334,0.8186405286059234,9.6,0.8,0.0,1.0,0.6,1.0,0.0,2.0,0.8,0.7333333333333333,7.0,1.0
3911777,2023-10-22,3170,924,0,0,1.25,1.75,0.25,0.75,4.0,0.0,0,0,0.0,0.0,Home Win,1.3132987537750005,1.132961959,9.0,3.5,56.11795236009834,0.7446714762679352,5.5,1.0,0.0,1.0,0.5,0.0,0.0,2.0,0.5,0.0,8.0,1.0,0.456936741925,1.887016562825,6.75,3.0,35.476167124995165,0.6166736898017321,3.75,3.0,0.0,0.0,0.5,0.0,2.0,0.0,0.0,0.0,6.0,1.0
3911776,2023-10-22,929,3169,0,0,2.5,0.5,1.0,4.25,0.75,0.75,0,0,0.0,0.0,Draw,1.88689682225,0.818179942475,17.5,7.5,60.50453143567995,0.7694165571134948,6.25,0.25,0.0,3.0,0.25,4.0,0.0,4.0,1.0,1.0,7.0,1.0,2.99243917345,0.8698705715,22.25,7.5,58.81968803683702,0.770836422041018,6.5,0.75,0.0,2.0,0.5,1.0,0.0,4.0,0.5,1.0,9.0,2.0
3913080,2023-10-22,972,966,0,0,0.4,1.0,0.2,1.4,1.6,0.4,1,2,2.5,2.8145407366,Draw,1.12201665518,2.3604559832000005,11.6,2.2,39.400056031555,0.6773851311688539,2.8,1.6,0.0,2.0,0.0,0.0,1.0,0.0,0.2068965517241379,0.3333333333333333,8.0,2.0,0.97599868242,1.4041008864600002,10.6,3.2,43.42699192286115,0.7291944306640974,3.4,2.2,0.0,2.0,0.4,0.0,1.0,0.0,0.2352941176470588,0.2631578947368421,7.0,2.0
3895121,2023-10-29,904,183,0,0,2.8,0.8,0.8,0.0,0.0,0.0,0,0,0.0,0.0,Home Win,2.32498682848,1.0720782783999998,15.2,7.0,59.175405428255466,0.8847702057200253,5.2,2.6,0.0,2.0,0.6,4.0,0.0,9.0,0.6666666666666666,0.5238095238095238,8.0,1.0,0.0,0.0,0.0,0.0,0.0,0.0,0.0,0.0,0.0,0.0,0.0,0.0,0.0,0.0,0.0,0.0,0.0,0.0
3911781,2023-11-03,924,19107,0,0,0.8,4.2,0.0,1.0,2.4,0.2,0,0,0.0,0.0,Draw,0.60202915864,2.47371638746,7.2,3.0,37.193767924595065,0.6409117673753663,3.6,2.6,0.0,0.0,0.6,0.0,3.0,0.0,0.0,0.0,12.0,1.0,0.5824040310599999,1.85392831114,7.4,2.4,40.66479707134972,0.6722445401982642,3.0,2.6,0.0,0.0,0.6,0.0,3.0,0.0,0.3333333333333333,0.0,12.0,1.0
3911782,2023-11-04,3166,3164,0,0,2.4,1.0,0.6,1.2,1.2,0.4,0,0,0.0,0.0,Draw,1.4456387408,1.01937200106,13.4,5.8,46.06941713157206,0.7414987317702897,5.2,1.2,0.0,3.0,0.2,2.0,0.0,4.0,1.0,0.3333333333333333,15.0,0.0,0.7078760546,0.8604729721,10.4,4.0,46.118701903236,0.7029820219844226,6.4,0.8,0.0,2.0,0.4,0.0,0.0,2.0,0.3333333333333333,0.5,14.0,1.0
3895134,2023-11-04,175,904,0,0,1.0,1.5,0.0,2.8,0.6,1.0,0,1,2.5,3.5655641355000003,Away Win,0.839505798,2.7260583375000005,5.5,2.5,39.40572822748697,0.5946836186639812,3.5,1.0,0.0,0.0,1.0,0.0,0.0,1.0,0.0,0.0,2842.0,0.0,2.1664439304,0.7838282424,16.2,6.4,63.36264245490342,0.8906252390639441,6.6,2.0,0.0,2.0,0.6,5.0,0.0,10.0,0.6818181818181818,0.5238095238095238,6.0,2.0
3913081,2023-11-04,2647,971,0,0,0.8,2.0,0.0,2.8,0.8,0.8,0,2,3.0,1.7451316959999998,Away Win,0.76679997896,1.60619810868,8.4,3.0,41.299210146841496,0.7254727998638999,4.0,1.2,0.2,1.0,0.6,0.0,4.0,0.0,0.0769230769230769,0.1538461538461538,14.0,1.0,2.82643531166,1.05627279154,21.6,8.2,62.95629206686383,0.8331514413538519,7.0,0.8,0.0,2.0,0.6,2.0,0.0,13.0,0.84375,0.6071428571428571,13.0,1.0
3911779,2023-11-04,3169,3165,0,0,3.8,1.0,0.6,1.2,2.0,0.2,0,0,0.0,0.0,Away Win,2.5107635853600003,1.2184969828,18.8,6.2,55.62717900089818,0.7479191376328144,5.6,1.0,0.0,2.0,0.6,0.0,0.0,5.0,0.5,0.6666666666666666,13.0,1.0,1.249538502,1.1898012002400002,15.8,3.4,56.42681995379189,0.7586677473871717,3.8,0.6,0.0,0.0,0.6,0.0,2.0,0.0,0.3333333333333333,0.0,14.0,1.0
3913085,2023-11-05,749,967,0,0,2.4,1.2,0.8,0.4,2.0,0.2,0,3,3.5,3.057930528,Draw,1.3659488224,1.5380796787000004,16.0,6.8,56.73982146038296,0.8292966624500713,5.0,0.6,0.0,1.0,0.8,3.0,0.0,3.0,0.3333333333333333,0.3181818181818182,15.0,0.0,1.2657796381000002,1.8290361288,12.0,3.6,50.40778774622582,0.7877913935585228,5.0,1.4,0.0,1.0,0.2,0.0,1.0,0.0,0.3333333333333333,0.3103448275862069,14.0,1.0
3913082,2023-11-05,965,1475,0,0,1.6,2.2,0.4,2.4,0.8,0.6,1,2,2.5,2.95041284395,Draw,1.32605822486,2.02862070476,11.6,3.8,48.93506994607244,0.757158432902848,4.4,1.4,0.0,0.0,0.8,0.0,3.0,0.0,0.3125,0.2068965517241379,14.0,1.0,2.0079184494,0.801576131,17.0,6.8,54.21985256215315,0.8095248330463413,4.2,1.2,0.0,2.0,0.6,1.0,0.0,7.0,0.65,0.55,14.0,1.0
3911783,2023-11-05,1069,929,0,0,1.8,0.4,0.6,2.4,0.8,0.8,0,0,0.0,0.0,Home Win,1.938639431,0.5503656400600001,16.4,6.2,63.70159694831481,0.8280329575617577,6.4,1.6,0.0,4.0,0.2,1.0,0.0,5.0,0.5,0.6666666666666666,14.0,1.0,2.0321179834,0.77135620058,19.0,7.2,59.83219657711538,0.7651426206907959,6.8,0.6,0.0,3.0,0.4,0.0,0.0,5.0,0.6666666666666666,1.0,14.0,1.0
3911784,2023-11-05,19106,6602,0,0,0.6,3.0,0.2,1.2,1.6,0.4,0,0,0.0,0.0,Away Win,0.4322885510799999,2.67612111076,5.2,2.6,37.23455844794529,0.6667207658504541,1.6,2.0,0.0,1.0,0.2,1.0,0.0,1.0,0.0,0.3333333333333333,15.0,0.0,0.7734413818600001,1.04142550354,9.2,3.0,47.88280525835315,0.6920048008628715,4.4,1.8,0.0,0.0,0.4,0.0,2.0,0.0,0.6666666666666666,0.0,16.0,0.0
3913084,2023-11-05,966,2652,0,0,1.2,1.2,0.4,1.5,1.0,0.5,0,0,0.0,0.0,Home Win,1.00434732122,1.3331420046600002,12.6,3.4,48.02452596776361,0.7510280289682838,4.0,1.8,0.0,2.0,0.4,0.0,0.0,1.0,0.2352941176470588,0.25,14.0,1.0,1.4068533500000002,2.282874866,12.5,4.75,50.06536121898496,0.7289283123079219,4.25,2.25,0.0,1.0,0.5,0.0,1.0,0.0,0.5,0.5,15.0,0.0
3913083,2023-11-05,968,746,0,0,1.2,1.0,0.4,2.0,0.2,0.8,2,4,2.1666666666666665,1.94943374535,Home Win,1.93147107888,0.5210962216999999,21.6,4.8,65.83369243488855,0.8228156294234477,12.0,1.0,0.0,1.0,0.6,2.0,0.0,3.0,0.8,0.7419354838709677,14.0,1.0,2.691407935,0.8252585547400001,19.0,8.2,61.99152320474809,0.801062247866426,7.8,1.4,0.2,4.0,0.2,2.0,0.0,22.0,0.78125,0.7333333333333333,15.0,0.0
3913086,2023-11-05,972,973,0,0,0.6,1.2,0.2,1.0,3.4,0.0,3,0,2.75,2.1986821902,Away Win,0.7752187483799999,2.3140959380000004,7.6,2.0,35.03148298753221,0.6823194179696367,1.8,1.8,0.0,1.0,0.2,0.0,0.0,1.0,0.2,0.3333333333333333,14.0,1.0,0.8558417616999998,2.08605209846,6.8,2.0,29.111833107038628,0.5884444608052949,2.2,1.2,0.0,0.0,0.8,0.0,6.0,0.0,0.1724137931034483,0.1935483870967742,14.0,1.0
3911780,2023-11-06,3168,3170,0,0,2.2,1.4,0.4,2.0,1.6,0.4,0,0,0.0,0.0,Away Win,1.5871999136,1.07877383158,13.2,4.6,53.16663211934869,0.683191695916986,6.2,2.4,0.0,1.0,0.8,0.0,0.0,2.0,0.5,0.3333333333333333,16.0,0.0,2.01474214022,1.1428493323,11.2,4.8,56.08152766347975,0.7567314448766809,5.6,1.0,0.0,1.0,0.6,1.0,0.0,3.0,0.6666666666666666,0.0,15.0,0.0
3911786,2023-11-10,3170,3166,0,0,2.2,1.2,0.6,2.4,0.4,0.6,0,0,0.0,0.0,Draw,2.2399559656200005,1.0370913193,12.6,5.8,53.614868289362825,0.7510284037317793,4.6,0.6,0.0,2.0,0.6,2.0,0.0,4.0,0.6666666666666666,0.3333333333333333,4.0,1.0,1.42628521546,0.82636378056,13.6,6.2,51.24387518320452,0.7537585178395995,4.8,1.0,0.0,4.0,0.2,0.0,0.0,5.0,0.6666666666666666,0.3333333333333333,6.0,1.0
3911790,2023-11-11,19107,3168,0,0,1.0,2.2,0.2,1.2,1.4,0.2,0,0,0.0,0.0,Away Win,0.6226729266,1.78878661054,8.0,2.2,40.28153959777525,0.6812164174288139,3.6,2.2,0.0,0.0,0.6,0.0,0.0,1.0,0.3333333333333333,0.0,8.0,1.0,0.918652629,1.47057999078,9.4,3.4,49.22002944289145,0.6705406223893382,5.6,2.8,0.0,1.0,0.6,0.0,1.0,0.0,0.3333333333333333,0.3333333333333333,5.0,1.0
3911787,2023-11-11,3164,19106,0,0,0.8,1.2,0.2,0.6,2.6,0.2,0,0,0.0,0.0,Home Win,0.8681517489000001,0.7784796789599999,12.0,4.2,48.16756239624719,0.7169676494028858,5.2,1.0,0.0,2.0,0.4,0.0,0.0,3.0,0.3333333333333333,0.3333333333333333,7.0,1.0,0.56190983294,2.50414009716,7.0,2.8,39.24605062676776,0.6662032026398654,1.8,2.2,0.0,1.0,0.2,0.0,1.0,0.0,0.0,0.3333333333333333,6.0,1.0
3913089,2023-11-12,967,971,0,0,0.6,1.8,0.2,3.0,0.8,0.8,0,3,2.5,3.452883559475,Away Win,1.3317366129,2.05911813,10.6,3.4,50.059839173716846,0.7960628998836393,4.0,1.6,0.0,1.0,0.4,0.0,0.0,1.0,0.3333333333333333,0.3,7.0,1.0,3.39749976266,1.0300150818,23.8,8.8,62.01507783442072,0.8323463227188211,7.0,0.8,0.0,2.0,0.6,3.0,0.0,14.0,0.84375,0.6206896551724138,8.0,1.0
3913088,2023-11-12,746,965,0,0,2.0,0.6,0.6,1.4,2.4,0.2,4,0,4.4,3.67614958632,Away Win,1.9607933208,1.21522780546,17.4,7.6,58.70916119086686,0.8028048123487164,5.8,2.0,0.2,3.0,0.4,0.0,1.0,0.0,0.78125,0.7096774193548387,7.0,1.0,1.2348499199999998,2.46331553556,10.6,4.2,43.276728299773794,0.7391687185589406,4.6,1.2,0.0,0.0,0.8,0.0,0.0,1.0,0.303030303030303,0.2068965517241379,7.0,1.0
3913087,2023-11-12,973,2647,0,0,1.4,3.2,0.2,0.8,3.2,0.0,0,1,4.0,2.4037256155,Away Win,0.9430753223999998,2.053656439,6.8,2.8,29.58533740841191,0.6250425685798734,2.0,1.8,0.0,0.0,0.8,1.0,0.0,1.0,0.1724137931034483,0.21875,7.0,1.0,0.8370570583200001,2.22024457288,9.4,3.4,46.19305810733685,0.7789275204804702,4.6,1.4,0.2,0.0,0.6,0.0,5.0,0.0,0.0714285714285714,0.1538461538461538,8.0,1.0
3913091,2023-11-12,2652,968,0,0,1.4,1.2,0.4,1.6,1.2,0.6,0,0,0.0,0.0,Away Win,1.1943292719000005,2.0820657718,11.6,4.2,49.92099794674157,0.7223887695802621,4.0,2.0,0.0,1.0,0.6,0.0,2.0,0.0,0.5,0.3333333333333333,7.0,1.0,1.9285666848,0.7297901749,19.8,4.8,58.23201545560814,0.7894600144501858,10.4,2.0,0.0,0.0,0.8,3.0,0.0,4.0,0.8064516129032258,0.7419354838709677,7.0,1.0
3911788,2023-11-12,1069,924,0,0,1.8,0.2,0.8,1.0,2.6,0.0,0,0,0.0,0.0,Home Win,2.0090543826,0.3017413457,14.8,6.8,62.0342031444328,0.8085749323547704,7.0,1.4,0.0,4.0,0.2,2.0,0.0,6.0,0.6666666666666666,0.6666666666666666,7.0,1.0,0.6859174970399999,1.96226049408,9.8,3.4,40.91564900203408,0.6673554926540429,3.8,2.2,0.0,0.0,0.8,0.0,0.0,1.0,0.0,0.0,9.0,1.0
3913092,2023-11-12,749,966,0,0,2.4,1.4,0.6,1.2,0.6,0.6,1,0,1.0,1.5758700033000002,Draw,1.7558591302000004,1.7139612529,18.0,8.6,53.0561005301504,0.8293141153273028,5.0,1.0,0.0,0.0,1.0,0.0,0.0,4.0,0.3157894736842105,0.3181818181818182,7.0,1.0,1.0081247836,0.98896415876,13.4,3.8,49.147835240223685,0.758818717105638,5.6,2.2,0.0,2.0,0.4,1.0,0.0,2.0,0.2777777777777778,0.25,7.0,1.0
3895139,2023-11-12,904,190,0,0,2.6,0.8,1.0,0.0,0.0,0.0,0,0,0.0,0.0,Home Win,1.679664747,1.0151726708000002,14.0,5.4,59.67338051369357,0.8832205589788517,5.8,2.2,0.0,2.0,0.6,6.0,0.0,11.0,0.6818181818181818,0.5454545454545454,8.0,2.0,0.0,0.0,0.0,0.0,0.0,0.0,0.0,0.0,0.0,0.0,0.0,0.0,0.0,0.0,0.0,0.0,0.0,0.0
3911785,2023-11-12,929,3165,0,0,2.0,1.2,0.6,1.4,2.0,0.4,0,0,0.0,0.0,Home Win,1.6638471848000005,1.13672622838,16.0,5.4,57.03579855913652,0.7384772397843349,4.8,1.8,0.0,2.0,0.6,0.0,1.0,0.0,0.6666666666666666,0.6666666666666666,7.0,1.0,1.17857262904,1.06397005924,15.6,3.6,56.15039747477839,0.7439356966873657,4.2,0.8,0.0,0.0,0.6,1.0,0.0,1.0,0.3333333333333333,0.3333333333333333,8.0,1.0
3913090,2023-11-12,1475,972,0,0,2.4,1.2,0.4,1.0,1.6,0.2,2,1,4.333333333333333,2.7115195166666664,Home Win,2.3531876668,0.8194669541999999,18.8,7.2,57.1789577099975,0.8137170463562342,5.4,1.8,0.0,1.0,0.8,0.0,0.0,8.0,0.65,0.5238095238095238,7.0,1.0,1.0503879817799997,1.6196416389,10.0,3.0,42.6248911027517,0.7530785925239293,3.0,1.6,0.0,1.0,0.4,0.0,1.0,0.0,0.1935483870967742,0.3333333333333333,7.0,1.0
3911789,2023-11-13,6602,3169,0,0,1.4,1.6,0.4,2.4,1.6,0.4,0,0,0.0,0.0,Away Win,1.09548248606,1.11614106746,10.4,3.6,48.01781418943422,0.6992629360373155,4.4,1.8,0.0,0.0,0.4,1.0,0.0,1.0,0.6666666666666666,0.3333333333333333,8.0,1.0,2.1772095797,1.4614314056000002,16.6,5.4,54.072212093935,0.7425269807700693,5.8,1.0,0.0,1.0,0.8,0.0,1.0,0.0,0.3333333333333333,0.6666666666666666,9.0,1.0
3911793,2023-11-17,3169,3164,0,0,2.2,1.6,0.4,1.4,0.6,0.4,0,0,0.0,0.0,Away Win,1.624215141,1.32553384514,15.6,4.2,57.24276033637678,0.769277300872502,6.2,0.8,0.0,1.0,0.8,1.0,0.0,1.0,0.3333333333333333,0.75,4.0,2.0,1.2411845882,0.7674830957600001,14.6,5.2,47.52665786340991,0.7204522311604225,5.2,1.6,0.0,3.0,0.2,1.0,0.0,4.0,0.5,0.3333333333333333,6.0,2.0
3911791,2023-11-18,929,924,0,0,2.0,0.8,0.6,0.6,2.6,0.0,0,0,0.0,0.0,Home Win,1.8251583138,0.93491019344,17.6,6.0,59.024364533146766,0.7443958289859293,6.6,1.6,0.0,3.0,0.4,1.0,0.0,1.0,0.75,0.6666666666666666,6.0,2.0,0.650581985,2.47500927508,8.6,2.8,39.799634626078856,0.6770646589897154,3.0,1.8,0.0,0.0,0.6,0.0,1.0,0.0,0.0,0.0,6.0,1.0
3913093,2023-11-18,971,966,0,0,3.2,0.6,0.8,1.2,0.8,0.4,2,0,2.333333333333333,2.7358626171666667,Home Win,3.17292790286,0.8666741278,22.4,8.0,64.04371617500286,0.8341004129951685,7.4,1.2,0.0,3.0,0.4,4.0,0.0,15.0,0.84375,0.6333333333333333,6.0,2.0,1.0226586560600002,0.77560679976,14.8,4.0,49.60594031116061,0.7586794779134696,6.6,1.8,0.0,1.0,0.6,0.0,0.0,3.0,0.2777777777777778,0.238095238095238,6.0,2.0
3911796,2023-11-18,19106,3170,0,0,0.6,2.4,0.2,2.2,0.8,0.6,0,0,0.0,0.0,Away Win,0.5445212084400001,2.43758492256,7.2,3.2,40.93905010319143,0.6736067462729172,2.2,2.4,0.0,1.0,0.2,0.0,2.0,0.0,0.0,0.25,7.0,2.0,2.23262316094,0.7103258697,13.4,5.8,55.14963094600195,0.7708841721954899,4.8,0.8,0.0,2.0,0.6,0.0,0.0,5.0,0.5,0.3333333333333333,8.0,2.0
3911795,2023-11-19,3168,1069,0,0,2.0,0.8,0.4,1.8,0.2,0.8,0,0,0.0,0.0,Away Win,1.1725951744,0.84793523558,9.6,3.8,49.69468382077164,0.6834511063385187,3.6,2.2,0.0,2.0,0.4,1.0,0.0,1.0,0.3333333333333333,0.5,8.0,2.0,2.3811650156,0.2616897911,16.2,6.2,62.713456470586586,0.8175214361080124,6.4,1.2,0.0,4.0,0.2,3.0,0.0,7.0,0.75,0.6666666666666666,7.0,2.0
3913096,2023-11-19,972,2647,0,0,1.0,2.2,0.2,1.0,2.8,0.2,0,0,0.0,2.36387842735,Away Win,1.16543541984,1.5960612475000002,10.2,3.2,43.68677525877876,0.7579168684104038,3.4,2.0,0.0,1.0,0.4,0.0,2.0,0.0,0.1935483870967742,0.3225806451612903,7.0,2.0,0.99438441972,1.93252967388,11.4,4.0,51.08692045359986,0.7987661294992072,4.6,1.0,0.0,1.0,0.4,1.0,0.0,1.0,0.0714285714285714,0.2142857142857142,7.0,1.0
3913097,2023-11-19,965,968,0,0,1.2,2.2,0.2,2.8,1.4,0.8,0,6,4.0,2.568485560916667,Away Win,1.1027120737999998,2.9194901108600004,9.2,4.0,40.44396945771116,0.7286884107623385,4.4,0.8,0.0,1.0,0.6,1.0,0.0,2.0,0.303030303030303,0.2333333333333333,7.0,2.0,2.4689401520000005,0.7399890093,20.8,6.4,57.53984646019866,0.7889998389647779,7.8,2.0,0.0,0.0,1.0,4.0,0.0,5.0,0.8064516129032258,0.75,7.0,2.0
3913094,2023-11-19,967,973,0,0,0.4,2.0,0.2,1.0,2.8,0.2,3,2,2.6,2.65665336698,Draw,1.3000666226,1.9481386976,9.2,3.6,46.736914664107175,0.783079109820806,4.0,1.6,0.0,1.0,0.2,0.0,1.0,0.0,0.3225806451612903,0.3,7.0,2.0,0.7802855078,1.9340750744,6.4,2.6,29.028771509225145,0.6442695450847611,1.6,2.0,0.0,0.0,0.6,0.0,1.0,0.0,0.1666666666666666,0.21875,7.0,2.0
3913098,2023-11-19,1475,746,0,0,3.0,1.0,0.4,1.6,0.8,0.4,0,2,2.6666666666666665,2.2898929463000006,Away Win,2.4633869598,0.8742293726,17.4,7.4,58.47212205485228,0.8240628160138794,4.4,1.2,0.0,2.0,0.6,1.0,0.0,9.0,0.6666666666666666,0.5238095238095238,7.0,2.0,2.1581034194,1.35822788272,20.8,8.4,58.113622572269584,0.7969526640439517,7.4,1.8,0.0,2.0,0.4,0.0,2.0,0.0,0.7575757575757576,0.7096774193548387,7.0,2.0
3913095,2023-11-19,2652,749,0,0,1.0,2.0,0.2,2.4,1.2,0.6,0,0,0.0,0.0,Draw,0.9699937047,2.7787676248000004,9.4,3.0,45.91201145588392,0.7231034903924448,3.6,2.0,0.0,1.0,0.6,0.0,3.0,0.0,0.3333333333333333,0.3333333333333333,7.0,2.0,1.5673189012000002,1.44242411856,17.8,7.2,55.32938962720999,0.8348677181392535,5.2,0.8,0.0,0.0,1.0,0.0,0.0,5.0,0.3,0.3181818181818182,7.0,2.0
3911794,2023-11-19,3166,19107,0,0,1.6,0.8,0.4,0.4,2.8,0.0,0,0,0.0,0.0,Draw,0.90825663146,1.01385675366,10.8,4.8,47.350393868875386,0.731921789836265,3.0,1.2,0.0,3.0,0.4,0.0,0.0,6.0,0.6666666666666666,0.25,9.0,1.0,0.7247747179999999,2.15223387884,8.4,1.2,40.49515602468007,0.6788600596477294,3.8,2.0,0.0,0.0,0.4,0.0,1.0,0.0,0.25,0.0,8.0,1.0
3911792,2023-11-20,3165,6602,0,0,1.0,2.4,0.4,1.6,1.6,0.4,0,0,0.0,0.0,Draw,1.04755090498,1.6220309916000002,14.0,3.0,50.14128799130419,0.6973878175512841,4.0,1.2,0.0,0.0,0.4,0.0,1.0,0.0,0.3333333333333333,0.25,8.0,1.0,1.2127985298,1.01683151916,12.0,3.8,49.922923415576456,0.7121752982436445,5.0,1.0,0.0,0.0,0.6,0.0,1.0,0.0,0.5,0.3333333333333333,7.0,1.0
3895153,2023-11-25,176,904,0,0,2.0,2.0,0.5,2.8,0.8,1.0,1,1,4.0,2.07123031265,Away Win,1.13418962975,0.9370406829,10.0,2.0,36.72937925170068,0.5787930808052382,4.0,1.0,0.0,0.0,0.5,1.0,0.0,1.0,0.0,1.0,2824.0,0.0,1.8975754486,0.9358998666,16.4,6.8,62.34776711567601,0.8928351466290796,7.6,2.0,0.0,2.0,0.6,7.0,0.0,12.0,0.6956521739130435,0.5454545454545454,13.0,1.0
3913104,2023-11-26,973,1475,0,0,1.2,2.6,0.2,2.8,1.2,0.4,1,2,3.0,2.9102476534999995,Away Win,0.51410535758,1.9368507894,5.8,3.0,31.00941399829162,0.6596167816461211,2.4,1.6,0.0,0.0,0.6,0.0,0.0,1.0,0.1666666666666666,0.2121212121212121,7.0,2.0,2.5075716799200003,0.944719005,18.6,7.6,58.12424578039586,0.8192396758272814,4.4,1.2,0.0,2.0,0.6,0.0,1.0,0.0,0.6363636363636364,0.5238095238095238,7.0,2.0
3913102,2023-11-26,746,749,0,0,2.0,0.8,0.6,2.0,1.2,0.4,3,0,4.333333333333333,4.0491275778,Home Win,2.346466233,1.22610990584,22.6,9.0,60.79929688985319,0.8178107320417929,8.4,1.2,0.0,2.0,0.4,1.0,0.0,1.0,0.7575757575757576,0.71875,7.0,2.0,1.6484353132000005,1.2484747016599995,18.2,8.0,53.99515571005692,0.8258100536044898,7.4,0.8,0.0,0.0,1.0,0.0,0.0,6.0,0.3,0.3043478260869565,7.0,2.0
3913103,2023-11-26,971,2652,0,0,4.0,0.6,1.0,1.0,2.2,0.0,0,0,0.0,0.0,Home Win,3.32131664686,0.8845685259999998,22.2,9.2,62.80886704226612,0.8402146543801106,7.4,0.8,0.0,3.0,0.4,5.0,0.0,16.0,0.8484848484848485,0.6333333333333333,8.0,2.0,0.8149042345000002,2.5925294730000004,8.8,3.0,44.15205779452181,0.7155839452609595,3.6,1.8,0.0,0.0,0.8,0.0,0.0,1.0,0.25,0.3333333333333333,7.0,2.0
3913100,2023-11-26,2647,967,0,0,1.6,2.8,0.4,0.8,2.2,0.2,0,2,5.0,3.5178862840000003,Away Win,1.0011516740600002,2.0913600649400004,11.0,4.4,50.65444845635349,0.7877143040128576,4.4,1.6,0.0,1.0,0.6,2.0,0.0,2.0,0.0714285714285714,0.2666666666666666,7.0,2.0,1.0354877738,1.72081849408,9.0,3.6,47.85045975355588,0.7934003074993347,3.4,1.4,0.0,1.0,0.4,0.0,0.0,1.0,0.3125,0.3,7.0,2.0
3913099,2023-11-26,966,965,0,0,1.0,1.8,0.2,1.2,2.4,0.2,1,2,1.3333333333333333,2.028043173466667,Home Win,1.04476430266,1.1650593985,14.8,3.8,49.280587580665205,0.7432068631615192,6.2,1.6,0.0,0.0,0.8,0.0,1.0,0.0,0.2777777777777778,0.2272727272727272,8.0,2.0,0.9874518742,3.08025239966,7.8,3.8,38.99045975733932,0.7168620642169781,3.8,0.8,0.0,1.0,0.6,0.0,1.0,0.0,0.2941176470588235,0.2333333333333333,7.0,2.0
3913101,2023-11-26,968,972,0,0,3.0,1.0,1.0,1.0,2.8,0.0,5,0,5.6,3.82833157426,Home Win,2.6733560188000003,0.5610314321,21.8,6.4,59.53131721520138,0.7976381529476149,7.6,1.8,0.0,1.0,0.8,5.0,0.0,6.0,0.8064516129032258,0.7575757575757576,7.0,2.0,1.1585278033,1.6017647217,10.2,3.2,42.803690021499214,0.7399008272481762,4.2,1.6,0.0,0.0,0.6,0.0,3.0,0.0,0.1875,0.3225806451612903,7.0,2.0
3895158,2023-12-03,904,180,0,0,2.8,0.8,1.0,1.6666666666666667,0.6666666666666666,0.6666666666666666,0,2,2.0,3.10518816245,Draw,1.52735359252,0.7349962888,14.6,5.6,61.34369128671068,0.8842217419825811,6.6,1.6,0.0,2.0,0.6,8.0,0.0,13.0,0.6956521739130435,0.5652173913043478,8.0,1.0,2.106487559666667,1.4946774583,13.666666666666666,6.333333333333333,48.79843705124285,0.7241673601858022,3.333333333333333,1.0,0.0,2.0,0.3333333333333333,2.0,0.0,2.0,0.5,1.0,2842.0,0.0
3911801,2023-12-08,19107,19106,0,0,0.4,2.4,0.0,0.6,2.6,0.2,0,0,0.0,0.0,Draw,0.7338705562000001,1.8237727118,8.8,1.6,40.203693288944365,0.6576454947944324,3.6,1.6,0.0,0.0,0.4,0.0,0.0,1.0,0.25,0.0,19.0,0.0,0.60028096676,2.65426679144,9.0,3.2,41.390476806211154,0.6644863295227669,2.4,2.6,0.0,1.0,0.2,0.0,3.0,0.0,0.0,0.25,20.0,0.0
3911797,2023-12-09,3164,3165,0,0,2.0,0.2,0.6,1.2,2.8,0.2,0,0,0.0,0.0,Away Win,1.51626244412,0.5267092169600001,16.2,5.6,47.09430896878318,0.7166450990659974,6.2,1.6,0.0,4.0,0.2,2.0,0.0,5.0,0.5,0.5,22.0,0.0,1.2796581273,1.7022170622,14.0,3.2,50.98091049126668,0.7012406685967364,4.2,1.0,0.0,0.0,0.4,0.0,0.0,1.0,0.25,0.25,19.0,0.0
3913107,2023-12-09,746,2647,0,0,2.4,0.8,0.6,1.6,2.8,0.4,2,0,4.5,4.048647777,Home Win,2.3196267324,1.3459476446400005,21.6,8.6,56.09516864489798,0.8113583922781681,7.6,1.6,0.0,2.0,0.4,2.0,0.0,2.0,0.7647058823529411,0.71875,13.0,1.0,1.17397022816,1.95295511886,12.8,5.4,56.09456825796641,0.8097572437320977,4.6,1.2,0.0,1.0,0.6,0.0,1.0,0.0,0.0666666666666666,0.2666666666666666,13.0,1.0
3911798,2023-12-09,6602,929,0,0,1.4,2.0,0.2,2.2,0.8,0.6,0,0,0.0,0.0,Away Win,1.0937154576,1.18480966176,12.0,3.8,46.38341005833699,0.6976020786957198,5.2,1.2,0.0,0.0,0.6,0.0,0.0,1.0,0.5,0.25,19.0,0.0,2.0495156724,0.93101781346,19.0,6.4,60.58975538367078,0.7548901175578091,5.8,1.8,0.0,3.0,0.4,2.0,0.0,2.0,0.8,0.6666666666666666,21.0,0.0
3895167,2023-12-10,174,904,0,0,1.5,3.0,0.0,2.6,0.8,0.8,0,2,4.5,3.8912500015,Draw,1.34605789,2.5451921115000005,12.5,5.5,46.62920504605526,0.6445576111536475,2.5,3.5,0.0,0.0,0.5,0.0,2.0,0.0,0.0,0.0,2821.0,0.0,1.56376456732,0.65687250072,16.8,5.4,63.37743242816278,0.8780899700910576,9.2,1.2,0.0,2.0,0.6,0.0,0.0,14.0,0.6666666666666666,0.5652173913043478,7.0,1.0
3913110,2023-12-10,972,967,0,0,1.0,3.0,0.0,1.0,2.4,0.2,1,2,2.0,2.69204491905,Away Win,1.1883980104599998,1.4103792408,10.2,3.4,45.35766840948244,0.7509183131576279,4.2,1.6,0.0,0.0,0.6,0.0,4.0,0.0,0.1875,0.3125,14.0,1.0,1.1899207906,1.6914722916799998,8.6,4.2,46.079115426241415,0.7872359239376908,3.6,1.4,0.0,0.0,0.6,1.0,0.0,2.0,0.3125,0.3225806451612903,14.0,1.0
3913106,2023-12-10,965,2652,0,0,1.0,2.6,0.2,1.2,3.0,0.0,0,0,0.0,0.0,Draw,0.9497901044,3.32397783206,7.8,3.4,38.61594757309071,0.696711601355381,4.4,0.8,0.0,1.0,0.4,0.0,2.0,0.0,0.2941176470588235,0.2258064516129032,14.0,1.0,0.9961848982,2.5462242188,10.2,3.8,44.95799786903511,0.7201049176651435,3.6,1.4,0.0,0.0,0.8,0.0,1.0,0.0,0.25,0.25,14.0,1.0
3913108,2023-12-10,966,973,0,0,1.8,1.6,0.4,1.2,2.0,0.2,2,1,3.25,2.30770745655,Draw,1.3747091044600002,1.1684327391,15.0,5.0,50.15004753281286,0.7405528722722343,6.2,1.6,0.0,1.0,0.8,1.0,0.0,1.0,0.3157894736842105,0.2272727272727272,14.0,1.0,0.59338459718,1.7806983384,6.6,3.6,32.8018316291654,0.6486829188500098,2.4,1.8,0.0,0.0,0.6,0.0,1.0,0.0,0.1612903225806451,0.2121212121212121,14.0,1.0
3913109,2023-12-10,749,1475,0,0,1.4,2.4,0.2,3.0,1.0,0.6,0,4,3.0,2.725648011725,Away Win,1.442067418,1.6603816346599998,15.6,7.8,51.75265124167453,0.8265126297169019,6.8,1.0,0.0,0.0,0.8,0.0,1.0,0.0,0.3,0.2916666666666667,14.0,1.0,2.42013163232,0.9724530634,19.4,7.6,59.70656886872339,0.8243260156557488,5.0,1.0,0.0,3.0,0.4,1.0,0.0,1.0,0.6363636363636364,0.5454545454545454,14.0,1.0
3911802,2023-12-10,3170,3169,0,0,2.0,0.6,0.6,1.8,1.8,0.4,0,0,0.0,0.0,Home Win,2.1343378983800005,0.6362516337999999,15.0,6.4,55.28124953503179,0.775402951538213,5.6,1.0,0.0,3.0,0.4,1.0,0.0,6.0,0.5,0.5,22.0,0.0,1.5037260197999998,1.31950665446,13.0,4.0,58.28408408237003,0.7725105366077016,5.6,0.8,0.0,1.0,0.6,0.0,1.0,0.0,0.25,0.75,23.0,0.0
3911799,2023-12-10,924,3168,0,0,0.4,2.2,0.0,1.8,0.8,0.4,0,0,0.0,0.0,Away Win,0.4998595573999999,2.48558392228,7.4,2.0,37.3955972440484,0.6763561402881171,1.8,1.8,0.0,0.0,0.4,0.0,2.0,0.0,0.0,0.0,22.0,0.0,0.9308574798,0.9907561497,7.0,3.0,48.78682852339877,0.7008235394014815,3.2,2.4,0.0,2.0,0.2,0.0,1.0,0.0,0.25,0.5,21.0,0.0
3913105,2023-12-10,968,971,0,0,3.2,0.8,1.0,4.6,1.0,1.0,1,4,3.5,2.4385098563333334,Home Win,2.53909540002,0.707465671,18.8,6.8,58.08870675356357,0.7937499040996885,7.6,1.8,0.0,2.0,0.6,6.0,0.0,7.0,0.8125,0.7575757575757576,14.0,1.0,3.33611770826,0.9630088310599998,21.6,9.0,60.299727793346186,0.8220555550566276,7.0,0.6,0.0,2.0,0.6,6.0,0.0,17.0,0.8529411764705882,0.6333333333333333,14.0,1.0
3911800,2023-12-11,1069,3166,0,0,1.8,0.2,0.8,1.4,0.6,0.4,0,0,0.0,0.0,Home Win,2.1900373836,0.2286564603,15.0,6.0,60.72490637775225,0.8021454990725202,6.8,0.8,0.0,4.0,0.2,4.0,0.0,8.0,0.75,0.75,22.0,0.0,0.80784834446,0.85642182966,10.4,4.2,52.88477924018563,0.7464767216726724,3.8,1.4,0.0,3.0,0.4,0.0,0.0,7.0,0.5,0.25,22.0,0.0
3913800,2023-12-15,3166,924,0,0,0.8,1.2,0.2,0.4,2.4,0.0,0,0,0.0,0.0,Home Win,0.67618439638,0.96151498016,9.6,3.6,50.470918406757534,0.7445242282017112,3.4,1.4,0.0,2.0,0.4,0.0,1.0,0.0,0.5,0.2,4.0,1.0,0.5421445409,2.56442915538,6.8,1.4,37.15701245197651,0.666186411136237,1.4,1.4,0.0,0.0,0.4,0.0,3.0,0.0,0.0,0.0,5.0,1.0
3912184,2023-12-16,3165,3170,0,0,1.4,2.2,0.4,2.6,0.8,0.8,0,0,0.0,0.0,Away Win,1.454776633,1.7051482126,14.4,3.2,51.155441842268615,0.6986706647609099,4.4,1.6,0.0,1.0,0.4,1.0,0.0,2.0,0.25,0.4,7.0,1.0,2.6713168914800005,0.6298896826,18.4,7.8,59.05887084696575,0.7816487789990838,5.6,1.2,0.0,2.0,0.6,2.0,0.0,7.0,0.6,0.5,6.0,1.0
3912185,2023-12-16,6602,3164,0,0,1.6,2.2,0.2,1.8,0.4,0.4,0,0,0.0,0.0,Away Win,1.352787098,1.3323641079600002,13.8,4.4,43.7836788755413,0.6890411745385763,5.0,1.0,0.0,0.0,0.8,0.0,1.0,0.0,0.4,0.25,7.0,1.0,1.4824951723200002,0.7062335566600002,16.0,5.0,43.99874236887713,0.6908552171389097,5.8,1.8,0.0,3.0,0.2,0.0,1.0,0.0,0.4,0.5,7.0,1.0
3913113,2023-12-16,749,968,0,0,0.6,2.8,0.0,3.6,0.8,1.0,0,3,4.0,3.0974553978666663,Home Win,1.3527438314,1.56448729206,13.8,6.6,49.36153165789439,0.7982785966822594,6.0,1.0,0.0,0.0,0.6,0.0,2.0,0.0,0.2857142857142857,0.2916666666666667,6.0,1.0,2.6345873456200004,0.8635931428000001,16.2,6.2,52.0809619628573,0.7673371930993487,5.4,2.4,0.0,2.0,0.6,7.0,0.0,8.0,0.8181818181818182,0.7575757575757576,6.0,1.0
3895180,2023-12-17,904,184,0,0,2.4,0.8,0.6,0.5,3.0,0.0,2,0,3.5,2.535309174,Home Win,1.5851720394000002,0.98392557464,17.0,6.0,59.0889623287415,0.8686041544882206,8.6,1.4,0.0,2.0,0.6,0.0,0.0,15.0,0.6666666666666666,0.5416666666666666,7.0,2.0,0.958835668,1.576473506,9.5,3.5,40.56300549241679,0.6519373164815524,2.5,2.5,0.0,0.0,0.5,0.0,2.0,0.0,0.0,0.0,2801.0,0.0
3912187,2023-12-17,19106,1069,0,0,0.6,2.0,0.2,2.4,0.2,1.0,0,0,0.0,0.0,Draw,0.79917705476,2.17021001354,9.6,3.6,42.882144396063495,0.646748208164372,2.8,3.2,0.0,2.0,0.2,0.0,0.0,1.0,0.0,0.2,9.0,1.0,2.2187328295999995,0.25120889512,14.0,6.0,62.17190298136027,0.8120095532573289,6.6,0.8,0.0,4.0,0.2,5.0,0.0,9.0,0.8,0.75,6.0,1.0
3913112,2023-12-17,973,971,0,0,1.2,1.8,0.2,4.0,1.4,0.8,0,5,5.166666666666667,3.86956537465,Away Win,0.77831241978,1.5177577294,8.4,4.0,36.44443706659285,0.66068586435811,3.4,1.8,0.0,0.0,0.6,0.0,0.0,1.0,0.1612903225806451,0.2058823529411764,7.0,1.0,2.5266519728000003,1.22682227006,18.0,7.8,57.71131105401744,0.8110731503645455,5.8,0.8,0.0,2.0,0.6,0.0,1.0,0.0,0.8529411764705882,0.6129032258064516,7.0,1.0
3913111,2023-12-17,1475,966,0,0,2.8,1.0,0.6,1.8,1.6,0.4,1,0,2.0,3.729798531,Away Win,2.1089095713200003,1.0333995816,18.0,6.6,62.49655395481731,0.8282081636963874,5.0,0.8,0.0,3.0,0.4,2.0,0.0,2.0,0.6363636363636364,0.5652173913043478,7.0,1.0,1.3630108822600002,1.1651678448999998,14.4,5.0,50.5348885466602,0.7396219948707687,6.2,2.0,0.0,1.0,0.8,0.0,0.0,2.0,0.3,0.2272727272727272,7.0,1.0
3913114,2023-12-17,2652,972,0,0,1.6,3.2,0.0,0.8,3.0,0.0,0,0,0.0,0.0,Draw,0.9454881204,2.4157472962,10.2,3.2,47.929522611834855,0.7417907135409226,3.0,1.6,0.0,0.0,1.0,0.0,0.0,1.0,0.25,0.2,7.0,1.0,1.31914979686,1.4055542312,11.2,3.8,47.6840242654852,0.7602841626819623,4.0,1.6,0.0,0.0,0.4,0.0,5.0,0.0,0.1818181818181818,0.3125,7.0,1.0
3913116,2023-12-17,967,746,0,0,1.2,1.4,0.4,2.6,1.0,0.6,0,6,2.833333333333333,2.66930413205,Away Win,1.2559087381999998,1.44224983708,9.0,4.2,45.3178949792942,0.7730917834228457,3.2,1.4,0.0,1.0,0.6,2.0,0.0,3.0,0.3125,0.34375,7.0,1.0,2.2206236428,1.16319404004,22.0,8.2,57.31763355916074,0.830164404064617,7.6,1.4,0.0,1.0,0.6,3.0,0.0,3.0,0.7714285714285715,0.71875,8.0,1.0
3913115,2023-12-17,2647,965,0,0,1.4,2.4,0.4,1.0,2.2,0.2,1,1,2.0,2.1374237296,Home Win,0.89277579896,2.08173449246,11.4,4.6,54.48198365946632,0.8047454928507818,4.4,1.4,0.0,1.0,0.6,0.0,2.0,0.0,0.0666666666666666,0.25,8.0,1.0,1.0436318992,2.5620862618,9.8,4.0,38.63925668191918,0.679499166664417,5.0,1.2,0.0,1.0,0.4,0.0,0.0,1.0,0.2857142857142857,0.2258064516129032,7.0,1.0
3912183,2023-12-17,3169,19107,0,0,1.4,2.4,0.2,0.4,2.0,0.0,0,0,0.0,0.0,Home Win,1.0208897959,1.88308243546,9.6,2.6,54.13450939328212,0.7501318626500804,4.2,0.8,0.0,0.0,0.8,0.0,2.0,0.0,0.25,0.6,7.0,1.0,0.6666497382800001,1.6945005044,9.4,1.4,42.66860505096252,0.65494286256362,4.4,2.0,0.0,1.0,0.4,0.0,0.0,2.0,0.2,0.0,9.0,1.0
3912186,2023-12-18,929,3168,0,0,2.6,1.0,0.6,1.6,0.8,0.4,0,0,0.0,0.0,Home Win,2.121254399,1.00722731334,19.0,6.4,61.44617537102056,0.7697285943103912,5.4,2.0,0.0,2.0,0.6,3.0,0.0,3.0,0.8,0.75,9.0,1.0,0.9748617301,1.0754614225,6.8,3.0,51.07199801492419,0.7243397291833903,3.8,2.6,0.0,2.0,0.2,1.0,0.0,1.0,0.25,0.6,8.0,1.0
3895182,2023-12-20,904,868,0,0,2.4,0.4,0.6,0.0,0.0,0.0,0,0,0.0,0.0,Home Win,1.8809248948,0.72420602644,17.8,6.2,60.902236383997135,0.8701476473667584,9.0,1.2,0.0,3.0,0.4,1.0,0.0,16.0,0.68,0.5416666666666666,3.0,2.0,0.0,0.0,0.0,0.0,0.0,0.0,0.0,0.0,0.0,0.0,0.0,0.0,0.0,0.0,0.0,0.0,0.0,0.0
3895194,2024-01-13,172,904,0,0,2.0,2.0,0.0,2.4,0.4,0.6,0,0,4.0,2.6326457967500003,Away Win,0.5721481785,2.0604976182500003,6.0,2.5,39.48696310091957,0.6564598997493734,0.5,2.5,0.5,0.0,1.0,0.0,0.0,2.0,0.0,0.0,2870.0,0.0,2.1844422568,0.77396023064,17.4,5.8,61.124275288034255,0.8615444600090513,7.8,1.2,0.0,3.0,0.4,2.0,0.0,17.0,0.6923076923076923,0.5416666666666666,24.0,0.0
3920384,2024-01-13,3374,4894,0,0,0.0,0.0,0.0,0.0,0.0,0.0,0,0,0.0,0.0,Home Win,0.0,0.0,0.0,0.0,0.0,0.0,0.0,0.0,0.0,0.0,0.0,0.0,0.0,0.0,0.0,0.0,0.0,0.0,0.0,0.0,0.0,0.0,0.0,0.0,0.0,0.0,0.0,0.0,0.0,0.0,0.0,0.0,0.0,0.0,0.0,0.0
3920387,2024-01-14,4885,4924,0,0,1.6666666666666667,2.333333333333333,0.3333333333333333,0.0,0.0,0.0,0,0,0.0,0.0,Away Win,1.1177510929,1.7004082195333332,8.333333333333334,3.333333333333333,41.88405438405439,0.7902987202359132,4.333333333333333,2.6666666666666665,0.0,0.0,0.6666666666666666,0.0,1.0,0.0,0.0,0.5,408.0,0.0,0.0,0.0,0.0,0.0,0.0,0.0,0.0,0.0,0.0,0.0,0.0,0.0,0.0,0.0,0.0,0.0,0.0,0.0
3920385,2024-01-14,774,4978,0,0,0.6666666666666666,2.0,0.0,0.0,0.0,0.0,0,0,0.0,0.0,Draw,0.995244216,1.8225949553333336,10.333333333333334,2.0,43.27830553733113,0.7492418938164546,1.6666666666666667,1.3333333333333333,0.0,0.0,0.6666666666666666,0.0,3.0,0.0,0.0,0.0,2029.0,0.0,0.0,0.0,0.0,0.0,0.0,0.0,0.0,0.0,0.0,0.0,0.0,0.0,0.0,0.0,0.0,0.0,0.0,0.0
3920386,2024-01-14,775,4992,0,0,1.0,1.3333333333333333,0.3333333333333333,0.0,0.0,0.0,0,0,0.0,0.0,Draw,1.1266087015666668,1.3657294866666667,13.0,3.0,47.28553935690894,0.7278268282738427,4.333333333333333,1.3333333333333333,0.0,1.0,0.3333333333333333,0.0,1.0,0.0,0.5,0.0,2028.0,0.0,0.0,0.0,0.0,0.0,0.0,0.0,0.0,0.0,0.0,0.0,0.0,0.0,0.0,0.0,0.0,0.0,0.0,0.0
3920389,2024-01-15,2722,4892,0,0,1.3333333333333333,1.3333333333333333,0.3333333333333333,0.0,0.0,0.0,0,0,0.0,0.0,Draw,1.022247816733333,1.8476102276666664,9.333333333333334,5.333333333333333,42.54974963022354,0.7623376291483731,4.0,2.333333333333333,0.0,1.0,0.3333333333333333,1.0,0.0,2.0,0.5,0.0,409.0,0.0,0.0,0.0,0.0,0.0,0.0,0.0,0.0,0.0,0.0,0.0,0.0,0.0,0.0,0.0,0.0,0.0,0.0,0.0
3920390,2024-01-15,4898,4901,0,0,0.0,0.0,0.0,0.0,0.0,0.0,0,0,0.0,0.0,Draw,0.0,0.0,0.0,0.0,0.0,0.0,0.0,0.0,0.0,0.0,0.0,0.0,0.0,0.0,0.0,0.0,0.0,0.0,0.0,0.0,0.0,0.0,0.0,0.0,0.0,0.0,0.0,0.0,0.0,0.0,0.0,0.0,0.0,0.0,0.0,0.0
3920388,2024-01-15,787,4934,0,0,1.0,1.6,0.4,0.0,0.0,0.0,0,0,0.0,0.0,Home Win,0.9271187091,0.8781036181999999,11.4,3.0,44.457738827946535,0.7669151415207257,4.4,1.6,0.0,0.0,0.4,0.0,1.0,0.0,0.0,0.6,407.0,0.0,0.0,0.0,0.0,0.0,0.0,0.0,0.0,0.0,0.0,0.0,0.0,0.0,0.0,0.0,0.0,0.0,0.0,0.0
3920393,2024-01-16,777,4980,0,0,1.0,1.4,0.4,0.0,0.0,0.0,0,0,0.0,0.0,Away Win,1.2902171071200002,1.68596073844,12.8,3.8,50.13989520259884,0.7806073565131957,5.8,1.8,0.0,2.0,0.4,1.0,0.0,1.0,0.3333333333333333,0.3333333333333333,412.0,0.0,0.0,0.0,0.0,0.0,0.0,0.0,0.0,0.0,0.0,0.0,0.0,0.0,0.0,0.0,0.0,0.0,0.0,0.0
3920391,2024-01-16,4930,4976,0,0,0.0,0.0,0.0,0.0,0.0,0.0,0,0,0.0,0.0,Home Win,0.0,0.0,0.0,0.0,0.0,0.0,0.0,0.0,0.0,0.0,0.0,0.0,0.0,0.0,0.0,0.0,0.0,0.0,0.0,0.0,0.0,0.0,0.0,0.0,0.0,0.0,0.0,0.0,0.0,0.0,0.0,0.0,0.0,0.0,0.0,0.0
3920392,2024-01-16,4921,4932,0,0,0.0,0.0,0.0,0.0,0.0,0.0,0,0,0.0,0.0,Home Win,0.0,0.0,0.0,0.0,0.0,0.0,0.0,0.0,0.0,0.0,0.0,0.0,0.0,0.0,0.0,0.0,0.0,0.0,0.0,0.0,0.0,0.0,0.0,0.0,0.0,0.0,0.0,0.0,0.0,0.0,0.0,0.0,0.0,0.0,0.0,0.0
3920395,2024-01-17,4881,4963,0,0,0.0,0.0,0.0,0.0,0.0,0.0,0,0,0.0,0.0,Draw,0.0,0.0,0.0,0.0,0.0,0.0,0.0,0.0,0.0,0.0,0.0,0.0,0.0,0.0,0.0,0.0,0.0,0.0,0.0,0.0,0.0,0.0,0.0,0.0,0.0,0.0,0.0,0.0,0.0,0.0,0.0,0.0,0.0,0.0,0.0,0.0
3920394,2024-01-17,788,4953,0,0,0.8,1.0,0.4,0.0,0.0,0.0,0,0,0.0,0.0,Home Win,1.4649244832,1.50738954164,9.6,2.8,40.52781004849653,0.7829301756030647,2.2,1.2,0.0,2.0,0.4,0.0,2.0,0.0,0.25,0.3333333333333333,396.0,0.0,0.0,0.0,0.0,0.0,0.0,0.0,0.0,0.0,0.0,0.0,0.0,0.0,0.0,0.0,0.0,0.0,0.0,0.0
3920398,2024-01-18,3374,775,0,0,2.0,0.0,1.0,1.0,1.25,0.25,0,0,0.0,0.0,Away Win,0.706896166,0.5296147163,10.0,3.0,60.28225806451613,0.8645484949832776,6.0,2.0,0.0,1.0,0.0,1.0,0.0,1.0,1.0,0.0,5.0,1.0,1.51676937055,1.10731836725,14.5,3.75,48.2158323700307,0.7366595948895925,3.75,1.25,0.0,1.0,0.5,0.0,0.0,1.0,0.3333333333333333,0.0,4.0,1.0
3920396,2024-01-18,774,4885,0,0,1.0,2.0,0.0,1.5,2.25,0.25,0,0,0.0,0.0,Draw,1.2287331106,1.54899584175,13.25,2.75,47.76538195965115,0.7792489076288944,3.0,1.25,0.0,0.0,0.75,0.0,0.0,1.0,0.0,0.0,4.0,1.0,1.197799055175,1.9553597009,9.0,2.75,43.43047540821513,0.7896152318867795,3.75,2.75,0.0,0.0,0.75,0.0,2.0,0.0,0.0,0.5,4.0,1.0
3920397,2024-01-18,4992,4894,0,0,1.0,1.0,0.0,0.0,2.0,0.0,0,0,0.0,0.0,Home Win,0.332085009,2.6872513775,8.0,1.0,48.99328859060403,0.7534246575342466,3.0,2.0,0.0,0.0,1.0,0.0,0.0,1.0,0.0,0.0,4.0,1.0,0.5296147163,0.706896166,10.0,3.0,39.71774193548387,0.8324873096446701,2.0,1.0,0.0,0.0,0.0,0.0,1.0,0.0,0.0,0.0,5.0,1.0
3920399,2024-01-19,4924,4978,0,0,2.0,1.0,1.0,2.0,2.0,0.0,0,0,0.0,0.0,Home Win,2.720214145,1.437942942,15.0,5.0,51.93026151930261,0.8177458033573142,5.0,3.0,0.0,0.0,1.0,1.0,0.0,1.0,0.0,1.0,5.0,1.0,0.728198501,1.9291997944,6.0,2.0,38.77338877338877,0.8284182305630027,2.0,3.0,0.0,0.0,1.0,0.0,0.0,1.0,0.0,0.0,5.0,1.0
3920400,2024-01-19,787,2722,0,0,1.6,1.4,0.6,1.25,1.25,0.25,0,0,0.0,0.0,Home Win,1.1990759343,1.0228103358,12.8,3.6,49.619502905989485,0.7966227870820298,5.4,1.8,0.0,1.0,0.4,1.0,0.0,1.0,0.3333333333333333,0.6,4.0,1.0,0.9864792625499998,1.5632625906,10.25,4.5,49.118789955461175,0.7776355748024564,4.25,2.25,0.0,1.0,0.5,0.0,0.0,3.0,0.3333333333333333,0.0,4.0,1.0
3913119,2024-01-19,2652,2647,0,0,1.6,3.0,0.0,1.6,1.2,0.6,0,0,0.0,0.0,Away Win,1.2258247909000002,2.4908791766,12.2,3.4,50.23823299511995,0.7568492295685875,3.2,1.8,0.0,0.0,1.0,0.0,0.0,2.0,0.2,0.2,33.0,0.0,1.2531280444,1.12389215146,14.4,5.6,57.45712420632579,0.8124589623621821,4.8,1.6,0.0,2.0,0.6,1.0,0.0,1.0,0.125,0.25,33.0,0.0
3920401,2024-01-19,4892,4934,0,0,1.0,1.0,0.0,0.0,3.0,0.0,0,0,0.0,0.0,Home Win,0.7102196794,0.8791735999999998,6.0,2.0,31.17408906882591,0.6320346320346321,0.0,1.0,1.0,0.0,1.0,0.0,0.0,1.0,0.0,0.0,4.0,1.0,1.008395458,1.7206512,12.0,2.0,32.88135593220339,0.7491408934707904,4.0,0.0,1.0,0.0,0.0,0.0,1.0,0.0,0.0,0.0,4.0,1.0
3913117,2024-01-20,968,967,0,0,3.2,0.8,0.8,1.2,2.0,0.4,5,0,3.6,3.12072804048,Home Win,2.6649202695,0.7332829837999999,20.4,6.8,56.18130900512561,0.7960579288853019,7.4,1.6,0.0,2.0,0.4,0.0,1.0,0.0,0.8181818181818182,0.7352941176470589,35.0,0.0,1.077710738,1.32940737968,9.0,4.6,41.69824921252948,0.7617458193629383,3.2,1.4,0.0,1.0,0.6,0.0,1.0,0.0,0.303030303030303,0.34375,34.0,0.0
3920404,2024-01-20,777,4930,0,0,0.6,0.6,0.4,2.0,0.0,1.0,0,0,0.0,0.0,Draw,1.2267180279,0.94069365658,11.2,3.4,52.24936076992068,0.7792115605074272,7.0,1.6,0.0,2.0,0.2,0.0,1.0,0.0,0.25,0.3333333333333333,4.0,1.0,2.3419830654,1.3898648276,16.0,6.0,45.20123839009288,0.7899543378995434,2.0,3.0,0.0,1.0,0.0,1.0,0.0,1.0,1.0,0.0,4.0,1.0
3920403,2024-01-20,4932,4901,0,0,0.0,1.0,0.0,1.0,1.0,0.0,0,0,0.0,0.0,Away Win,0.515656181,1.136658501,9.0,4.0,37.05234159779614,0.6691449814126395,4.0,2.0,0.0,0.0,0.0,0.0,1.0,0.0,0.0,0.0,4.0,1.0,1.197465477,0.696929411,7.0,1.0,33.44632768361582,0.722972972972973,2.0,1.0,0.0,0.0,1.0,0.0,0.0,1.0,0.0,0.0,5.0,1.0
3895202,2024-01-20,182,904,0,0,2.0,3.0,0.0,2.0,0.4,0.6,0,1,5.0,3.245474235,Away Win,1.722110068,1.5233641669999998,14.0,6.0,55.50416281221091,0.8533333333333334,5.0,2.0,0.0,0.0,1.0,0.0,1.0,0.0,0.0,0.0,154.0,0.0,2.2813378206,0.79994378244,19.6,6.2,64.38201526163373,0.8643735242042396,9.0,1.2,0.0,3.0,0.4,3.0,0.0,18.0,0.6923076923076923,0.56,7.0,1.0
3920402,2024-01-20,4898,4921,0,0,1.0,1.0,0.0,1.0,0.0,1.0,0,0,0.0,0.0,Draw,0.696929411,1.197465477,16.0,3.0,66.55367231638418,0.830220713073005,14.0,4.0,0.0,0.0,1.0,0.0,0.0,1.0,0.0,0.0,5.0,1.0,1.136658501,0.515656181,11.0,5.0,62.94765840220386,0.8205689277899344,3.0,3.0,0.0,1.0,0.0,1.0,0.0,1.0,1.0,0.0,4.0,1.0
3920405,2024-01-21,788,4881,0,0,1.0,0.8,0.4,1.0,1.0,0.0,0,0,0.0,0.0,Draw,1.839699988,1.29065132224,11.2,3.8,42.80249406140044,0.7990155151998546,2.8,1.6,0.0,3.0,0.2,1.0,0.0,1.0,0.4,0.3333333333333333,4.0,1.0,2.6822564570000007,0.096432803,27.0,7.0,54.95594713656388,0.8657314629258517,7.0,1.0,0.0,0.0,1.0,0.0,0.0,1.0,0.0,0.0,4.0,1.0
3913122,2024-01-21,965,973,0,0,0.6,2.0,0.2,0.6,2.0,0.0,1,2,1.6,2.16787110554,Home Win,0.8763530791999999,2.4003800482,9.0,3.0,39.245736397431855,0.696449704884883,4.6,1.4,0.0,1.0,0.2,0.0,1.0,0.0,0.2857142857142857,0.21875,35.0,0.0,0.72304958528,1.7734584678,8.2,3.2,34.910120528732726,0.6592319873527624,3.6,1.0,0.0,0.0,0.4,0.0,1.0,0.0,0.15625,0.2058823529411764,35.0,0.0
3920407,2024-01-21,4976,4980,0,0,0.0,2.0,0.0,1.0,0.0,1.0,0,0,0.0,0.0,Home Win,1.3898648276,2.3419830654,12.0,5.0,54.79876160990712,0.8305084745762712,3.0,2.0,0.0,0.0,0.0,0.0,1.0,0.0,0.0,0.0,5.0,1.0,1.6100867956999996,0.8706826864999999,13.0,4.0,39.87730061349693,0.6861538461538461,7.0,0.0,0.0,1.0,0.0,1.0,0.0,1.0,0.0,1.0,5.0,1.0
3913120,2024-01-21,746,966,0,0,3.2,0.8,0.8,1.8,1.6,0.4,3,0,2.333333333333333,2.4520732219,Home Win,2.3762155544,0.8594495287200001,22.0,9.0,59.19991399417719,0.8388058742200315,8.2,1.0,0.0,1.0,0.6,4.0,0.0,4.0,0.7714285714285715,0.7272727272727273,35.0,0.0,1.36736163576,1.3391836366,12.6,4.2,48.32736883215564,0.7379072561005031,4.6,1.8,0.0,1.0,0.8,1.0,0.0,3.0,0.3,0.2608695652173913,35.0,0.0
3913118,2024-01-21,972,749,0,0,0.6,2.6,0.0,0.6,2.6,0.2,0,3,2.0,2.205590812425,Away Win,1.34458292586,1.4935299017,11.2,4.0,43.016645071289055,0.7297408537682486,3.2,2.2,0.0,0.0,0.4,0.0,0.0,1.0,0.1818181818181818,0.303030303030303,35.0,0.0,0.9539993034000002,1.72036672706,10.8,4.8,46.99854994737437,0.7824762099349878,4.8,0.8,0.0,1.0,0.4,1.0,0.0,1.0,0.3181818181818182,0.2916666666666667,36.0,0.0
3920406,2024-01-21,4963,4953,0,0,1.0,1.0,0.0,0.0,3.0,0.0,0,0,0.0,0.0,Draw,0.096432803,2.6822564570000007,3.0,1.0,45.04405286343612,0.8288508557457213,0.0,1.0,0.0,0.0,1.0,0.0,0.0,1.0,0.0,0.0,4.0,1.0,0.011926915,2.300281349,2.0,0.0,47.474747474747474,0.8340425531914893,2.0,4.0,0.0,0.0,0.0,0.0,1.0,0.0,0.0,0.0,4.0,1.0
3913121,2024-01-21,971,1475,0,0,3.4,1.4,0.8,2.6,1.0,0.6,2,0,2.0,2.891882289,Home Win,2.0506018356,1.3461566245,17.0,7.6,60.84884467443078,0.8151734896970485,5.8,1.0,0.0,2.0,0.6,1.0,0.0,1.0,0.8529411764705882,0.625,35.0,0.0,1.7431030929199998,1.0468642291,15.8,5.8,61.87790513530756,0.8230067881645345,4.2,0.4,0.0,3.0,0.4,0.0,1.0,0.0,0.6086956521739131,0.5652173913043478,35.0,0.0
3920411,2024-01-22,4924,774,0,0,2.5,0.5,1.0,1.2,2.0,0.0,0,0,0.0,0.0,Draw,1.65962601995,0.8844767758000001,13.0,5.0,50.61529222359103,0.832453687704858,3.0,2.0,0.0,1.0,0.5,2.0,0.0,2.0,1.0,1.0,3.0,2.0,1.22370251848,1.3243860896,12.8,3.2,49.69911611927968,0.7920838860196082,3.0,1.0,0.0,0.0,0.8,0.0,0.0,2.0,0.0,0.0,4.0,2.0
3920410,2024-01-22,4978,4885,0,0,1.0,2.5,0.0,1.6,2.2,0.2,0,0,0.0,0.0,Draw,0.5296045553000001,1.26411884465,7.0,2.0,44.73653292275467,0.8282218541350046,4.0,1.5,0.0,0.0,0.5,0.0,1.0,0.0,0.0,0.0,3.0,2.0,1.04342866034,1.80500379072,8.4,2.8,43.25756977501335,0.7888752841009729,3.8,2.4,0.0,0.0,0.8,0.0,0.0,1.0,0.0,0.3333333333333333,4.0,2.0
3920408,2024-01-22,4992,3374,0,0,2.5,1.5,0.5,1.0,0.5,0.5,0,0,0.0,0.0,Home Win,1.054791208,1.86083271075,8.0,3.5,50.06482611348383,0.7878234398782344,2.5,2.0,0.0,0.0,1.0,1.0,0.0,2.0,1.0,0.0,4.0,2.0,0.6570636421,1.05259239865,12.0,3.0,61.734535625664655,0.8409698996655519,5.5,1.0,0.0,1.0,0.0,0.0,1.0,0.0,0.5,0.0,4.0,2.0
3920409,2024-01-22,4894,775,0,0,1.0,3.0,0.0,1.0,1.0,0.4,0,0,0.0,0.0,Away Win,0.7820143801499999,1.2421967865,11.0,3.0,44.29068914956012,0.8025485643830585,4.5,0.5,0.0,0.0,0.5,0.0,2.0,0.0,0.0,0.0,4.0,2.0,1.52852951264,1.0073009174399998,13.8,3.2,45.93530325866192,0.7378351385982411,4.2,1.2,0.0,2.0,0.4,1.0,0.0,2.0,0.3333333333333333,0.5,4.0,2.0
3920414,2024-01-23,4901,4921,0,0,2.0,1.5,0.5,1.5,1.0,0.5,0,0,0.0,0.0,Home Win,1.6207118385,0.9041346759,13.5,3.5,39.384560416247965,0.7292190446260214,6.5,1.0,0.0,0.0,1.0,1.0,0.0,2.0,0.0,0.5,3.0,2.0,1.1978254025,1.2568510760000002,9.0,4.0,49.84399494695828,0.7693070202859447,2.0,4.0,0.0,1.0,0.5,0.0,0.0,2.0,1.0,0.0,3.0,2.0
3920415,2024-01-23,4932,4898,0,0,1.0,2.0,0.0,1.5,1.5,0.0,0,0,0.0,0.0,Home Win,0.8134980608999999,1.5903083505,11.5,4.5,45.86477422445802,0.7297532135978859,5.0,2.0,0.0,0.0,0.5,0.0,2.0,0.0,0.0,0.0,3.0,2.0,1.3474876910000002,1.2282288905,15.5,4.0,64.90667041233573,0.8474247670168519,9.0,3.0,0.0,0.0,1.0,0.0,0.0,2.0,0.0,0.0,3.0,2.0
3920412,2024-01-23,4892,787,0,0,1.0,0.5,0.5,2.2,1.2,0.8,0,0,0.0,0.0,Away Win,1.5743672237,0.5668362229999999,11.0,3.5,43.37747733623528,0.7135582996238734,3.5,1.5,0.5,1.0,0.5,1.0,0.0,2.0,1.0,0.0,4.0,2.0,1.307013373,0.8477429888000001,10.8,3.4,49.70826038254782,0.783712734171977,5.8,1.6,0.0,1.0,0.6,2.0,0.0,2.0,0.5,0.6,4.0,2.0
3920413,2024-01-23,4934,2722,0,0,0.0,2.0,0.0,1.2,1.6,0.2,0,0,0.0,0.0,Away Win,0.631447152,2.079582984,9.5,1.0,38.65024516427937,0.7655960877610362,4.5,1.0,0.5,0.0,0.0,0.0,2.0,0.0,0.0,0.0,4.0,2.0,0.8388928230399999,1.49684605248,9.2,3.8,49.86859804915697,0.7782405353136632,5.2,2.4,0.0,1.0,0.6,0.0,1.0,0.0,0.3333333333333333,0.0,4.0,2.0
3920418,2024-01-24,4953,4881,0,0,0.5,2.0,0.0,1.0,1.0,0.0,0,0,0.0,0.0,Draw,0.2011481695,1.54872531905,4.0,1.0,50.77768838830786,0.8461121856866538,2.5,2.0,0.0,0.0,0.5,0.0,0.0,1.0,0.0,0.0,3.0,2.0,2.4962465835000005,0.57553248835,19.0,4.5,50.07349398988932,0.8147899297136547,6.0,1.0,0.0,0.0,1.0,0.0,0.0,2.0,0.0,0.0,3.0,2.0
3920419,2024-01-24,4963,788,0,0,1.0,1.0,0.0,1.2,1.0,0.4,0,0,0.0,0.0,Away Win,0.44680104605,1.5363129405000004,7.0,2.5,45.48171178078394,0.8319843143824965,2.5,1.5,0.0,0.0,1.0,0.0,0.0,2.0,0.0,0.0,3.0,2.0,1.30975150154,1.18360049226,11.4,3.4,48.67007793741904,0.8259715215222994,3.4,2.0,0.0,2.0,0.4,0.0,0.0,2.0,0.3333333333333333,0.3333333333333333,3.0,2.0
3920416,2024-01-24,4976,777,0,0,2.0,1.0,0.5,0.4,0.6,0.2,0,0,0.0,0.0,Draw,1.8027685098000004,1.4552650529,12.0,6.5,53.06817061387076,0.7688522521764731,4.5,1.5,0.0,1.0,0.0,1.0,0.0,1.0,1.0,0.0,3.0,2.0,0.7622367778399999,0.97168661368,9.2,2.4,46.37285176242126,0.7562667529547765,6.4,1.4,0.0,2.0,0.2,0.0,0.0,1.0,0.2,0.3333333333333333,4.0,2.0
3920417,2024-01-24,4980,4930,0,0,0.5,2.0,0.5,1.5,0.5,0.5,0,0,0.0,0.0,Draw,1.0893169180499995,1.5431774392500002,8.5,2.5,44.26986049783127,0.6781554571083367,4.5,0.0,0.0,1.0,0.0,0.0,1.0,0.0,0.0,0.5,3.0,2.0,1.5938717187,0.95995679065,14.0,3.5,52.78709938152663,0.8167918407644434,3.0,1.5,0.0,1.0,0.5,0.0,0.0,2.0,1.0,0.0,4.0,2.0
3912189,2024-01-26,3168,3166,0,0,1.4,0.8,0.4,1.4,1.4,0.2,0,0,0.0,0.0,Home Win,0.9573833695,1.18175530256,7.2,2.8,47.14313118283155,0.6780700017802339,3.6,2.4,0.0,2.0,0.0,0.0,1.0,0.0,0.25,0.5,39.0,0.0,0.8829606564800001,1.1614858275,11.0,4.2,53.14319315647945,0.7564687474583769,3.8,1.2,0.0,1.0,0.6,1.0,0.0,1.0,0.6,0.2,42.0,0.0
3912190,2024-01-27,1069,3169,0,0,2.0,0.4,0.8,1.4,2.2,0.4,0,0,0.0,0.0,Home Win,2.3070483294,0.4138010745199999,15.4,6.0,63.00526917613661,0.8124967971250797,6.6,1.0,0.0,3.0,0.4,0.0,0.0,10.0,0.8,0.6,41.0,0.0,1.1369971911,1.50140274906,11.0,4.0,58.01791610346886,0.7796327158924011,5.6,0.6,0.0,0.0,0.8,1.0,0.0,1.0,0.4,0.6,41.0,0.0
3922238,2024-01-27,775,2722,0,0,1.2,0.6,0.6,1.8,1.8,0.4,0,0,0.0,0.0,Home Win,1.5702275999000002,0.73870014618,13.4,3.0,46.81997061041651,0.7547504585723847,3.8,1.6,0.0,3.0,0.4,2.0,0.0,3.0,0.3333333333333333,0.6666666666666666,5.0,3.0,0.98971808354,1.47083052808,10.2,3.4,50.972249816766485,0.7667831791535631,5.2,2.2,0.0,1.0,0.8,1.0,0.0,1.0,0.3333333333333333,0.3333333333333333,4.0,3.0
3922237,2024-01-27,4901,4980,0,0,2.0,1.0,0.6666666666666666,0.3333333333333333,1.3333333333333333,0.3333333333333333,0,0,0.0,0.0,Home Win,1.3752299598333335,0.9345055136666668,11.0,4.0,41.77361499014232,0.7577509680222859,4.666666666666667,1.6666666666666667,0.0,1.0,0.6666666666666666,2.0,0.0,3.0,1.0,0.5,4.0,3.0,0.9449298866999998,1.2558560031666668,7.333333333333333,1.6666666666666667,41.23338293438306,0.6434851336362296,6.0,0.3333333333333333,0.0,2.0,0.0,0.0,0.0,1.0,0.0,0.5,3.0,3.0
3895210,2024-01-27,904,185,0,0,2.4,0.6,0.8,0.6666666666666666,3.0,0.3333333333333333,2,1,3.6666666666666665,3.054576165266667,Draw,2.2285127423999995,0.85575080192,18.4,6.0,62.689143057213926,0.8742959858681043,7.6,1.2,0.0,3.0,0.4,4.0,0.0,19.0,0.6923076923076923,0.5769230769230769,7.0,2.0,0.7027937765666666,2.3517823887,10.666666666666666,3.333333333333333,51.18415954138857,0.7924456623907966,4.333333333333333,2.0,0.0,0.0,0.3333333333333333,0.0,1.0,0.0,0.5,0.0,154.0,0.0
3913123,2024-01-27,965,971,0,0,1.0,2.4,0.2,3.4,1.6,0.8,1,4,3.0,3.1350746261666664,Away Win,0.8072374174,1.9880464334000003,9.4,3.2,43.60163313813052,0.7002483954788259,4.8,1.4,0.0,0.0,0.4,1.0,0.0,1.0,0.3055555555555556,0.21875,6.0,1.0,2.158998481,1.3448897689,18.2,7.4,59.0829765880658,0.8030998630817772,6.0,0.6,0.0,1.0,0.8,2.0,0.0,2.0,0.8571428571428571,0.625,6.0,1.0
3912191,2024-01-27,19107,3165,0,0,0.6,1.8,0.0,1.4,2.6,0.4,0,0,0.0,0.0,Away Win,0.75927982748,1.3651347838,11.8,2.4,43.37832673137253,0.6573584959651689,4.0,2.0,0.0,1.0,0.6,0.0,1.0,0.0,0.2,0.0,41.0,0.0,1.11420994794,1.7596350932,10.2,2.8,47.4588225101251,0.7030047582736884,3.4,2.0,0.0,1.0,0.4,0.0,1.0,0.0,0.2,0.4,42.0,0.0
3922239,2024-01-28,4992,4892,0,0,3.0,1.0,0.6666666666666666,0.6666666666666666,1.0,0.3333333333333333,0,0,0.0,0.0,Away Win,1.0674205693333334,1.930387792,8.666666666666666,4.666666666666667,43.72820997956871,0.7389317350384402,2.0,2.333333333333333,0.0,1.0,0.6666666666666666,2.0,0.0,3.0,1.0,0.0,6.0,3.0,1.2339656244666666,0.6921478783333334,8.666666666666666,2.6666666666666665,45.8438459023727,0.7423721997492491,2.333333333333333,1.6666666666666667,0.3333333333333333,1.0,0.3333333333333333,0.0,1.0,0.0,0.5,0.0,5.0,3.0
3922240,2024-01-28,774,4881,0,0,1.6,2.2,0.0,0.6666666666666666,0.6666666666666666,0.0,0,0,0.0,0.0,Draw,1.5037017115799998,1.0176151176,16.6,4.0,51.73643523580671,0.8180595975241969,4.6,1.2,0.0,0.0,1.0,0.0,0.0,3.0,0.0,0.0,6.0,3.0,1.8838532293333337,0.4032063244333333,15.666666666666666,4.0,49.71961522909617,0.8140266198091032,5.333333333333333,1.0,0.0,1.0,0.6666666666666666,0.0,0.0,3.0,0.0,0.0,4.0,3.0
3912193,2024-01-28,3170,6602,0,0,2.4,0.6,0.8,1.6,2.2,0.2,0,0,0.0,0.0,Home Win,2.0318643092800004,0.5363699961,17.0,6.8,58.57512712479662,0.7815781385825772,5.8,1.0,0.0,3.0,0.4,3.0,0.0,8.0,0.6,0.6,43.0,0.0,1.39456389808,1.3093701461600002,13.6,4.6,43.61718509960768,0.6875545490241729,5.4,1.2,0.0,0.0,0.8,0.0,2.0,0.0,0.3333333333333333,0.25,43.0,0.0
3913126,2024-01-28,749,746,0,0,1.2,3.0,0.4,4.2,0.8,1.0,0,4,5.0,3.94056410335,Away Win,1.0998907384,1.941700234,11.2,5.8,45.94187711642969,0.7770744097795834,5.0,1.0,0.0,1.0,0.4,2.0,0.0,2.0,0.3181818181818182,0.32,7.0,1.0,2.3921437726,0.72931163612,19.2,8.0,57.33946007185624,0.8323332885813617,7.8,1.0,0.0,1.0,0.8,5.0,0.0,5.0,0.7777777777777778,0.7272727272727273,7.0,1.0
3913124,2024-01-28,973,972,0,0,1.0,2.2,0.0,1.2,2.4,0.0,1,3,3.2,2.32561797446,Away Win,0.92952065248,1.6297305022,10.6,3.6,37.207596016581626,0.6598505060079641,4.0,1.0,0.0,0.0,0.6,0.0,2.0,0.0,0.15625,0.2,7.0,1.0,1.56806221126,1.3472679861,12.8,4.4,45.460728278834544,0.7332614388007671,4.0,2.4,0.0,0.0,0.6,0.0,1.0,0.0,0.1764705882352941,0.303030303030303,7.0,1.0
3913128,2024-01-28,967,2652,0,0,1.4,1.8,0.4,1.2,2.0,0.0,0,1,1.0,4.6375721510000005,Away Win,0.9254683694,1.69646620188,8.0,3.8,42.69888869462794,0.7700484149140687,3.0,2.0,0.0,1.0,0.8,0.0,2.0,0.0,0.303030303030303,0.3333333333333333,8.0,1.0,1.4283249741,1.86747591106,13.6,4.4,50.48788146107621,0.7419284481503441,2.8,1.6,0.0,0.0,0.8,0.0,1.0,0.0,0.1666666666666666,0.2,9.0,1.0
3913127,2024-01-28,1475,2647,0,0,1.8,1.6,0.4,1.4,1.2,0.6,3,0,2.6666666666666665,2.4662565046666667,Home Win,1.47488216172,1.2043719275,14.0,4.8,57.954435407430005,0.794385469876841,4.2,0.8,0.0,2.0,0.6,0.0,2.0,0.0,0.6086956521739131,0.5416666666666666,7.0,1.0,1.26947669626,1.44137788226,13.6,5.6,54.75316058074508,0.7889666925260708,5.0,1.6,0.0,2.0,0.6,2.0,0.0,2.0,0.125,0.2941176470588235,9.0,1.0
3913125,2024-01-28,966,968,0,0,1.8,2.4,0.4,2.4,0.6,0.8,1,4,3.6,2.6896586747999995,Away Win,1.2630306039,1.8681556954,10.2,4.2,48.334066840446,0.7486595351937165,4.0,2.0,0.0,1.0,0.8,0.0,1.0,0.0,0.3,0.25,7.0,1.0,2.3387732843,0.597015184,19.4,5.8,57.137295805776354,0.7983249222423765,7.8,1.6,0.0,2.0,0.4,1.0,0.0,1.0,0.8235294117647058,0.7352941176470589,8.0,1.0
3912188,2024-01-28,924,19106,0,0,0.4,2.2,0.0,0.4,2.2,0.0,0,0,0.0,0.0,Away Win,0.54971706,1.9676449488800003,7.0,1.6,35.796903477655675,0.6398076254530027,2.4,2.0,0.0,0.0,0.4,0.0,4.0,0.0,0.0,0.0,44.0,0.0,0.73989630976,2.33728411208,9.0,3.0,41.8774185181734,0.6555028693663743,2.4,2.6,0.0,1.0,0.4,0.0,0.0,2.0,0.0,0.2,42.0,0.0
3922242,2024-01-29,787,3374,0,0,2.0,1.0,0.8,0.6666666666666666,1.6666666666666667,0.3333333333333333,0,0,0.0,0.0,Draw,1.3149746863999998,0.7663582393999999,10.8,3.0,48.60199282466736,0.7764418302121607,5.8,1.4,0.0,2.0,0.4,3.0,0.0,3.0,0.5,0.6666666666666666,6.0,3.0,1.1278750795666668,1.065954696433333,15.333333333333334,3.0,64.1380311798636,0.8250144158689886,7.333333333333333,1.3333333333333333,0.0,1.0,0.0,0.0,2.0,0.0,0.5,0.0,7.0,2.0
3922241,2024-01-29,4924,4932,0,0,2.333333333333333,1.0,0.6666666666666666,1.0,1.3333333333333333,0.3333333333333333,0,0,0.0,0.0,Home Win,1.2420719243,1.1778126573666667,10.666666666666666,4.333333333333333,49.365090305276304,0.8296170124605157,3.333333333333333,1.6666666666666667,0.0,1.0,0.6666666666666666,0.0,0.0,3.0,0.5,1.0,7.0,2.0,0.9850940680333332,1.4556746385666666,13.333333333333334,5.333333333333333,38.8184974732278,0.6802624051243705,5.0,2.333333333333333,0.0,1.0,0.3333333333333333,1.0,0.0,1.0,0.5,0.0,6.0,3.0
3912192,2024-01-29,3164,929,0,0,1.8,0.2,0.6,2.4,0.6,0.8,0,0,0.0,0.0,Away Win,1.5152289924200002,0.723792387,16.8,5.8,44.27679528459569,0.6969352404395976,6.8,1.6,0.0,4.0,0.0,1.0,0.0,1.0,0.4,0.6,44.0,0.0,1.80976264216,0.94123611274,16.4,6.4,63.709911634756814,0.7745333445110333,4.4,1.8,0.0,3.0,0.4,4.0,0.0,4.0,0.8333333333333334,0.75,42.0,0.0
3922243,2024-01-30,788,4976,0,0,1.2,1.0,0.4,1.3333333333333333,0.6666666666666666,0.3333333333333333,0,0,0.0,0.0,Away Win,1.59964522414,1.12277150648,13.4,4.2,55.131175584024845,0.8531803568636647,4.2,1.8,0.0,2.0,0.4,1.0,0.0,3.0,0.3333333333333333,0.4285714285714285,6.0,3.0,1.3753160661,1.3094082570666667,11.666666666666666,5.0,50.3769863654725,0.7741311665227525,4.666666666666667,1.0,0.0,2.0,0.0,0.0,0.0,2.0,0.5,0.0,6.0,3.0
3922244,2024-01-30,4930,4921,0,0,1.0,0.3333333333333333,0.3333333333333333,1.0,1.3333333333333333,0.3333333333333333,0,0,0.0,0.0,Home Win,1.2896521894666666,0.8586898017666668,13.0,3.0,56.80459031852221,0.8235656945302475,3.0,1.0,0.0,2.0,0.3333333333333333,0.0,0.0,3.0,1.0,0.0,6.0,3.0,1.1302993314,1.1326561181666668,12.666666666666666,3.6666666666666665,51.045421918661845,0.7773874758895545,3.333333333333333,3.0,0.0,1.0,0.3333333333333333,0.0,1.0,0.0,1.0,0.0,7.0,3.0
3912198,2024-02-02,924,3169,0,0,0.4,2.4,0.0,1.0,1.8,0.4,0,1,9.0,3.4095488663,Away Win,0.5600663226,2.0914042017,6.2,1.2,34.388008254683335,0.6328898261002519,3.0,2.0,0.0,0.0,0.4,0.0,5.0,0.0,0.0,0.0,5.0,1.0,0.9101742515,1.48412794726,8.8,3.6,55.71548486007258,0.7724859319451773,5.6,1.0,0.0,0.0,0.6,0.0,1.0,0.0,0.4,0.5,6.0,1.0
3922321,2024-02-02,775,4901,0,0,1.2,0.6,0.6,2.25,0.75,0.75,0,0,0.0,0.0,Home Win,1.5697349966999998,0.48839231958,11.6,3.0,43.1175170047371,0.7342755810845155,3.2,1.8,0.0,3.0,0.4,3.0,0.0,4.0,0.5,0.6666666666666666,6.0,2.0,1.42779217975,0.918567119125,11.0,4.0,43.76527617767167,0.7595664897242862,5.0,1.25,0.25,2.0,0.5,3.0,0.0,4.0,1.0,0.5,6.0,3.0
3922356,2024-02-02,4881,4892,0,0,0.75,0.75,0.0,0.75,0.75,0.5,0,0,0.0,0.0,Home Win,3.56958671325,2.408441781575,17.0,5.25,48.22117860328931,0.7970541811923681,5.0,1.5,0.0,1.0,0.75,0.0,0.0,4.0,0.0,0.0,5.0,3.0,1.064803040475,0.75812815475,9.0,3.0,46.57722162111672,0.753349070656264,2.25,1.5,0.25,2.0,0.25,1.0,0.0,1.0,0.5,0.5,5.0,3.0
3913129,2024-02-03,2647,973,0,0,1.0,1.2,0.4,0.8,2.2,0.0,2,0,3.333333333333333,2.187555186,Draw,1.3125625848599998,1.4147875362,13.2,5.2,53.86369918435865,0.794950462040134,4.8,1.6,0.0,2.0,0.6,0.0,1.0,0.0,0.125,0.2777777777777778,6.0,1.0,0.9225291332,1.7238510984000002,9.2,3.2,38.02061656625551,0.650359916429774,3.0,1.4,0.0,0.0,0.6,0.0,3.0,0.0,0.1515151515151515,0.2,6.0,2.0
3922659,2024-02-03,4930,3374,0,0,1.25,0.5,0.5,0.75,1.5,0.25,0,0,0.0,0.0,Away Win,1.133678484675,1.009018934725,13.25,3.25,56.89792126649902,0.8242193352753681,2.5,1.0,0.0,2.0,0.5,1.0,0.0,4.0,1.0,0.0,4.0,3.0,2.105430048925,2.1083185354,14.75,4.5,62.50084481346913,0.8245747653901135,6.0,1.75,0.0,1.0,0.25,0.0,0.0,1.0,0.5,0.0,5.0,2.0
3912195,2024-02-03,19107,6602,0,0,0.4,2.0,0.0,1.0,2.2,0.0,0,1,3.0,1.3960751166999998,Home Win,0.6931021519,1.61585540608,10.8,2.8,43.93234249334898,0.6465251356532659,3.2,1.8,0.0,1.0,0.4,0.0,2.0,0.0,0.1666666666666666,0.0,7.0,1.0,0.91550007908,1.41506249098,10.2,3.2,40.499084251020825,0.6732625161786506,4.8,1.0,0.0,0.0,0.6,0.0,3.0,0.0,0.3333333333333333,0.2,6.0,1.0
3922658,2024-02-03,4924,4976,0,0,2.0,0.75,0.75,1.5,0.5,0.5,0,0,0.0,0.0,Draw,1.3244379077,1.077602664775,12.5,4.25,54.273158098350365,0.8229775777010273,5.25,1.5,0.0,2.0,0.5,1.0,0.0,4.0,0.6666666666666666,1.0,5.0,2.0,1.0916516555750002,1.50466360305,10.0,4.5,49.13876655981866,0.7937433380370275,4.0,1.5,0.0,3.0,0.0,1.0,0.0,3.0,0.5,0.5,4.0,3.0
3912199,2024-02-03,3168,19106,0,0,1.8,0.8,0.6,0.6,1.8,0.2,1,0,6.0,3.591657116,Home Win,1.1806625421,0.82709386696,9.4,2.6,49.23396224855802,0.6770443723396989,4.4,1.8,0.0,2.0,0.2,1.0,0.0,1.0,0.4,0.5,8.0,1.0,0.8292088942,1.96045056988,8.6,3.0,43.038065198652326,0.6640254014546911,2.6,3.4,0.0,1.0,0.4,1.0,0.0,3.0,0.0,0.3333333333333333,6.0,1.0
3895220,2024-02-03,872,904,0,0,1.0,2.333333333333333,0.3333333333333333,2.2,0.4,0.8,1,2,3.333333333333333,2.8073956958000004,Away Win,0.7503359711333334,2.057059724666667,8.0,3.333333333333333,31.74244292077241,0.5716078749903303,3.0,3.0,0.0,1.0,0.6666666666666666,0.0,2.0,0.0,0.0,0.5,154.0,0.0,2.434289115,0.4117778442000001,20.2,6.8,67.95312837079632,0.8862295655173165,7.6,1.6,0.0,4.0,0.2,0.0,0.0,20.0,0.6666666666666666,0.5769230769230769,7.0,2.0
3913131,2024-02-04,966,749,0,0,1.6,1.8,0.4,1.0,3.2,0.4,0,1,1.5,1.6788963573000002,Draw,1.2471452638999998,1.7159181060000002,9.2,3.6,46.66052703831272,0.7454871876983663,3.6,2.4,0.0,1.0,0.6,0.0,2.0,0.0,0.2857142857142857,0.25,7.0,2.0,0.8107955707600001,1.9330787092,8.4,4.2,40.54041700677261,0.7809134761186498,2.4,1.2,0.0,1.0,0.2,0.0,1.0,0.0,0.3043478260869565,0.32,7.0,2.0
3912197,2024-02-04,3166,929,0,0,1.6,1.8,0.2,2.8,0.4,1.0,0,1,3.0,3.0638931620000003,Draw,0.83550633942,1.1187312928000002,10.2,4.0,50.63456320964725,0.7518800629113012,4.2,1.8,0.0,0.0,0.8,0.0,1.0,0.0,0.6,0.1666666666666666,9.0,1.0,1.95612624076,0.5261667189400001,17.8,7.2,67.56908320898336,0.7961428926781263,6.2,0.6,0.0,3.0,0.4,5.0,0.0,5.0,0.8333333333333334,0.8,6.0,1.0
3913134,2024-02-04,971,967,0,0,3.0,1.4,0.8,1.0,1.6,0.4,4,0,2.6,3.19085593938,Home Win,2.0372257992,1.2210121743000002,18.2,7.0,60.66921162692696,0.8100835407596886,5.8,0.4,0.0,2.0,0.6,3.0,0.0,3.0,0.8571428571428571,0.6363636363636364,8.0,2.0,0.8775508832,1.7944695407999998,7.6,2.8,39.08511050494613,0.7517117602424509,2.6,1.8,0.0,1.0,0.6,0.0,3.0,0.0,0.2941176470588235,0.3333333333333333,7.0,1.0
3913130,2024-02-04,972,968,0,0,1.2,2.0,0.2,2.2,0.6,0.8,0,6,5.166666666666667,3.601133015966667,Home Win,1.6609558370000002,1.2890334591,13.8,4.8,46.89530072121621,0.7513170369250199,3.2,2.4,0.0,0.0,0.6,1.0,0.0,1.0,0.1764705882352941,0.3235294117647059,7.0,2.0,2.3123817983,0.654538109,18.0,6.4,59.197130900183446,0.8015645576374888,8.6,1.6,0.0,2.0,0.4,2.0,0.0,2.0,0.8235294117647058,0.7428571428571429,7.0,1.0
3913132,2024-02-04,746,2652,0,0,4.0,0.6,1.0,1.2,1.8,0.2,1,0,1.0,3.890224112,Home Win,2.2815969668,0.50432090716,18.2,7.2,61.11898366262268,0.8551222794070498,8.0,0.6,0.0,2.0,0.6,6.0,0.0,6.0,0.7777777777777778,0.7352941176470589,7.0,2.0,1.4540975797000002,1.7412177278599998,14.0,5.2,54.74806822267142,0.7533018138798362,3.2,2.0,0.0,1.0,0.6,1.0,0.0,1.0,0.1666666666666666,0.3333333333333333,7.0,1.0
3913133,2024-02-04,1475,965,0,0,2.0,1.2,0.6,1.0,2.4,0.2,2,1,2.8,3.21565112216,Home Win,1.4352825278,1.1245448095,14.4,5.4,57.5718317587381,0.8026178081718098,4.2,0.8,0.0,2.0,0.6,1.0,0.0,1.0,0.625,0.5416666666666666,7.0,2.0,0.7567680878,1.992119855,9.0,3.2,41.62910280699556,0.6989350298035113,4.2,1.0,0.0,0.0,0.4,0.0,1.0,0.0,0.2972972972972973,0.21875,8.0,2.0
3912194,2024-02-04,3170,3164,0,0,2.4,0.6,0.8,2.0,0.8,0.6,0,1,2.0,1.610672427,Home Win,1.8753717767600004,0.5538724480999999,17.2,6.2,59.75811747574871,0.7852092548219562,6.4,1.6,0.0,3.0,0.4,4.0,0.0,9.0,0.6666666666666666,0.6,7.0,1.0,1.30329419812,0.8764823611400001,14.4,5.0,42.26428277783917,0.6915668058028703,6.8,1.6,0.0,3.0,0.2,0.0,1.0,0.0,0.3333333333333333,0.6,6.0,1.0
3912196,2024-02-05,1069,3165,0,0,1.8,0.2,0.8,1.2,2.2,0.4,0,0,4.0,3.940436021800001,Home Win,2.0890347714,0.3691292199199999,15.6,5.4,63.89528510282095,0.8273534137375991,5.0,1.0,0.0,4.0,0.2,1.0,0.0,11.0,0.8333333333333334,0.6,9.0,1.0,1.20588448582,1.5155555299,10.2,2.8,49.071720918624486,0.6967302444220719,3.4,1.8,0.0,2.0,0.2,1.0,0.0,1.0,0.2,0.5,9.0,1.0
3922837,2024-02-07,775,4976,0,0,1.2,0.2,0.8,1.2,0.4,0.4,0,0,0.0,0.0,Draw,1.6010052946999995,0.5092788819799999,12.4,3.0,45.29313658663109,0.7555834258216643,3.4,1.6,0.0,4.0,0.2,4.0,0.0,5.0,0.6,0.6666666666666666,5.0,2.0,1.7194516393200003,2.28921883888,12.0,5.4,49.27383852666534,0.7864872077430548,4.0,1.2,0.0,4.0,0.0,0.0,0.0,4.0,0.5,0.3333333333333333,4.0,3.0
3922838,2024-02-07,3374,4881,0,0,1.0,1.4,0.4,1.2,0.8,0.2,0,0,0.0,0.0,Home Win,1.85182182094,1.95007845612,14.0,4.2,57.72219483811707,0.813289788892887,5.2,2.4,0.0,1.0,0.4,1.0,0.0,2.0,0.5,0.3333333333333333,4.0,2.0,3.1861956068,2.15379778106,16.2,4.8,46.240494284500606,0.7839848083685286,4.6,1.4,0.0,1.0,0.8,1.0,0.0,5.0,0.5,0.0,5.0,3.0
3912204,2024-02-09,3164,19107,0,0,1.0,1.0,0.4,0.8,1.2,0.2,0,1,5.0,1.2177389125,Draw,0.8017258597800001,1.07856129014,10.6,3.2,38.75137481043375,0.6594664120639019,6.8,1.0,0.0,2.0,0.2,0.0,2.0,0.0,0.3333333333333333,0.5,5.0,2.0,0.7820435961000001,1.3897536654800002,11.4,3.6,43.85652309159656,0.6483061132963124,3.0,2.0,0.0,1.0,0.6,1.0,0.0,1.0,0.2857142857142857,0.0,6.0,2.0
3912201,2024-02-10,3169,3168,0,0,1.0,1.6,0.4,1.6,0.8,0.6,1,0,4.0,5.38899526,Draw,0.99006796092,1.3859470154399998,9.2,3.6,56.847968942413125,0.7821588826503862,5.8,1.0,0.0,1.0,0.4,1.0,0.0,1.0,0.4,0.5714285714285714,8.0,2.0,1.1809246273,0.89078039576,11.6,2.6,49.37774105040133,0.6806544916442888,6.0,2.8,0.0,2.0,0.2,2.0,0.0,2.0,0.5,0.5,7.0,1.0
3912203,2024-02-10,6602,1069,0,0,1.0,2.2,0.0,2.2,0.2,0.8,0,1,2.0,1.854502787,Away Win,1.07923844434,1.43435361868,10.2,3.4,44.22010627309521,0.684863679235268,5.8,1.2,0.0,0.0,0.6,0.0,4.0,0.0,0.3333333333333333,0.1666666666666666,7.0,2.0,1.7030045086,0.36483419592,14.8,5.4,61.94550189595027,0.8237568303301677,5.2,1.0,0.0,4.0,0.2,2.0,0.0,12.0,0.8571428571428571,0.6,5.0,2.0
3895232,2024-02-10,904,169,0,0,2.0,0.4,0.8,1.6,0.8,0.4,0,1,2.333333333333333,3.0166447956666667,Home Win,2.2740244336,0.5289743484,21.4,7.0,69.16490866530368,0.8892078066125675,7.2,1.8,0.0,4.0,0.2,1.0,0.0,21.0,0.6666666666666666,0.5925925925925926,7.0,2.0,3.29462350816,1.7566295327,20.2,7.4,58.8020927288254,0.8084825667951797,10.0,1.2,0.0,2.0,0.6,0.0,0.0,5.0,0.25,0.5,148.0,0.0
3923880,2024-02-10,4976,4881,0,0,1.4,0.2,0.4,1.0,0.8,0.2,0,0,0.0,0.0,Draw,2.4199725732,2.90258490114,13.2,6.2,50.44643914586038,0.7931127855550734,4.2,0.8,0.2,4.0,0.2,0.0,0.0,5.0,0.5,0.25,3.0,3.0,2.81496101,2.30442345566,12.2,3.6,44.062401719397926,0.7538725715109125,4.4,1.2,0.0,1.0,0.6,0.0,1.0,0.0,0.5,0.0,3.0,3.0
3912200,2024-02-11,929,3170,0,0,2.2,0.6,0.8,2.2,0.2,1.0,1,0,6.0,3.4654524054,Home Win,1.8126662121600003,0.62447875972,16.0,6.0,68.02607722727731,0.7955995847688169,6.2,1.0,0.0,2.0,0.6,0.0,0.0,6.0,0.8333333333333334,0.6666666666666666,7.0,2.0,1.87256910816,0.50377751916,17.4,6.2,61.070543605248666,0.7938789308708147,6.4,2.0,0.0,4.0,0.2,5.0,0.0,10.0,0.7142857142857143,0.6,7.0,2.0
3912202,2024-02-11,3165,924,0,0,1.2,2.2,0.4,0.4,2.4,0.0,0,0,4.0,1.1277318342,Draw,1.1509903790800002,1.2304984105,9.0,2.6,48.31422575028772,0.7197701211317618,2.8,1.4,0.0,2.0,0.2,0.0,1.0,0.0,0.2,0.4285714285714285,6.0,1.0,0.61925298912,1.69987772982,7.4,1.8,35.83988672463879,0.6332004859045826,3.2,1.6,0.0,0.0,0.4,0.0,6.0,0.0,0.0,0.0,9.0,2.0
3923881,2024-02-11,775,3374,0,0,1.2,0.2,0.8,0.8,1.4,0.4,1,0,1.0,2.1828011992,Away Win,2.14531769454,1.42135577958,12.4,3.8,42.95944136357544,0.7571574543509314,4.0,1.8,0.0,4.0,0.2,0.0,0.0,6.0,0.5,0.6666666666666666,4.0,2.0,1.88035482294,2.00937220746,14.8,4.0,56.85264636300376,0.8042825289206219,5.2,2.0,0.0,1.0,0.4,2.0,0.0,3.0,0.6666666666666666,0.3333333333333333,4.0,3.0
3912205,2024-02-12,19106,3166,0,0,0.6,1.6,0.2,1.4,1.6,0.2,0,1,6.0,3.4476391884999997,Away Win,1.0059937976,1.95112708408,9.0,2.8,42.46699829087657,0.6561591131536203,2.4,3.0,0.0,1.0,0.4,0.0,1.0,0.0,0.0,0.2857142857142857,9.0,1.0,0.87909759714,1.3235853956,10.2,4.0,49.28305233778069,0.7304314377089066,4.2,1.4,0.0,0.0,0.8,0.0,0.0,1.0,0.5,0.1666666666666666,8.0,1.0
3913138,2024-02-16,971,746,0,0,2.6,1.0,0.8,3.0,0.6,1.0,2,0,3.2857142857142856,3.7045303326857137,Away Win,2.1550016072,1.082251786,18.0,7.0,59.47610233767337,0.8147078459159086,6.4,0.6,0.0,3.0,0.4,4.0,0.0,4.0,0.8611111111111112,0.6363636363636364,12.0,1.0,2.0538907053,0.3842910627599999,17.8,7.0,62.68969672443895,0.8548195493822313,7.6,0.2,0.0,2.0,0.6,7.0,0.0,7.0,0.7837837837837838,0.7352941176470589,12.0,1.0
3912210,2024-02-16,19107,3170,0,0,1.4,1.8,0.2,1.8,0.8,0.8,0,1,4.0,3.6725265752,Home Win,0.7612461433,1.92963983348,11.2,4.2,45.22157280411498,0.658789769244694,3.8,2.4,0.0,1.0,0.6,0.0,0.0,2.0,0.2857142857142857,0.0,7.0,2.0,1.52773630668,0.58547319186,14.6,5.0,58.32703512160951,0.7913752353793142,5.4,1.8,0.0,3.0,0.2,0.0,1.0,0.0,0.7142857142857143,0.5,5.0,2.0
3912207,2024-02-17,19106,929,0,0,0.8,1.6,0.2,2.4,0.6,0.8,0,1,1.0,1.4485209469,Away Win,1.0067714869,1.6188118886000002,7.8,2.6,44.68747789083111,0.6772929362133456,2.6,3.2,0.0,1.0,0.6,0.0,2.0,0.0,0.0,0.2857142857142857,5.0,2.0,1.5402321891600002,0.68575230252,14.0,5.4,63.54990419555891,0.7777207136947997,6.2,1.2,0.0,2.0,0.6,1.0,0.0,7.0,0.8571428571428571,0.6666666666666666,6.0,2.0
3913135,2024-02-17,968,1475,0,0,1.8,1.0,0.6,2.0,1.2,0.6,2,1,2.0,2.2310366902500003,Home Win,2.4070640814,0.6755513524,19.6,6.2,60.91609615518763,0.8029860994636234,9.2,1.8,0.0,1.0,0.6,0.0,1.0,0.0,0.8235294117647058,0.7222222222222222,13.0,1.0,1.177585988,1.0934207103,12.0,4.6,54.08038516023231,0.7966435965470279,4.6,0.8,0.0,2.0,0.6,2.0,0.0,2.0,0.64,0.5416666666666666,13.0,1.0
3895244,2024-02-17,201,904,0,0,1.0,4.0,0.0,1.8,0.4,0.8,0,1,5.0,4.035160444,Away Win,0.32678839,3.708372054,2.0,2.0,29.426030719482625,0.7582417582417582,2.0,1.0,0.0,0.0,1.0,0.0,1.0,0.0,0.0,0.0,146.0,0.0,1.8006327768,0.5950634254,21.0,7.0,63.10920551944273,0.8788915098294592,7.2,2.4,0.0,4.0,0.2,2.0,0.0,22.0,0.6785714285714286,0.5925925925925926,7.0,2.0
3912206,2024-02-17,3168,3165,0,0,1.8,0.6,0.6,0.8,1.8,0.4,0,1,3.0,1.9345936294,Away Win,1.3251478072999998,1.10948405022,13.2,3.4,50.25782761986815,0.6691032924562113,6.4,2.4,0.0,2.0,0.4,0.0,0.0,3.0,0.5,0.4285714285714285,7.0,2.0,1.16033701568,0.9836609074200002,10.2,2.8,49.79483171846422,0.7320982465798703,3.4,1.6,0.0,2.0,0.2,0.0,0.0,1.0,0.1666666666666666,0.4285714285714285,6.0,2.0
3912209,2024-02-18,3166,3169,0,0,1.6,1.6,0.4,1.2,1.2,0.4,0,0,4.0,3.364915986,Away Win,0.77695830614,1.2411930108000002,10.0,4.2,46.90272859112029,0.7349078692179228,3.4,1.6,0.0,0.0,0.8,1.0,0.0,2.0,0.5,0.2857142857142857,6.0,2.0,1.25841786218,1.2220590087199998,11.4,4.8,53.54698338548525,0.7553821952627999,6.4,1.0,0.0,1.0,0.6,0.0,0.0,2.0,0.3333333333333333,0.5714285714285714,8.0,1.0
3912208,2024-02-18,924,6602,0,0,0.6,2.2,0.0,0.4,2.6,0.0,0,1,5.0,3.2515847420000004,Draw,0.65653960064,1.61414310262,8.8,2.6,37.65222908609366,0.6526912975820223,3.2,2.0,0.0,0.0,0.6,0.0,0.0,1.0,0.0,0.0,7.0,1.0,0.77312186174,1.71453357168,8.4,2.2,42.43002286252987,0.6870785655283667,5.8,0.8,0.0,0.0,0.4,0.0,5.0,0.0,0.2857142857142857,0.1666666666666666,8.0,1.0
3913136,2024-02-18,967,972,0,0,0.6,2.0,0.2,1.6,1.6,0.4,3,1,1.8,2.68416222564,Home Win,0.7017501924,2.1818023036,6.6,1.8,40.711395790685785,0.7576235838897455,2.4,1.6,0.0,1.0,0.4,0.0,4.0,0.0,0.2941176470588235,0.3235294117647059,14.0,1.0,1.6819690804,1.3837157422000002,12.0,4.6,45.176335466212045,0.7330216323605356,2.6,2.8,0.0,0.0,0.8,2.0,0.0,2.0,0.2,0.3235294117647059,14.0,1.0
3912211,2024-02-18,1069,3164,0,0,2.8,0.2,0.8,1.2,1.8,0.2,1,0,2.0,2.560814541,Home Win,2.0724707698,0.3806413785199999,17.2,6.4,63.66735250910524,0.8336706902219332,4.6,1.0,0.0,4.0,0.2,3.0,0.0,13.0,0.8571428571428571,0.6666666666666666,8.0,2.0,1.24723093146,1.02081803454,11.8,4.0,43.96203421521881,0.6599159404604502,8.0,1.0,0.0,1.0,0.4,0.0,0.0,1.0,0.2857142857142857,0.5,9.0,2.0
3913139,2024-02-18,749,2647,0,0,1.2,2.0,0.4,1.2,1.2,0.4,2,1,3.6666666666666665,1.95371891,Away Win,0.89979677036,1.484560948,8.2,4.2,41.889715485221046,0.7663072312996391,2.0,2.0,0.0,1.0,0.4,0.0,0.0,1.0,0.3043478260869565,0.3076923076923077,14.0,1.0,1.80450807676,1.2168593564,17.6,6.4,55.90613018331139,0.7944590643985333,6.2,1.6,0.0,2.0,0.6,0.0,0.0,1.0,0.1176470588235294,0.2777777777777778,15.0,0.0
3913140,2024-02-18,2652,973,0,0,0.8,1.2,0.2,1.2,2.2,0.0,1,0,6.0,3.167070223,Home Win,1.2210796292,1.60168962336,12.0,4.0,53.70080261209574,0.765189916952085,2.8,2.2,0.0,1.0,0.4,0.0,1.0,0.0,0.1666666666666666,0.2857142857142857,14.0,1.0,0.9151878612,1.9873744289,8.8,3.0,37.933272733657546,0.6610396259900806,2.6,1.6,0.0,0.0,0.8,0.0,0.0,1.0,0.1515151515151515,0.1944444444444444,15.0,0.0
3913137,2024-02-18,965,966,0,0,1.0,2.0,0.2,1.0,2.0,0.2,2,2,2.0,2.4254065811000003,Away Win,0.6861167570000001,1.6035544724000002,8.2,3.2,42.26357786397976,0.7135883033869839,3.4,1.2,0.0,0.0,0.4,0.0,2.0,0.0,0.2972972972972973,0.2121212121212121,14.0,1.0,0.7970716103000001,1.8059505732,7.8,2.6,45.25648948730445,0.7344156883915729,3.8,2.2,0.0,0.0,0.8,0.0,0.0,1.0,0.2727272727272727,0.25,14.0,1.0
3895250,2024-02-23,904,177,0,0,2.0,0.6,0.8,1.0,1.6666666666666667,0.3333333333333333,2,1,2.6666666666666665,2.0982704294,Home Win,1.8493376234,0.6233430412,19.6,6.4,60.27022412609523,0.8637297436634803,5.8,2.4,0.0,3.0,0.4,3.0,0.0,23.0,0.6785714285714286,0.6071428571428571,6.0,2.0,1.052450695,1.0458197344,9.0,3.6666666666666665,40.51887698446965,0.6788568431109242,2.333333333333333,1.6666666666666667,0.0,0.0,0.3333333333333333,0.0,1.0,0.0,0.5,0.0,146.0,0.0
3913143,2024-03-02,746,967,0,0,2.8,0.4,1.0,0.8,2.0,0.2,7,0,3.142857142857143,2.643088773757143,Home Win,1.9405204365,0.5840694293600001,16.2,6.8,59.2400516697808,0.8474977176089891,6.4,0.4,0.0,3.0,0.4,8.0,0.0,8.0,0.7837837837837838,0.7428571428571429,15.0,0.0,0.650403477,1.9246627023,5.6,1.8,42.08371867324105,0.7679466425738,2.2,2.0,0.0,1.0,0.4,1.0,0.0,1.0,0.3142857142857143,0.3235294117647059,13.0,1.0
3913145,2024-03-03,2652,971,0,0,1.4,1.2,0.4,2.4,0.4,0.8,0,1,7.0,3.7389234255,Away Win,1.8177074771,1.3115238668200002,15.8,5.4,55.58605723793495,0.7713881135881178,5.6,2.0,0.0,1.0,0.4,1.0,0.0,1.0,0.2857142857142857,0.2857142857142857,14.0,1.0,2.2702973122000003,0.8303837059999999,19.0,7.0,61.29686536576927,0.824291179249242,8.0,0.8,0.0,3.0,0.2,0.0,1.0,0.0,0.8378378378378378,0.6363636363636364,16.0,0.0
3913142,2024-03-03,968,749,0,0,1.6,1.0,0.6,1.4,1.6,0.4,3,1,3.25,3.00475991015,Home Win,2.410617167,0.6839360392,20.4,6.2,61.64761085542906,0.8167657875175051,9.2,1.4,0.0,1.0,0.6,1.0,0.0,1.0,0.8285714285714286,0.7222222222222222,15.0,0.0,0.94517236636,1.4024690868,9.4,4.0,43.75827835160206,0.7822652658199635,2.6,2.0,0.0,1.0,0.6,0.0,1.0,0.0,0.2916666666666667,0.3076923076923077,14.0,1.0
3913144,2024-03-03,972,1475,0,0,1.6,1.8,0.4,1.4,1.8,0.4,1,3,4.5,2.8416297805,Draw,1.4248294791,1.3323690268,11.0,4.0,43.80401258365679,0.734500203380391,2.8,2.6,0.0,0.0,0.8,0.0,1.0,0.0,0.2,0.3142857142857143,14.0,1.0,1.0851532497999998,1.4535745673,11.6,4.2,50.97404830427287,0.7879083511612566,5.0,1.2,0.0,1.0,0.8,0.0,1.0,0.0,0.64,0.52,15.0,0.0
3913146,2024-03-03,973,965,0,0,1.4,3.0,0.0,0.6,1.8,0.2,2,2,2.1666666666666665,2.1513808937833336,Away Win,0.78996317906,2.6262959272,8.0,3.0,35.3132904723081,0.6523082181046631,1.8,1.6,0.0,0.0,0.8,0.0,1.0,0.0,0.1515151515151515,0.1891891891891892,14.0,1.0,0.3823366787,1.6778221379999998,6.8,2.4,46.30653409401701,0.7327955431660869,3.2,0.8,0.0,0.0,0.2,0.0,3.0,0.0,0.2894736842105263,0.2121212121212121,14.0,1.0
3913141,2024-03-03,2647,966,0,0,1.4,1.0,0.6,1.0,1.8,0.4,0,1,2.0,1.6124385533,Away Win,1.90771630216,1.0441319922,18.8,6.6,58.04127149921061,0.8018812043923663,7.0,2.0,0.0,2.0,0.6,1.0,0.0,2.0,0.1176470588235294,0.3157894736842105,14.0,1.0,0.9136329263,1.6671115693,7.4,2.8,41.94826089277745,0.7206009487703817,4.0,2.2,0.0,1.0,0.6,1.0,0.0,2.0,0.2727272727272727,0.28,14.0,1.0
3895258,2024-03-03,186,904,0,0,0.6666666666666666,2.0,0.3333333333333333,1.8,0.4,0.8,1,2,2.6666666666666665,2.7963312128,Away Win,1.2825412802333336,1.5137899325666666,13.333333333333334,5.333333333333333,45.60380077677601,0.7537387510366819,7.0,1.0,0.3333333333333333,0.0,0.3333333333333333,0.0,2.0,0.0,0.0,0.5,147.0,0.0,1.6957609855000002,0.6342243773999999,19.4,6.4,61.62598936451225,0.8586054160163311,6.2,2.4,0.0,3.0,0.4,4.0,0.0,24.0,0.6896551724137931,0.6071428571428571,9.0,1.0
3912214,2024-03-08,3164,924,0,0,1.2,2.0,0.2,0.6,1.8,0.0,1,0,1.0,1.5869477765,Home Win,1.13038664806,1.2658764135399998,11.0,4.6,43.54130769234517,0.6584525258263039,7.6,1.0,0.0,1.0,0.4,0.0,1.0,0.0,0.2857142857142857,0.4285714285714285,19.0,0.0,0.55310107524,1.58125140546,8.4,2.8,38.562398577619085,0.6762983864881054,3.2,2.0,0.0,1.0,0.6,0.0,0.0,2.0,0.0,0.0,19.0,0.0
3912217,2024-03-09,3169,19106,0,0,1.4,0.8,0.6,1.0,3.4,0.2,1,0,3.0,3.2857788674999995,Home Win,1.32697576108,0.75621163592,12.6,5.4,54.48533271970499,0.7679662031831306,6.4,1.6,0.0,1.0,0.6,1.0,0.0,3.0,0.3333333333333333,0.625,20.0,0.0,0.9176142511,2.6719672684000004,7.4,2.8,41.529938330014815,0.6966360402043912,1.8,3.2,0.0,0.0,0.8,0.0,3.0,0.0,0.0,0.2857142857142857,21.0,0.0
3912215,2024-03-09,3170,1069,0,0,1.4,1.0,0.6,2.6,0.2,0.8,0,0,0.0,1.0363914435,Away Win,1.43445715688,0.66332333366,13.2,4.8,58.883632963310376,0.7866965988973991,5.2,1.6,0.0,3.0,0.2,0.0,2.0,0.0,0.7142857142857143,0.4285714285714285,22.0,0.0,2.387554504,0.3983921935999999,17.8,6.0,61.84874954955272,0.8128996592929383,4.0,1.0,0.0,4.0,0.2,4.0,0.0,14.0,0.875,0.6666666666666666,20.0,0.0
3895266,2024-03-10,904,179,0,0,2.2,0.4,1.0,1.0,2.0,0.3333333333333333,2,1,3.0,2.600593212433333,Home Win,1.4421828157,0.7347720822,17.2,5.6,62.19277992054295,0.8584039882083315,6.4,2.2,0.0,3.0,0.4,5.0,0.0,25.0,0.6896551724137931,0.6206896551724138,7.0,1.0,1.3580783725333332,1.2425148399,13.666666666666666,5.666666666666667,48.42480379167498,0.7685058242638371,3.6666666666666665,2.333333333333333,0.0,0.0,0.6666666666666666,0.0,2.0,0.0,0.5,0.0,141.0,0.0
3912212,2024-03-10,3165,3166,0,0,1.2,1.8,0.4,1.8,1.4,0.4,0,1,3.0,1.4254848354999998,Draw,1.17319099688,0.89090745962,11.0,3.8,50.07194992802273,0.7255530989005454,4.4,1.2,0.0,2.0,0.2,1.0,0.0,2.0,0.1666666666666666,0.5,22.0,0.0,0.8255374916199999,1.2746935125,10.4,4.0,51.18899717244253,0.7461525170301874,3.8,1.2,0.0,0.0,1.0,0.0,1.0,0.0,0.4285714285714285,0.2857142857142857,21.0,0.0
3912213,2024-03-10,6602,3168,0,0,0.2,1.8,0.0,1.4,1.2,0.4,0,1,3.0,1.549051244,Home Win,0.76673675728,1.30667189008,9.4,2.8,47.054754045325566,0.7238644746547014,6.4,1.2,0.0,1.0,0.2,0.0,0.0,1.0,0.2857142857142857,0.1428571428571428,21.0,0.0,1.1197818546,1.2595773876199998,12.0,2.8,46.64655801833173,0.6404899247703615,6.0,2.4,0.0,1.0,0.4,0.0,1.0,0.0,0.4285714285714285,0.4285714285714285,22.0,0.0
3912216,2024-03-11,929,19107,0,0,3.4,0.6,0.8,1.8,2.0,0.4,1,0,2.0,2.8424405446,Home Win,2.31990046256,0.5256409213200001,16.6,6.8,64.17931314015175,0.780189656434344,7.4,1.4,0.0,2.0,0.6,2.0,0.0,8.0,0.8571428571428571,0.7142857142857143,23.0,0.0,0.8403168391,2.20104037668,10.4,4.8,42.00706786317856,0.6571780487639567,3.0,2.0,0.0,0.0,0.8,1.0,0.0,3.0,0.375,0.0,24.0,0.0
3912219,2024-03-15,3169,929,0,0,1.4,0.6,0.6,4.0,0.6,0.8,0,0,4.0,3.197063861,Home Win,1.47358521608,0.86066227012,13.8,4.8,55.28764029523254,0.7716981085614996,6.6,1.6,0.0,2.0,0.4,2.0,0.0,4.0,0.4285714285714285,0.625,6.0,1.0,3.0070243050000003,0.50126100612,18.0,6.8,62.5431739533606,0.7791865129308736,7.8,1.4,0.0,2.0,0.6,3.0,0.0,9.0,0.875,0.7142857142857143,4.0,1.0
3913152,2024-03-15,971,968,0,0,2.6,0.4,0.8,1.8,0.8,0.8,4,2,3.7142857142857135,2.603914591857143,Home Win,2.2484173666,0.7225637173999999,18.6,6.6,57.31068422664696,0.8183312573740447,8.8,0.6,0.0,3.0,0.2,1.0,0.0,1.0,0.8378378378378378,0.6470588235294118,12.0,1.0,2.3419549808,0.6694927702,17.0,5.4,61.097972341543176,0.8176636957993486,9.0,1.6,0.0,2.0,0.6,2.0,0.0,2.0,0.8333333333333334,0.7222222222222222,12.0,1.0
3912221,2024-03-16,3168,3164,0,0,1.6,1.4,0.4,1.8,2.2,0.2,0,0,2.0,0.8655714765,Draw,1.52652742394,1.52744793326,14.2,3.8,51.37839718940954,0.6796011919724613,8.0,2.4,0.0,1.0,0.6,0.0,2.0,0.0,0.4285714285714285,0.375,6.0,1.0,1.45444301066,1.39880964166,10.6,4.6,45.33746893332248,0.6702730689195742,6.2,1.2,0.0,0.0,0.6,1.0,0.0,1.0,0.375,0.4285714285714285,8.0,1.0
3913147,2024-03-16,967,2647,0,0,0.8,1.6,0.2,1.4,1.8,0.4,3,0,4.333333333333333,3.204037577333333,Away Win,0.6916614218000001,2.0350842427,5.4,1.4,41.7178617968052,0.7637162310204003,2.2,1.6,0.0,1.0,0.4,0.0,1.0,0.0,0.3142857142857143,0.3142857142857143,14.0,1.0,1.82381680316,1.2029705396,16.8,6.2,57.25145190820749,0.7924110008415767,7.0,1.8,0.0,1.0,0.8,0.0,1.0,0.0,0.1111111111111111,0.3157894736842105,13.0,1.0
3912218,2024-03-16,1069,19107,0,0,2.8,0.2,1.0,1.6,2.4,0.4,1,0,3.0,3.052880562,Home Win,1.9999017682,0.4763881865999999,15.4,5.8,56.66366061734999,0.7972403582068273,3.2,0.8,0.0,4.0,0.2,5.0,0.0,15.0,0.875,0.7142857142857143,7.0,1.0,0.7258371306999999,2.8663533460800004,8.2,4.0,42.405734639277306,0.645917556517549,3.4,2.0,0.0,0.0,0.6,0.0,1.0,0.0,0.375,0.0,5.0,1.0
3895275,2024-03-17,183,904,0,0,1.0,2.0,0.0,2.2,0.4,1.0,0,1,3.0,2.1936165076,Away Win,0.7682742250000001,1.4253422826,10.0,4.0,30.434782608695656,0.7446808510638298,4.0,2.0,0.0,0.0,1.0,0.0,1.0,0.0,0.0,0.0,140.0,0.0,1.408988826,0.62595048,17.0,5.6,63.90348397846698,0.8647535814888488,7.6,2.0,0.0,3.0,0.4,6.0,0.0,26.0,0.7,0.6206896551724138,7.0,2.0
3913150,2024-03-17,965,746,0,0,2.0,2.2,0.4,2.4,0.4,1.0,1,4,3.8333333333333335,3.8094873582666655,Away Win,1.2296782927,1.5695934458,9.2,4.0,50.85297729374649,0.7607099115978568,3.2,0.6,0.0,0.0,0.4,1.0,0.0,1.0,0.2894736842105263,0.2352941176470588,14.0,1.0,2.0509419769,0.6253273741600001,17.2,7.2,59.605908546216654,0.848527993667874,7.4,0.2,0.0,3.0,0.4,9.0,0.0,9.0,0.7894736842105263,0.7428571428571429,15.0,0.0
3913149,2024-03-17,749,2652,0,0,1.2,1.8,0.2,1.2,1.8,0.4,0,0,2.0,2.930934041,Home Win,0.93072909736,1.3338069006000002,9.6,4.0,44.30791686548794,0.8002071643469684,3.0,2.6,0.0,0.0,0.6,0.0,2.0,0.0,0.2916666666666667,0.2962962962962963,14.0,1.0,1.5666489835,1.5199115306200004,13.2,5.6,53.37054264500099,0.7788425600445015,5.2,1.8,0.0,1.0,0.2,0.0,1.0,0.0,0.25,0.2857142857142857,14.0,1.0
3912223,2024-03-17,924,3170,0,0,0.6,1.8,0.0,0.8,1.4,0.4,0,1,6.0,6.002914511500001,Away Win,0.5278402561,1.67553754616,9.8,3.2,39.27201831043006,0.6888060140959227,2.6,1.4,0.0,1.0,0.6,0.0,1.0,0.0,0.0,0.0,9.0,1.0,1.39868552428,0.78331138146,13.8,4.4,59.36737668547951,0.7821783291800626,5.4,1.8,0.0,2.0,0.4,0.0,3.0,0.0,0.625,0.4285714285714285,8.0,1.0
3912222,2024-03-17,19106,3165,0,0,0.8,3.6,0.2,1.2,1.0,0.4,1,0,2.0,3.7684521903,Draw,0.9521027950999998,2.400895503,8.2,2.8,42.27071862967362,0.7123934737859993,1.8,3.0,0.0,0.0,0.6,0.0,4.0,0.0,0.0,0.25,8.0,1.0,1.19770738978,0.7205105138200001,11.2,3.4,51.68446289034559,0.7202075396068366,4.6,1.0,0.0,3.0,0.2,0.0,0.0,3.0,0.1428571428571428,0.5,7.0,1.0
3913151,2024-03-17,1475,973,0,0,1.4,1.6,0.4,2.0,3.8,0.0,3,1,2.75,2.874064848125,Home Win,1.2937376326,1.361963683,12.8,5.0,50.50690155306169,0.7936432032416235,5.6,1.0,0.0,1.0,0.8,0.0,0.0,1.0,0.64,0.5,14.0,1.0,0.92275237786,2.9918453374,9.8,3.6,36.879521439851416,0.6572002338114693,2.0,1.8,0.0,0.0,1.0,0.0,2.0,0.0,0.1470588235294117,0.1891891891891892,14.0,1.0
3913148,2024-03-17,966,972,0,0,1.4,1.8,0.4,1.6,1.8,0.4,2,1,2.4,2.65623210288,Home Win,0.8917280061999999,1.7873123351,8.4,3.4,42.72591137978348,0.7287904636762034,4.6,2.0,0.0,1.0,0.6,2.0,0.0,3.0,0.2727272727272727,0.3076923076923077,14.0,1.0,1.2624374679,1.4346325308,11.2,3.2,44.372350003648506,0.7425074805180503,2.6,2.2,0.0,0.0,0.8,0.0,0.0,1.0,0.1944444444444444,0.3142857142857143,14.0,1.0
3912220,2024-03-18,3166,6602,0,0,1.0,1.2,0.2,0.6,1.8,0.2,1,0,1.0,1.0231205373,Home Win,0.61247217012,1.1981176998,9.0,3.4,47.7326315136297,0.7391678453303474,3.0,1.2,0.0,1.0,0.8,0.0,0.0,1.0,0.4285714285714285,0.25,8.0,1.0,1.15985783474,1.6266897966200002,11.2,3.2,46.056716342489054,0.7214053243279039,7.0,1.0,0.0,1.0,0.4,1.0,0.0,2.0,0.375,0.1428571428571428,8.0,1.0
3912227,2024-03-22,3165,3169,0,0,0.8,1.0,0.2,1.8,0.6,0.8,1,0,5.0,2.956450952,Away Win,1.20117641536,0.6949542195199999,13.2,3.6,55.48607689591837,0.7312455400383093,5.8,1.2,0.0,3.0,0.2,0.0,0.0,4.0,0.1428571428571428,0.4444444444444444,5.0,2.0,1.63062104088,1.1911131215200002,14.6,5.0,53.86405154720833,0.7590362461586169,5.6,1.6,0.0,2.0,0.6,3.0,0.0,5.0,0.5,0.625,7.0,2.0
3912226,2024-03-23,6602,19106,0,0,0.6,2.0,0.2,0.4,3.4,0.0,1,0,4.0,3.3798584572999992,Away Win,1.40742233454,1.6380688767400002,13.0,4.6,48.654474616783226,0.7401735381095891,6.4,1.2,0.0,1.0,0.4,0.0,1.0,0.0,0.375,0.125,5.0,2.0,0.7366095724,2.64473588826,6.8,2.6,37.614225163104926,0.6612313201848213,1.2,2.6,0.0,1.0,0.4,0.0,0.0,1.0,0.0,0.25,6.0,2.0
3913155,2024-03-23,746,1475,0,0,2.2,0.4,1.0,1.6,1.0,0.6,3,0,3.0,2.4974292728750003,Home Win,1.7213643479000005,0.6083160705000001,17.0,7.2,61.82704112369913,0.864860715059604,6.8,0.2,0.0,3.0,0.4,10.0,0.0,10.0,0.7894736842105263,0.75,6.0,1.0,1.2434293836,1.0594594446,12.6,4.6,55.004560415937945,0.8174295877849843,6.8,0.6,0.0,2.0,0.6,1.0,0.0,2.0,0.6538461538461539,0.5,6.0,1.0
3912224,2024-03-23,929,1069,0,0,3.6,0.8,0.6,3.6,0.2,1.0,0,1,3.0,3.0493893080000003,Away Win,3.3514951774000004,0.65029719252,22.0,7.4,60.466206087659046,0.7713316133428941,7.2,2.0,0.0,2.0,0.6,0.0,1.0,0.0,0.875,0.625,8.0,2.0,2.6249326196,0.51554847012,17.2,7.2,59.32119845561073,0.8120305763799273,3.2,1.0,0.0,4.0,0.2,6.0,0.0,16.0,0.8888888888888888,0.7142857142857143,7.0,2.0
3912225,2024-03-24,3164,3166,0,0,1.6,1.6,0.2,1.2,0.8,0.4,0,0,0.0,2.0020844328000003,Draw,1.77704522406,1.26397389006,12.0,4.6,48.52325469622457,0.6780068941569861,6.8,1.2,0.0,1.0,0.4,0.0,0.0,2.0,0.375,0.375,8.0,1.0,0.8220201533200001,1.239905479,11.4,4.4,48.4086946560141,0.7381225900844971,4.4,0.4,0.0,2.0,0.6,1.0,0.0,2.0,0.5,0.25,6.0,2.0
3913157,2024-03-24,2652,965,0,0,1.2,1.8,0.4,1.6,2.6,0.2,0,0,4.0,2.98435561,Away Win,1.3762361527,1.45687911156,12.6,5.0,54.32696414831692,0.7896462491090601,5.2,2.0,0.0,1.0,0.2,0.0,2.0,0.0,0.25,0.25,7.0,1.0,1.15164475824,1.6682776497999998,8.2,3.4,46.1364018978863,0.7682507119555586,3.0,1.2,0.0,0.0,0.4,0.0,1.0,0.0,0.282051282051282,0.2352941176470588,7.0,1.0
3913158,2024-03-24,972,971,0,0,1.2,1.6,0.4,2.6,0.4,0.8,0,6,3.571428571428572,3.5252241051000004,Away Win,0.9785272877,1.6000657354,9.8,2.8,43.82194957413752,0.7374331266413107,1.6,1.4,0.0,0.0,0.8,0.0,1.0,0.0,0.1944444444444444,0.3055555555555556,7.0,1.0,2.4051154652,0.6514299955999999,18.2,7.2,54.98150486728205,0.8084588960583844,8.0,0.8,0.0,3.0,0.2,2.0,0.0,2.0,0.8421052631578947,0.6470588235294118,9.0,1.0
3913154,2024-03-24,973,749,0,0,1.6,3.6,0.0,0.6,1.2,0.2,0,2,3.25,2.78256948625,Away Win,0.68845957786,2.9952185646,6.8,2.8,34.8406976755549,0.6612216258317841,2.0,2.0,0.0,0.0,0.8,0.0,3.0,0.0,0.1470588235294117,0.1842105263157894,7.0,1.0,0.8521328039599998,1.120225708,8.6,3.0,43.924455802687895,0.7944341804276926,2.4,3.0,0.0,1.0,0.4,1.0,0.0,1.0,0.32,0.2962962962962963,7.0,1.0
3913156,2024-03-24,2647,968,0,0,1.6,2.0,0.4,1.6,1.2,0.6,0,2,2.333333333333333,2.738594468700001,Away Win,1.6709089511,0.9876891174,15.4,5.8,57.23092237198058,0.8125170494040986,6.2,1.8,0.0,0.0,1.0,1.0,0.0,1.0,0.1111111111111111,0.35,8.0,1.0,1.8671698374,1.1221556266,15.4,4.6,60.16916947345313,0.8156036147287727,8.2,1.8,0.0,2.0,0.6,0.0,1.0,0.0,0.8333333333333334,0.7027027027027027,9.0,1.0
3912228,2024-03-24,19107,924,0,0,1.6,3.0,0.4,0.6,1.8,0.0,0,0,2.0,1.2717110913999998,Home Win,0.7822540379200001,3.3824348578,8.8,3.4,39.05866396611968,0.6417468556908565,3.8,2.2,0.0,0.0,0.6,0.0,2.0,0.0,0.375,0.0,8.0,2.0,0.3849954666999999,1.82324940486,7.6,3.0,35.77515403198826,0.6776532714798889,1.8,1.0,0.0,1.0,0.6,0.0,2.0,0.0,0.0,0.0,7.0,1.0
3913153,2024-03-24,967,966,0,0,0.8,1.6,0.2,1.8,1.0,0.6,3,0,1.6666666666666667,2.1154180363,Draw,0.8151479826000001,1.5849201103,6.6,1.4,42.94402659963912,0.7685618663745102,2.4,1.2,0.0,1.0,0.4,0.0,2.0,0.0,0.3055555555555556,0.3142857142857143,8.0,1.0,1.2938239334,1.2093233473000002,10.4,4.4,44.79230604942451,0.7270104019378952,4.6,2.0,0.0,1.0,0.6,3.0,0.0,4.0,0.3043478260869565,0.3076923076923077,7.0,1.0
3912229,2024-03-25,3170,3168,0,0,1.0,1.6,0.4,1.2,1.2,0.2,1,0,1.0,2.2079514890000005,Home Win,1.5300176226,0.74269686886,14.4,4.4,60.9067867958134,0.7928045527281189,5.6,1.4,0.0,1.0,0.6,1.0,0.0,1.0,0.625,0.5,8.0,1.0,1.40554722754,1.86715862306,12.8,4.4,51.921213087555394,0.6749753869304794,6.8,2.4,0.0,2.0,0.4,0.0,0.0,1.0,0.375,0.375,9.0,1.0
3895286,2024-03-30,904,175,0,0,2.2,0.8,1.0,1.3333333333333333,2.0,0.0,2,0,3.333333333333333,3.296371646666667,Home Win,1.7214547017999997,0.6884510118,18.0,5.4,69.57220383496998,0.8821905635629795,8.4,1.4,0.0,2.0,0.6,7.0,0.0,27.0,0.7,0.6333333333333333,13.0,1.0,1.0541740426666666,2.242197604,7.666666666666667,3.6666666666666665,42.22793229350195,0.6723816717019133,3.6666666666666665,1.6666666666666667,0.0,0.0,1.0,0.0,1.0,0.0,0.0,0.0,147.0,0.0
3913159,2024-03-30,2647,2652,0,0,1.6,2.2,0.4,1.4,2.4,0.2,1,0,1.0,3.4243862403,Draw,1.4479869323,1.5484798936,14.0,5.4,53.86154648348575,0.8096221259485444,5.4,1.4,0.0,0.0,1.0,0.0,1.0,0.0,0.1052631578947368,0.35,6.0,2.0,1.4409745133,1.6794708953600002,13.6,5.2,53.69220760709045,0.7826695049230137,6.0,1.6,0.0,0.0,0.4,0.0,3.0,0.0,0.2222222222222222,0.25,6.0,2.0
3913162,2024-03-30,966,746,0,0,1.8,0.6,0.6,2.4,0.6,1.0,0,4,3.25,2.815336877925,Away Win,1.3226811208,0.8867737733000001,11.2,5.0,48.55585368004163,0.7406514348449832,5.4,1.4,0.0,2.0,0.6,0.0,0.0,5.0,0.3043478260869565,0.2962962962962963,6.0,2.0,1.9346222045,0.7584365635400001,17.6,7.4,58.89884757972832,0.8548181618681147,5.8,0.2,0.0,2.0,0.6,11.0,0.0,11.0,0.7948717948717948,0.75,7.0,2.0
3913161,2024-03-31,1475,967,0,0,1.4,1.4,0.4,0.8,1.4,0.2,5,0,3.6,2.50817126862,Home Win,1.2081587816,1.2419976134,12.2,3.8,54.53583401783423,0.8122275525203184,8.0,0.8,0.0,2.0,0.6,0.0,1.0,0.0,0.6538461538461539,0.4814814814814814,8.0,2.0,0.6830212845999999,1.5035762176999998,6.6,1.6,44.94309419870672,0.7747108791909667,3.0,1.2,0.0,2.0,0.4,0.0,0.0,1.0,0.2972972972972973,0.3142857142857143,7.0,1.0
3913164,2024-03-31,972,965,0,0,0.8,1.8,0.2,2.2,2.4,0.4,4,3,2.2857142857142856,2.5089567275,Draw,0.8164733539,1.6604791198000002,8.4,1.6,41.353277866215535,0.732185236345952,1.4,1.0,0.0,0.0,0.6,0.0,2.0,0.0,0.1891891891891892,0.3055555555555556,7.0,2.0,1.5856944244400002,1.518863679,9.6,4.4,47.749033008089455,0.7605960834790124,4.0,2.0,0.0,0.0,0.6,1.0,0.0,1.0,0.282051282051282,0.2571428571428571,7.0,2.0
3895292,2024-04-06,190,904,0,0,0.0,4.0,0.0,2.2,0.8,1.0,0,1,4.0,1.922119356,Away Win,0.038901003,1.883218353,2.0,2.0,31.980906921241047,0.7885572139303483,1.0,1.0,0.0,0.0,0.0,0.0,1.0,0.0,0.0,0.0,146.0,0.0,1.9116390404,0.7268421472,21.2,7.0,70.96303438105707,0.8934107609959658,9.2,1.2,0.0,2.0,0.6,8.0,0.0,28.0,0.7096774193548387,0.6333333333333333,7.0,1.0
3912234,2024-04-12,3168,19107,0,0,0.4,1.6,0.0,1.8,2.8,0.4,1,0,5.0,3.545484211,Draw,0.93876195094,1.87613281818,8.8,3.4,47.70047422597303,0.6645780673460051,5.2,1.6,0.0,1.0,0.4,0.0,1.0,0.0,0.375,0.3333333333333333,18.0,0.0,0.9827017299200002,3.43648136,9.0,4.2,40.87988114287659,0.65617786529428,4.2,1.8,0.0,1.0,0.4,1.0,0.0,1.0,0.4444444444444444,0.0,19.0,0.0
3912231,2024-04-13,3165,929,0,0,1.2,1.0,0.2,3.4,1.4,0.6,0,1,4.0,3.2629278757,Away Win,1.57227653216,0.8564823261200001,15.2,4.6,58.979878173506094,0.7459555260857481,6.4,1.4,0.0,3.0,0.4,0.0,1.0,0.0,0.125,0.4444444444444444,22.0,0.0,3.2236423167599995,0.7537063615999999,21.6,7.2,59.093290513493706,0.7760766019244724,6.0,1.6,0.0,2.0,0.4,0.0,2.0,0.0,0.7777777777777778,0.625,21.0,0.0
3912235,2024-04-13,3166,3170,0,0,1.0,0.6,0.4,1.2,1.6,0.4,0,0,4.0,1.794961134,Home Win,0.8225885894000001,0.9488337991999998,12.0,3.8,52.04235335190291,0.7591966775245174,4.8,1.0,0.0,3.0,0.4,0.0,0.0,3.0,0.5,0.2222222222222222,20.0,0.0,1.51369779212,0.7681564448,14.8,4.8,61.04355078221458,0.7903511365790505,7.0,0.8,0.0,1.0,0.6,2.0,0.0,2.0,0.6666666666666666,0.5,19.0,0.0
3895302,2024-04-14,904,176,0,0,2.0,0.6,1.0,1.3333333333333333,2.333333333333333,0.3333333333333333,2,1,3.6666666666666665,1.8064887481000005,Home Win,2.2018039995,0.6076242393000001,21.8,7.6,70.7714775988839,0.8979035757743141,9.0,1.0,0.0,3.0,0.4,9.0,0.0,29.0,0.7096774193548387,0.6451612903225806,8.0,1.0,0.8181085351666667,0.9883802129333334,7.333333333333333,1.6666666666666667,38.160813567851385,0.6521562810582407,3.0,1.6666666666666667,0.0,0.0,0.3333333333333333,0.0,1.0,0.0,0.0,1.0,141.0,0.0
3913160,2024-04-14,968,973,0,0,1.8,1.4,0.6,1.4,3.4,0.0,6,0,5.166666666666667,4.1173767275,Home Win,2.2600918482,1.0057602451999998,19.8,5.8,60.03157672627593,0.8251358273537687,8.6,1.8,0.0,1.0,0.8,1.0,0.0,1.0,0.8333333333333334,0.7105263157894737,21.0,0.0,0.6672393614600001,3.0142222979,7.8,2.4,32.38493594840516,0.6631391448024209,2.6,1.8,0.0,0.0,0.6,0.0,4.0,0.0,0.1428571428571428,0.1842105263157894,21.0,0.0
3912230,2024-04-14,19106,3164,0,0,1.2,3.2,0.2,1.6,1.4,0.2,0,1,5.0,3.0279201930000004,Away Win,0.99333420348,2.6422660668600004,8.6,3.6,36.29516405424213,0.6208326055150069,1.6,3.0,0.0,1.0,0.6,1.0,0.0,2.0,0.0,0.3333333333333333,22.0,0.0,1.8806850232,1.1711738052599998,12.2,4.6,50.18234477877903,0.6886859874048867,6.6,1.4,0.0,2.0,0.4,0.0,0.0,3.0,0.3333333333333333,0.375,21.0,0.0
3912233,2024-04-14,924,1069,0,0,0.6,2.0,0.0,3.6,0.2,1.0,0,1,2.0,3.5147981790000005,Away Win,0.70096126598,1.96309451514,9.2,3.4,38.80744295964628,0.6839489275329753,2.0,1.2,0.0,1.0,0.6,0.0,3.0,0.0,0.0,0.0,21.0,0.0,2.5689135872,0.8419270492800001,16.0,7.0,55.06177935892335,0.7795149431099764,2.8,1.6,0.0,4.0,0.2,7.0,0.0,17.0,0.8888888888888888,0.75,22.0,0.0
3912232,2024-04-15,3169,6602,0,0,2.2,1.0,0.8,1.0,2.4,0.2,1,0,3.0,1.9445352642,Draw,1.79764535656,1.4987315477999998,14.8,5.8,49.87234553270539,0.7422299491423316,5.6,1.8,0.0,1.0,0.8,4.0,0.0,6.0,0.5,0.6666666666666666,24.0,0.0,1.63131633894,1.86953859242,15.2,6.2,50.04149512573692,0.7346653977056864,6.4,1.8,0.0,1.0,0.4,0.0,2.0,0.0,0.3333333333333333,0.125,23.0,0.0
3913165,2024-04-17,971,2647,0,0,2.4,0.4,0.8,1.6,2.2,0.4,3,0,4.0,3.036464312266667,Home Win,2.1463816600000003,0.8428720265999999,17.8,6.6,53.67154436621943,0.8034770372075514,7.8,1.0,0.0,3.0,0.2,3.0,0.0,3.0,0.8421052631578947,0.6571428571428571,24.0,0.0,0.9863954694,1.6566866584,9.4,4.2,50.37137403679155,0.8021360944682072,4.2,2.0,0.0,0.0,1.0,0.0,0.0,1.0,0.1,0.35,18.0,0.0
3913166,2024-04-19,965,967,0,0,2.2,2.0,0.4,1.0,1.6,0.2,2,2,3.0,2.269682331228571,Away Win,1.68788189964,1.4427996188000003,10.8,4.4,50.35362613273258,0.7577955544459318,4.4,2.4,0.0,1.0,0.6,0.0,0.0,2.0,0.282051282051282,0.25,19.0,0.0,0.7519915032,1.3539734455,7.4,2.0,43.84111519719589,0.771135504141803,3.0,1.0,0.0,2.0,0.6,0.0,1.0,0.0,0.2972972972972973,0.3055555555555556,19.0,0.0
3912240,2024-04-19,19107,3166,0,0,1.2,2.2,0.4,1.0,0.4,0.4,0,0,2.0,2.075699931,Home Win,0.8434677173199999,2.83665495,8.0,3.2,40.81958581884049,0.6666506120466571,3.2,1.4,0.0,1.0,0.4,0.0,0.0,2.0,0.4444444444444444,0.0,7.0,1.0,0.9952468476,1.15239282704,11.6,3.8,50.23603621225244,0.7478056404910385,5.2,0.8,0.0,4.0,0.2,1.0,0.0,4.0,0.5555555555555556,0.2222222222222222,6.0,1.0
3913170,2024-04-20,973,966,0,0,1.0,4.0,0.0,1.8,1.2,0.6,1,2,3.0,2.2358023624400003,Away Win,0.64537023926,2.983844513,7.6,2.0,31.87772761031698,0.6751563735114925,3.2,1.2,0.0,0.0,0.4,0.0,5.0,0.0,0.1428571428571428,0.1794871794871795,6.0,1.0,1.2833618386,0.9182899144,11.2,5.4,45.82476737410953,0.7404461171157972,5.0,1.8,0.0,2.0,0.6,0.0,1.0,0.0,0.2916666666666667,0.2962962962962963,21.0,0.0
3912241,2024-04-20,3170,19106,0,0,1.2,1.4,0.4,1.0,3.6,0.2,1,0,2.0,2.8107290829,Home Win,1.7164131047600002,0.8732580407999999,15.6,4.6,62.61099204364491,0.7923227430070277,7.0,0.8,0.0,1.0,0.6,0.0,1.0,0.0,0.6666666666666666,0.4444444444444444,7.0,1.0,0.90402894908,2.89353918766,8.0,3.4,35.409625670023,0.6233826339317459,1.0,2.6,0.0,1.0,0.4,0.0,1.0,0.0,0.0,0.3333333333333333,6.0,1.0
3912236,2024-04-20,3164,3169,0,0,1.6,0.6,0.4,2.2,1.0,0.8,1,0,3.0,2.7323344266000005,Home Win,1.489932685,1.0202736188599997,13.2,4.8,50.05260912885619,0.7060265377820238,6.0,2.0,0.0,3.0,0.2,1.0,0.0,4.0,0.3333333333333333,0.4444444444444444,6.0,1.0,1.4869241861,1.5013691328,14.2,5.4,52.2777600599004,0.7543176611192655,5.4,1.6,0.0,1.0,0.8,0.0,0.0,7.0,0.4444444444444444,0.6666666666666666,5.0,1.0
3913167,2024-04-21,1475,749,0,0,1.8,1.6,0.4,0.8,0.8,0.4,5,0,3.2,2.64400366398,Draw,1.4751631505999998,1.3568781482,14.6,4.6,55.5478871657564,0.8167986980924855,8.4,1.0,0.0,1.0,0.8,1.0,0.0,1.0,0.6666666666666666,0.4814814814814814,21.0,0.0,1.1760116041,1.0284047638,12.6,3.8,50.32224851790742,0.8022263882199004,4.4,2.6,0.0,2.0,0.4,2.0,0.0,2.0,0.32,0.3214285714285714,28.0,0.0
3913168,2024-04-21,746,972,0,0,2.8,0.8,1.0,0.4,1.6,0.0,6,0,4.0,3.78215163535,Home Win,1.8343083715,0.8391667997400003,17.2,7.2,58.84624172222143,0.8498078271242763,5.8,0.2,0.0,1.0,0.8,12.0,0.0,12.0,0.7948717948717948,0.7567567567567568,22.0,0.0,0.7165059871,1.4421289776,9.6,2.2,42.92879990440066,0.7399947074066,1.6,0.6,0.0,1.0,0.4,0.0,0.0,1.0,0.1842105263157894,0.3055555555555556,21.0,0.0
3913169,2024-04-21,968,2652,0,0,2.6,1.0,0.8,1.8,2.4,0.2,1,0,8.0,5.528901652,Home Win,2.5636068596,0.8505601001999998,21.8,7.2,61.34026594386205,0.8428286487829849,8.0,1.6,0.0,2.0,0.6,2.0,0.0,2.0,0.8378378378378378,0.7105263157894737,7.0,1.0,1.6213113513,1.57979607406,15.6,5.8,55.75403866892151,0.7874999707764154,6.6,1.0,0.0,0.0,0.6,0.0,0.0,1.0,0.2222222222222222,0.2222222222222222,22.0,0.0
3912238,2024-04-21,6602,3165,0,0,1.2,1.6,0.2,1.2,1.6,0.2,0,0,6.0,3.4960600940000006,Home Win,1.76236992134,1.40805481522,16.8,6.8,50.23801778116369,0.716126557588634,6.6,2.0,0.0,1.0,0.6,0.0,0.0,1.0,0.3333333333333333,0.1111111111111111,6.0,1.0,1.5876505907599998,1.3569342048,13.2,4.2,55.28961725901371,0.7304055986225698,5.6,1.2,0.0,3.0,0.4,0.0,2.0,0.0,0.1111111111111111,0.4444444444444444,8.0,1.0
3912237,2024-04-21,924,929,0,0,0.6,2.8,0.0,3.6,1.6,0.6,0,1,2.0,2.55084584,Away Win,0.7026546944,2.59981044594,9.2,3.4,37.78420440399885,0.6627313933596778,2.2,1.0,0.0,1.0,0.6,0.0,4.0,0.0,0.0,0.0,7.0,1.0,3.62003299596,1.0358540842,23.2,8.4,59.83556775225807,0.7797834984761964,6.8,1.6,0.0,1.0,0.6,1.0,0.0,1.0,0.7777777777777778,0.6666666666666666,8.0,1.0
3895309,2024-04-21,180,904,0,0,1.5,0.75,0.5,2.6,0.6,1.0,2,0,2.0,3.0542778378333337,Draw,1.7817982691499998,1.657189791475,11.75,5.25,44.54910921432332,0.7282287649771098,2.75,1.25,0.0,2.0,0.5,0.0,0.0,3.0,0.5,0.5,140.0,0.0,2.5439785235,0.6070881296999999,22.4,8.6,66.42534336749605,0.8960841604758997,8.6,1.0,0.0,3.0,0.4,10.0,0.0,30.0,0.71875,0.6451612903225806,7.0,1.0
3912239,2024-04-22,1069,3168,0,0,3.6,0.4,1.0,0.4,1.6,0.0,1,0,2.0,1.440009727,Home Win,2.9347962016,0.90289955722,18.2,7.2,55.77554047218193,0.7745611478429778,3.2,1.4,0.0,3.0,0.4,8.0,0.0,18.0,0.8888888888888888,0.7777777777777778,8.0,1.0,0.94832861934,1.4108056487199998,8.8,3.0,49.6704433978663,0.6888968138003567,6.0,1.6,0.0,1.0,0.4,0.0,0.0,1.0,0.3333333333333333,0.3333333333333333,10.0,1.0
3895320,2024-04-27,904,174,0,0,2.4,0.8,0.8,1.3333333333333333,2.333333333333333,0.0,2,0,3.6666666666666665,3.906139746866667,Draw,2.45961158064,0.6726977127,21.2,7.8,61.669957103956,0.8840983448730627,8.0,1.4,0.0,2.0,0.6,0.0,0.0,31.0,0.71875,0.625,6.0,2.0,1.6985517915333332,2.207587955333334,15.666666666666666,7.0,48.37851439930419,0.719178758312958,4.333333333333333,2.6666666666666665,0.0,0.0,0.6666666666666666,0.0,0.0,1.0,0.0,0.0,139.0,0.0
3913174,2024-04-28,973,746,0,0,0.6,3.2,0.0,3.6,0.8,1.0,0,5,4.142857142857143,3.5166773314,Away Win,0.71261175486,2.2891779199,8.0,1.8,35.89731759508216,0.6931399604551927,4.0,1.0,0.0,0.0,0.2,0.0,6.0,0.0,0.1388888888888889,0.1794871794871795,8.0,2.0,2.0731260287,0.79378727654,18.4,8.8,64.73669965653205,0.8650507466074627,6.6,0.2,0.0,1.0,0.8,13.0,0.0,13.0,0.8,0.7567567567567568,7.0,1.0
3913172,2024-04-28,749,965,0,0,1.0,1.0,0.4,2.4,2.2,0.4,4,1,2.4,2.88526348606,Draw,1.1635093167,1.2322870058000002,12.6,3.4,47.60758599395581,0.8030169885291795,4.0,2.4,0.0,2.0,0.4,0.0,0.0,3.0,0.32,0.3103448275862069,7.0,1.0,1.94143032654,1.2478785436000002,11.8,4.6,49.638395307578094,0.7613200977241597,5.4,2.6,0.0,1.0,0.8,0.0,1.0,0.0,0.275,0.25,9.0,1.0
3913175,2024-04-28,2647,972,0,0,1.2,2.6,0.2,0.4,2.2,0.0,1,0,1.6666666666666667,2.389394545,Draw,0.8611540144000001,1.9927675126,7.8,3.6,47.283769726821895,0.7801239417884097,3.0,1.6,0.2,0.0,0.8,0.0,1.0,0.0,0.1,0.3333333333333333,11.0,1.0,0.8807447388,1.8319846122,10.6,2.4,39.8853703641699,0.7388261648587472,0.8,1.0,0.0,1.0,0.4,0.0,1.0,0.0,0.1842105263157894,0.2972972972972973,7.0,1.0
3913176,2024-04-28,967,968,0,0,1.0,1.8,0.2,2.6,0.8,0.8,0,6,3.5,3.1367446549,Draw,0.7181052468,1.5918057892,6.8,2.0,42.58699141511822,0.7689640183130025,2.6,0.8,0.0,1.0,0.8,1.0,0.0,1.0,0.2972972972972973,0.3243243243243243,9.0,1.0,2.630334378,0.7728484119999998,23.6,8.2,62.91956626333756,0.8527347831034502,9.2,1.4,0.0,3.0,0.4,3.0,0.0,3.0,0.8421052631578947,0.7105263157894737,7.0,2.0
3913171,2024-04-28,2652,1475,0,0,0.8,2.6,0.0,2.0,1.4,0.4,0,0,2.0,3.064046378,Away Win,0.9077823368,2.1102140788,10.6,4.4,48.99286139286509,0.7821993147378008,4.4,0.8,0.0,0.0,0.4,0.0,1.0,0.0,0.2222222222222222,0.2,7.0,1.0,1.6301212644,1.02555179,16.2,4.8,58.6585250223922,0.8246574755571997,8.6,0.8,0.0,1.0,0.8,0.0,0.0,2.0,0.6428571428571429,0.4814814814814814,7.0,1.0
3913173,2024-05-01,966,971,0,0,1.8,1.2,0.6,2.4,0.4,0.8,0,3,3.25,2.969454407875,Home Win,1.1110554277999998,0.99914575176,11.4,5.4,47.73338824522079,0.7501887860622307,4.0,1.6,0.0,2.0,0.6,1.0,0.0,1.0,0.2916666666666667,0.3214285714285714,11.0,1.0,2.0973744374,0.802687533,19.0,7.0,55.37403275568513,0.8016852002811504,8.4,1.2,0.0,3.0,0.2,4.0,0.0,4.0,0.8461538461538461,0.6571428571428571,14.0,1.0
3912245,2024-05-03,929,6602,0,0,2.6,1.6,0.6,1.6,1.6,0.4,1,0,5.0,3.5821816770000003,Home Win,3.55070358396,0.9814357743999998,25.4,8.0,60.75570055551831,0.776373311494058,6.6,1.4,0.0,1.0,0.6,2.0,0.0,2.0,0.7777777777777778,0.7,12.0,1.0,1.8164729969999995,1.4835554158200002,16.2,6.8,46.86932106983604,0.6904855319476082,6.2,2.0,0.0,1.0,0.6,1.0,0.0,2.0,0.4,0.1111111111111111,12.0,1.0
3912243,2024-05-04,3169,3170,0,0,2.0,1.2,0.6,1.8,1.2,0.6,0,1,4.0,3.689476653,Away Win,1.8329013954,1.741518293,15.0,5.4,54.39738788854612,0.7498531108338108,6.4,1.8,0.0,1.0,0.8,0.0,1.0,0.0,0.4444444444444444,0.6,14.0,1.0,1.77751588396,0.82864518834,16.2,4.6,62.84926744456162,0.7914315592242777,7.2,1.0,0.0,1.0,0.6,1.0,0.0,1.0,0.7,0.4444444444444444,14.0,1.0
3913182,2024-05-04,965,2647,0,0,1.2,1.8,0.2,1.2,2.0,0.2,1,2,1.6666666666666667,2.3021755087333333,Away Win,1.27432556864,1.3934459197000002,9.6,3.4,45.68609702434064,0.7419420970466344,5.0,3.0,0.0,1.0,0.8,0.0,0.0,1.0,0.275,0.2432432432432432,6.0,1.0,0.7480831541999999,1.994937953,7.4,3.4,48.33514066306987,0.7957719189674064,2.2,2.0,0.2,0.0,0.8,0.0,0.0,1.0,0.0952380952380952,0.3333333333333333,6.0,1.0
3913181,2024-05-04,967,749,0,0,1.0,1.6,0.2,1.0,0.8,0.4,3,0,3.2,3.2345442048,Draw,0.7363917536800001,1.7515038444000002,8.2,2.2,44.56319173273738,0.7780049793689379,3.4,1.0,0.0,1.0,0.8,0.0,0.0,2.0,0.2894736842105263,0.3243243243243243,6.0,1.0,1.4175449892,1.2953936973000002,14.2,3.8,49.875477836000414,0.8127275098918746,4.6,2.4,0.0,2.0,0.4,0.0,0.0,4.0,0.3076923076923077,0.3103448275862069,6.0,2.0
3912247,2024-05-04,3166,1069,0,0,0.8,0.2,0.4,3.8,0.4,1.0,0,1,3.0,1.2926308476,Away Win,0.9768991064,0.99193473414,11.4,3.8,49.10416181635664,0.7371269463329627,5.4,1.2,0.0,4.0,0.0,0.0,1.0,0.0,0.5555555555555556,0.2,15.0,0.0,2.8112216136,1.0334500080200002,19.2,8.0,56.65145060555684,0.7796836763310175,4.2,1.4,0.0,3.0,0.4,9.0,0.0,19.0,0.9,0.7777777777777778,12.0,1.0
3913178,2024-05-05,972,2652,0,0,0.4,2.2,0.0,0.8,2.0,0.0,0,0,2.0,3.4004051090000003,Draw,0.9526211434,1.630530135,9.8,2.8,39.144503163716784,0.7409801072867822,2.2,1.0,0.0,1.0,0.4,0.0,0.0,1.0,0.1842105263157894,0.2894736842105263,7.0,2.0,1.048297746,1.897678562,12.0,4.6,46.9626454355144,0.7644593712758085,4.8,0.8,0.0,0.0,0.4,0.0,2.0,0.0,0.2,0.2,7.0,2.0
3913179,2024-05-05,966,1475,0,0,1.8,1.6,0.6,2.0,1.2,0.6,1,1,2.5,3.12234680575,Home Win,1.2095663352,1.00409291956,11.2,5.8,46.91269061892682,0.7358685835067341,3.2,1.6,0.0,2.0,0.6,2.0,0.0,2.0,0.32,0.3214285714285714,4.0,1.0,1.5054244044,1.0956862198,16.8,5.4,59.11775428299113,0.8272951343943195,8.8,0.8,0.0,2.0,0.6,1.0,0.0,3.0,0.6428571428571429,0.5,7.0,2.0
3913180,2024-05-05,971,973,0,0,3.0,1.0,0.8,0.0,2.6,0.0,6,0,4.857142857142857,3.864706125557143,Home Win,2.1723112838,0.8497873976000001,19.0,6.8,55.40516587379094,0.7882442219566045,8.0,1.0,0.0,3.0,0.4,0.0,1.0,0.0,0.8461538461538461,0.6388888888888888,4.0,1.0,0.4654223566600001,1.8921966155,5.4,1.0,33.17161058696142,0.6847966395275029,3.6,0.8,0.0,0.0,0.0,0.0,7.0,0.0,0.1351351351351351,0.1794871794871795,7.0,1.0
3895333,2024-05-05,184,904,0,0,0.3333333333333333,3.0,0.0,2.2,0.8,0.6,0,3,3.333333333333333,2.6695905176666663,Away Win,0.7008613756666667,1.968729142,7.666666666666667,3.0,39.97732704469578,0.7065547022157718,3.333333333333333,2.0,0.0,0.0,0.3333333333333333,0.0,3.0,0.0,0.0,0.0,140.0,0.0,2.27088115924,0.8464621613000001,20.2,7.6,58.08238398876667,0.8628003106934719,7.4,2.2,0.0,2.0,0.6,0.0,0.0,32.0,0.696969696969697,0.625,8.0,2.0
3912246,2024-05-05,3168,924,0,0,0.4,1.6,0.0,0.8,3.6,0.0,1,0,2.0,2.1925988595,Home Win,1.0547882345399997,1.51943545852,8.4,2.8,48.650924951176265,0.7000641533124964,5.8,1.4,0.0,1.0,0.4,0.0,1.0,0.0,0.3333333333333333,0.3,13.0,1.0,0.7659298963999999,3.4465912003999994,9.2,3.6,35.00993147335008,0.6319953317041487,1.8,1.2,0.0,0.0,0.8,0.0,5.0,0.0,0.0,0.0,14.0,1.0
3912244,2024-05-05,3165,3164,0,0,0.6,2.0,0.0,2.0,0.4,0.6,1,0,1.0,2.3157331160000005,Away Win,1.40961932856,1.5835115359999998,12.6,3.4,55.95721386033036,0.739988897161192,4.4,1.2,0.0,2.0,0.4,0.0,3.0,0.0,0.1111111111111111,0.4,14.0,1.0,1.7609102155999998,1.08466759566,14.4,5.2,50.40064692198018,0.7253105864364638,5.8,2.2,0.0,3.0,0.4,2.0,0.0,5.0,0.4,0.4444444444444444,15.0,0.0
3913177,2024-05-05,746,968,0,0,4.0,0.6,1.0,2.6,1.0,0.6,4,3,2.2857142857142856,2.1318802992428574,Away Win,2.1117987745,0.7275537533399999,20.2,9.6,65.85122850089392,0.8709089252224512,6.0,0.2,0.0,2.0,0.6,14.0,0.0,14.0,0.8,0.7631578947368421,7.0,2.0,2.8991577766,0.8686191512799999,24.4,8.6,63.28296725274993,0.8548469082664228,8.8,1.0,0.0,2.0,0.6,0.0,0.0,4.0,0.8421052631578947,0.6923076923076923,7.0,2.0
3912242,2024-05-06,19106,19107,0,0,1.0,2.6,0.2,1.0,2.0,0.4,0,0,0.0,1.859975418,Away Win,0.95516785582,2.24536330266,8.2,3.0,35.90758602213064,0.6165033727679765,1.2,2.4,0.0,1.0,0.4,0.0,2.0,0.0,0.0,0.3,16.0,0.0,0.67371738152,2.4457389858000003,7.6,2.6,43.44640739065692,0.683792488112046,3.2,1.6,0.0,2.0,0.2,1.0,0.0,3.0,0.5,0.0,17.0,0.0
3912248,2024-05-10,19107,3169,0,0,1.2,1.2,0.6,1.8,1.8,0.4,0,1,3.0,1.869202405,Home Win,1.1224413565800002,1.6617743092999997,11.0,3.4,46.31077854997322,0.6972033827729406,3.8,2.0,0.0,3.0,0.2,2.0,0.0,4.0,0.5,0.1,4.0,1.0,1.588911713,1.814065084,13.0,4.6,48.95964945023131,0.741144307987077,4.8,1.8,0.0,0.0,1.0,0.0,2.0,0.0,0.4,0.6,6.0,1.0
3912251,2024-05-11,924,3166,0,0,1.0,3.6,0.0,1.0,0.6,0.4,0,1,5.0,3.0568560745,Away Win,0.6988632525399999,3.7667834126999993,7.4,3.0,33.96386556002845,0.6172479226115983,1.4,1.4,0.0,0.0,0.8,0.0,6.0,0.0,0.0,0.0,6.0,1.0,0.9593357847999998,1.17531324664,9.8,3.2,45.9768890890839,0.7339706389634375,4.6,1.4,0.0,3.0,0.2,0.0,2.0,0.0,0.5,0.2,7.0,1.0
3912249,2024-05-11,3164,6602,0,0,1.4,0.2,0.6,1.4,2.4,0.2,1,0,1.0,1.1170347287,Home Win,1.569518302,1.0399676474,13.8,4.6,47.02193453724023,0.6987634739744577,5.8,2.6,0.0,4.0,0.2,3.0,0.0,6.0,0.4,0.5,6.0,1.0,1.5211603392,1.72748448788,14.0,6.2,45.44478684018729,0.694923565108193,4.4,2.6,0.0,1.0,0.6,0.0,1.0,0.0,0.4,0.1,8.0,1.0
3895340,2024-05-12,868,904,0,0,0.0,4.0,0.0,2.8,0.8,0.6,0,1,4.0,3.688477187,Away Win,0.2876720239999999,3.400805163,6.0,1.0,30.87071240105541,0.7094017094017094,3.0,2.0,0.0,0.0,0.0,0.0,1.0,0.0,0.0,0.0,144.0,0.0,2.2340463034400004,1.0049254625,15.2,6.6,53.2362204782278,0.8582033466424586,6.6,2.2,0.0,2.0,0.6,1.0,0.0,33.0,0.696969696969697,0.6363636363636364,7.0,1.0
3912252,2024-05-12,1069,19106,0,0,3.8,0.4,1.0,1.0,2.4,0.2,0,0,2.0,4.307418958,Home Win,2.8991284712,0.8812613732200001,18.6,8.0,61.87498001732153,0.8055250164386688,5.2,1.6,0.0,3.0,0.4,10.0,0.0,20.0,0.9,0.8,8.0,1.0,0.8240643171200001,2.34099931172,8.0,3.0,38.35652622547373,0.6109194944815759,1.8,2.6,0.0,1.0,0.4,0.0,3.0,0.0,0.0,0.3,6.0,1.0
3912250,2024-05-12,3168,929,0,0,1.0,1.6,0.2,2.8,1.8,0.6,0,1,1.0,1.3096490737999995,Away Win,1.3790189029,1.19218096532,10.2,4.2,50.49511440263869,0.7218253499149727,5.6,0.8,0.0,1.0,0.4,1.0,0.0,1.0,0.4,0.3,7.0,1.0,3.35396666016,1.1386613002,25.2,8.2,61.16359775842064,0.7873774863043,6.8,1.6,0.0,0.0,0.8,3.0,0.0,3.0,0.8,0.7,9.0,1.0
3912253,2024-05-13,3170,3165,0,0,2.2,1.0,0.8,0.6,2.2,0.0,1,0,4.0,2.338053168,Home Win,1.80655522596,0.70123647634,15.8,5.0,63.842697250332506,0.7987486029721289,6.2,0.8,0.0,1.0,0.6,2.0,0.0,2.0,0.7,0.5,9.0,1.0,1.4162343738599996,1.6994710846,12.6,4.2,56.58918031906848,0.729582055684741,4.0,1.4,0.0,1.0,0.4,0.0,4.0,0.0,0.1,0.4,8.0,1.0
3913163,2024-05-15,749,971,0,0,1.4,1.0,0.4,3.8,1.0,0.8,0,4,2.5,3.1820456699250004,Away Win,2.2138075382,1.12643460336,18.2,6.0,52.320767413814,0.8160564462984283,5.4,2.0,0.0,2.0,0.6,0.0,0.0,5.0,0.3076923076923077,0.3,11.0,1.0,2.5446806198,1.0334620764,20.8,7.4,59.40181967044474,0.7929355922261482,7.6,1.0,0.0,3.0,0.4,1.0,0.0,1.0,0.85,0.6388888888888888,10.0,2.0
3913183,2024-05-18,973,967,0,0,0.0,3.8,0.0,1.2,1.6,0.2,2,3,2.833333333333333,2.576890620716666,Away Win,0.70939197946,2.6588148053000005,7.0,1.6,32.38814360349444,0.6765279819301943,2.8,0.6,0.0,0.0,0.0,0.0,8.0,0.0,0.1351351351351351,0.175,13.0,1.0,0.7815121789400001,2.4792281346000005,8.0,2.6,44.63296503435221,0.7766752842892427,3.6,1.2,0.0,1.0,0.8,0.0,0.0,3.0,0.282051282051282,0.3243243243243243,14.0,1.0
3913184,2024-05-18,2647,746,0,0,1.0,1.8,0.2,3.4,0.8,0.8,0,3,4.0,3.5262453983333337,Away Win,0.8265483852000001,1.9379169198,8.6,3.2,48.21891611122852,0.7907909223861118,2.2,2.2,0.2,1.0,0.6,1.0,0.0,2.0,0.0952380952380952,0.3636363636363636,14.0,1.0,2.0585795825,1.0127376879,19.2,8.8,61.49898515927765,0.8599905531076955,5.4,0.8,0.0,2.0,0.6,0.0,1.0,0.0,0.7804878048780488,0.7631578947368421,13.0,1.0
3913187,2024-05-18,1475,971,0,0,1.6,1.4,0.4,3.4,0.8,0.8,0,3,2.5,2.83851031875,Away Win,1.566361215,1.6449650765999997,17.2,5.6,56.783408585538645,0.7961995507479214,8.0,1.2,0.0,1.0,0.6,0.0,1.0,0.0,0.6428571428571429,0.4827586206896552,13.0,1.0,2.3341521942000005,1.021005324,20.0,7.0,61.83282784382165,0.805743895034451,7.8,1.0,0.0,4.0,0.2,2.0,0.0,2.0,0.85,0.6486486486486487,3.0,2.0
3895348,2024-05-18,904,172,0,0,3.6,0.8,0.6,1.3333333333333333,1.6666666666666667,0.0,1,0,3.0,2.3855642635,Home Win,2.58166998684,0.9587290324,17.0,7.0,53.618833216489065,0.8614946355663845,5.8,2.0,0.0,2.0,0.6,2.0,0.0,34.0,0.696969696969697,0.6470588235294118,6.0,2.0,0.4867201539999999,1.8988441095,5.333333333333333,1.6666666666666667,34.569636177998206,0.6864494569757728,0.3333333333333333,2.6666666666666665,0.3333333333333333,0.0,0.6666666666666666,0.0,1.0,0.0,0.0,0.0,126.0,0.0
3913185,2024-05-18,968,965,0,0,2.8,0.6,0.8,1.0,1.2,0.2,7,0,3.857142857142857,2.583553043357143,Home Win,3.1237604223000006,0.68917462628,25.2,9.0,63.04829093772084,0.8585571137697319,9.6,0.8,0.0,2.0,0.6,1.0,0.0,5.0,0.8421052631578947,0.7,13.0,1.0,1.3215305939,1.2499364295000004,11.0,3.8,48.52099807202983,0.7416742605192737,5.2,2.6,0.0,1.0,0.6,0.0,1.0,0.0,0.2682926829268293,0.2432432432432432,14.0,1.0
3913188,2024-05-18,749,972,0,0,1.2,1.2,0.2,0.4,1.8,0.0,4,0,3.0,2.48808213414,Home Win,2.0868543418,1.22021388196,17.4,5.6,51.12301314226997,0.815040856260709,5.6,1.4,0.0,1.0,0.6,0.0,1.0,0.0,0.2962962962962963,0.3,3.0,2.0,1.0587032572,1.3949544854,10.6,3.0,37.572452916526665,0.7351974742335609,2.6,1.2,0.0,1.0,0.4,0.0,0.0,2.0,0.1794871794871795,0.2894736842105263,13.0,1.0
3913186,2024-05-18,2652,966,0,0,1.0,2.0,0.0,1.4,1.4,0.6,0,1,3.0,1.6230623545000005,Away Win,1.1027346774000002,1.8874486052,12.0,5.0,49.16765446689119,0.7778665955036189,6.2,0.8,0.0,0.0,0.6,0.0,0.0,1.0,0.2,0.1818181818181818,13.0,1.0,1.3139379781999998,1.08767082956,12.6,5.8,45.21234412684841,0.7188971885780945,3.4,1.4,0.0,3.0,0.4,3.0,0.0,3.0,0.3461538461538461,0.3214285714285714,13.0,1.0
3912257,2024-05-20,6602,3170,0,0,1.6,2.4,0.2,2.6,1.2,0.8,0,1,1.0,1.5130010864,Away Win,1.41861824348,1.59848131908,12.6,5.2,46.8141157243811,0.7063171253779946,4.2,3.2,0.0,1.0,0.8,0.0,2.0,0.0,0.4,0.0909090909090909,9.0,1.0,1.79912452588,1.05772744954,15.8,5.8,61.62552357973923,0.7873553871492144,6.8,0.8,0.0,1.0,0.6,3.0,0.0,3.0,0.7272727272727273,0.5,7.0,1.0
3912259,2024-05-20,929,3164,0,0,3.2,1.4,0.8,1.8,0.4,0.8,1,0,4.0,1.705860332,Home Win,3.25199558676,1.0842354028,21.0,7.6,59.72058417169448,0.7857107874681905,6.6,1.0,0.0,1.0,0.6,4.0,0.0,4.0,0.8,0.7272727272727273,8.0,1.0,1.3103524266,1.10019352728,14.2,5.4,46.87148469357665,0.7138135618062006,6.0,2.6,0.0,3.0,0.4,4.0,0.0,7.0,0.4545454545454545,0.5,9.0,1.0
3912255,2024-05-20,19106,924,0,0,1.0,3.2,0.2,1.0,3.8,0.0,1,0,3.0,1.9422536685,Home Win,0.80536074092,2.40972219606,7.8,2.6,37.6141583609777,0.6525643361264175,2.0,2.6,0.0,0.0,0.4,0.0,4.0,0.0,0.0,0.2727272727272727,8.0,2.0,0.7674888419399999,4.044464706299999,8.2,3.0,35.3796404511501,0.6149136595779146,1.4,1.4,0.0,0.0,0.8,0.0,7.0,0.0,0.0,0.0,9.0,1.0
3912258,2024-05-20,3165,19107,0,0,1.0,3.0,0.0,1.8,0.2,0.8,1,0,2.0,2.1944258249,Home Win,1.3860401724,2.05524546592,11.8,4.0,50.65299624465125,0.7284057882709942,3.2,1.0,0.0,0.0,0.6,0.0,5.0,0.0,0.1,0.3636363636363636,7.0,1.0,1.29771769856,0.9139097331,11.6,4.4,47.79829814872052,0.7037648079427086,4.0,1.6,0.0,4.0,0.2,3.0,0.0,5.0,0.5454545454545454,0.1,10.0,2.0
3912254,2024-05-20,3166,3168,0,0,1.2,0.8,0.4,1.0,2.2,0.2,0,1,3.0,1.551040174,Away Win,1.3569700966,0.95575982364,11.8,3.8,48.69828258259032,0.7462057460978853,4.8,1.4,0.0,2.0,0.4,1.0,0.0,1.0,0.5,0.2727272727272727,9.0,1.0,1.4254291286999998,1.29511436572,11.2,4.0,48.95113750333185,0.7136125285056983,6.4,1.0,0.0,0.0,0.4,0.0,1.0,0.0,0.3636363636363636,0.3,8.0,1.0
3912256,2024-05-20,3169,1069,0,0,1.4,2.2,0.2,3.6,0.4,1.0,0,1,1.0,1.7359622449999996,Away Win,1.5140976376000002,1.4929953839,12.6,3.8,52.80188732495407,0.7727804611406164,4.6,1.8,0.0,0.0,0.8,0.0,3.0,0.0,0.4,0.5454545454545454,10.0,1.0,2.4552388694,0.7805845955,17.6,7.0,63.07189121423274,0.8118536986092113,5.6,1.2,0.0,3.0,0.4,11.0,0.0,21.0,0.9090909090909092,0.8,8.0,1.0
3939969,2024-06-21,779,1833,0,0,2.4,1.2,0.6,0.6666666666666666,2.333333333333333,0.0,0,0,0.0,0.0,Home Win,3.634321066200001,2.18548449646,18.0,9.6,55.25435988505362,0.8525051036468115,5.0,3.2,0.0,2.0,0.6,0.0,0.0,6.0,0.6,0.5,551.0,0.0,1.309541843,1.2355519206666667,11.666666666666666,1.6666666666666667,52.41574056918399,0.8385320499595991,4.0,2.6666666666666665,0.0,0.0,0.6666666666666666,0.0,3.0,0.0,0.0,0.0,568.0,0.0
3939972,2024-06-22,3565,3563,0,0,1.3333333333333333,1.0,0.3333333333333333,0.0,0.0,0.0,0,0,0.0,0.0,Away Win,1.2689094634666669,0.7053725618333333,10.0,3.6666666666666665,52.707343528436326,0.7954141785382882,3.6666666666666665,1.0,0.0,1.0,0.6666666666666666,0.0,1.0,0.0,0.0,0.5,571.0,0.0,0.0,0.0,0.0,0.0,0.0,0.0,0.0,0.0,0.0,0.0,0.0,0.0,0.0,0.0,0.0,0.0,0.0,0.0
3939970,2024-06-22,784,3562,0,0,1.0,1.5,0.25,0.0,0.0,0.0,0,0,0.0,0.0,Draw,0.9524891275,2.06720890465,13.0,4.75,49.74224207351552,0.8068480888764467,3.5,1.25,0.0,1.0,0.25,1.0,0.0,1.0,0.0,0.3333333333333333,2188.0,0.0,0.0,0.0,0.0,0.0,0.0,0.0,0.0,0.0,0.0,0.0,0.0,0.0,0.0,0.0,0.0,0.0,0.0,0.0
3939974,2024-06-23,1839,3564,0,0,0.75,1.0,0.25,0.0,0.0,0.0,0,0,0.0,0.0,Home Win,0.9846344854,1.06467810375,11.5,3.25,52.60615502836579,0.8276603235415834,5.5,1.25,0.0,2.0,0.5,0.0,1.0,0.0,0.0,0.3333333333333333,568.0,0.0,0.0,0.0,0.0,0.0,0.0,0.0,0.0,0.0,0.0,0.0,0.0,0.0,0.0,0.0,0.0,0.0,0.0,0.0
3939971,2024-06-23,794,2305,0,0,0.4,1.6,0.2,0.0,0.0,0.0,0,0,0.0,0.0,Home Win,1.05023065174,1.7300299184,15.4,3.8,55.927284493486944,0.7855639698028142,6.0,2.8,0.0,1.0,0.2,1.0,0.0,1.0,0.0,0.5,571.0,0.0,0.0,0.0,0.0,0.0,0.0,0.0,0.0,0.0,0.0,0.0,0.0,0.0,0.0,0.0,0.0,0.0,0.0,0.0
3939973,2024-06-24,783,798,0,0,0.8,1.0,0.4,0.6666666666666666,3.6666666666666665,0.0,0,0,0.0,0.0,Home Win,0.88794741512,0.92675607108,10.0,3.4,43.26363141440445,0.7237153997284508,2.8,2.0,0.0,2.0,0.2,1.0,0.0,1.0,0.6,0.5,570.0,0.0,0.7987297727666668,2.41094373,8.0,2.6666666666666665,36.14701730877066,0.7779945890504013,1.6666666666666667,3.0,0.0,0.0,0.6666666666666666,0.0,3.0,0.0,0.0,0.0,2188.0,0.0
3939975,2024-06-24,769,3567,0,0,1.5,0.75,0.5,0.0,0.0,0.0,0,0,0.0,0.0,Home Win,1.80667771795,2.48938168,11.5,4.0,50.42851882502488,0.7657739967091115,3.25,2.25,0.25,2.0,0.5,0.0,0.0,3.0,0.0,1.0,2183.0,0.0,0.0,0.0,0.0,0.0,0.0,0.0,0.0,0.0,0.0,0.0,0.0,0.0,0.0,0.0,0.0,0.0,0.0,0.0
3939976,2024-06-25,781,795,0,0,1.6,0.6,0.6,1.0,3.0,0.2,1,0,2.0,3.2550562135,Draw,2.72731859624,0.98940663048,19.8,9.2,55.96752247800441,0.8681281751426854,7.2,1.2,0.0,2.0,0.4,0.0,0.0,2.0,0.8235294117647058,0.25,564.0,0.0,0.5938037102,2.43352108304,5.8,2.4,32.12201122349933,0.7427725088338337,1.0,1.8,0.0,1.0,0.4,0.0,1.0,0.0,0.0,0.25,572.0,0.0
3939978,2024-06-25,784,1833,0,0,0.8,1.2,0.2,0.5,2.25,0.0,0,0,0.0,0.0,Away Win,0.8974463438000001,1.85871990112,11.8,4.6,47.1203010535792,0.7796399617843871,3.0,1.2,0.0,2.0,0.2,0.0,0.0,2.0,0.0,0.3333333333333333,3.0,1.0,1.2264812535,1.81123676575,11.25,1.75,48.09289995425118,0.8342814737303226,4.0,2.5,0.0,0.0,0.5,0.0,4.0,0.0,0.0,0.0,4.0,1.0
3939980,2024-06-26,3565,2305,0,0,1.25,1.25,0.25,0.0,1.0,0.0,0,0,0.0,0.0,Home Win,1.135579989275,0.925284056125,9.75,3.75,48.31588500481781,0.7660237211520383,3.5,1.25,0.25,1.0,0.75,0.0,2.0,0.0,0.0,0.5,4.0,1.0,0.5061592739999999,1.136080327,13.0,4.0,39.8936170212766,0.7093333333333334,6.0,0.0,0.0,0.0,0.0,0.0,1.0,0.0,0.0,0.0,3.0,1.0
3939977,2024-06-26,3562,779,0,0,0.0,0.0,0.0,2.4,1.2,0.6,0,0,0.0,0.0,Away Win,1.024763887,0.6772752089999999,11.0,1.0,63.36746302616609,0.8150807899461401,3.0,3.0,0.0,1.0,0.0,0.0,0.0,1.0,0.0,0.0,4.0,1.0,3.7266473866000007,2.34142534446,17.0,8.6,53.638794054495335,0.851135027988939,4.8,3.4,0.0,2.0,0.6,1.0,0.0,7.0,0.6363636363636364,0.5,5.0,1.0
3939981,2024-06-27,798,1839,0,0,0.75,3.5,0.0,1.0,0.8,0.4,0,0,0.0,0.0,Home Win,0.734269360575,2.1485679832500004,8.5,2.75,38.534505405820425,0.7731511142015941,2.0,2.5,0.0,0.0,0.75,0.0,4.0,0.0,0.0,0.0,3.0,1.0,1.26864434992,0.8816806394800001,13.2,4.2,54.0396565329807,0.8263279145991875,5.8,1.2,0.0,3.0,0.4,1.0,0.0,1.0,0.5,0.3333333333333333,4.0,1.0
3939979,2024-06-27,3563,794,0,0,2.0,1.0,1.0,0.6,1.0,0.4,0,0,0.0,0.0,Home Win,1.5850185390000002,0.7355915667,14.0,5.0,64.85849056603774,0.8254545454545454,5.0,2.0,0.0,0.0,1.0,1.0,0.0,1.0,0.0,1.0,5.0,1.0,0.9553060116,1.2731644102000002,15.0,5.0,54.61522775589829,0.787924780896118,6.0,2.2,0.0,2.0,0.2,2.0,0.0,2.0,0.3333333333333333,0.5,4.0,1.0
3939982,2024-06-28,783,3564,0,0,1.0,1.0,0.4,0.0,2.0,0.0,0,0,0.0,0.0,Home Win,1.06503397552,0.8358183502600001,12.6,4.2,47.5405270677707,0.7538454930028738,4.2,2.0,0.0,2.0,0.2,2.0,0.0,2.0,0.6666666666666666,0.5,4.0,1.0,0.1496907824,2.404683808,6.0,3.0,40.22633744855967,0.7723785166240409,1.0,4.0,0.0,0.0,0.0,0.0,1.0,0.0,0.0,0.0,5.0,1.0
3939984,2024-06-28,769,795,0,0,1.6,0.8,0.6,1.0,2.6,0.2,0,0,0.0,0.0,Home Win,1.56972634256,2.1570246628,11.4,3.8,53.51182914452695,0.7769685734813712,3.2,2.0,0.2,2.0,0.6,1.0,0.0,4.0,0.3333333333333333,1.0,4.0,1.0,0.5694111406000001,2.13848695054,5.4,2.4,31.677946127334543,0.7491182532384658,1.0,2.0,0.0,2.0,0.4,0.0,0.0,1.0,0.0,0.2,3.0,1.0
3939983,2024-06-29,3567,781,0,0,1.0,2.0,0.0,1.2,0.6,0.4,0,0,0.0,0.0,Away Win,0.8275965940000001,0.621920841,11.0,3.0,34.154929577464785,0.6288659793814433,3.0,2.0,0.0,0.0,1.0,0.0,1.0,0.0,0.0,0.0,5.0,1.0,2.6267791197,0.96408731508,19.2,8.0,59.16286231273976,0.8701651064200508,8.0,1.4,0.0,2.0,0.4,0.0,0.0,3.0,0.7777777777777778,0.25,4.0,1.0
3939986,2024-06-30,779,784,0,0,2.2,1.0,0.6,0.4,0.6,0.2,0,0,0.0,0.0,Home Win,3.987143591,2.28239942476,18.6,9.2,53.61035997657186,0.8487885509365796,6.8,3.4,0.0,3.0,0.4,2.0,0.0,8.0,0.6363636363636364,0.5714285714285714,4.0,2.0,0.82833781628,1.309413784,9.8,3.8,47.45123377085438,0.7524417774370704,2.2,1.2,0.2,2.0,0.0,0.0,1.0,0.0,0.0,0.3333333333333333,5.0,2.0
3939985,2024-06-30,1833,3562,0,0,0.6,1.8,0.2,0.0,0.5,0.0,0,0,0.0,0.0,Draw,1.1629946456,1.56427728416,10.0,1.8,48.46198950717407,0.8205115987373445,3.4,2.2,0.0,1.0,0.4,1.0,0.0,1.0,0.0,0.25,5.0,2.0,0.57787605425,1.730667767,7.0,2.0,51.57239548069438,0.7968533720723067,1.5,2.5,0.0,1.0,0.0,0.0,1.0,0.0,0.0,0.0,4.0,2.0
3939988,2024-07-01,794,3565,0,0,0.6,0.8,0.4,1.6,1.2,0.4,0,0,0.0,0.0,Draw,1.3156105708,0.8368083150000001,15.8,5.8,56.312277245689415,0.7829786578367873,6.0,1.8,0.0,2.0,0.2,0.0,1.0,0.0,0.3333333333333333,0.4285714285714285,4.0,2.0,1.38162897458,0.9271766303,12.4,3.6,47.756754246628816,0.7651999293025831,4.2,1.0,0.2,1.0,0.8,1.0,0.0,1.0,0.3333333333333333,0.5,5.0,2.0
3939987,2024-07-01,2305,3563,0,0,0.5,2.0,0.0,1.5,0.5,1.0,0,0,0.0,0.0,Away Win,0.7204531004999999,1.7509526214000002,10.0,4.0,47.18669290370188,0.7286719717064545,7.0,2.0,0.0,0.0,0.5,0.0,2.0,0.0,0.0,0.0,5.0,2.0,1.3618296655000002,1.55995709135,12.0,3.5,52.62047137975678,0.7748442643707267,3.5,2.0,0.0,1.0,0.5,2.0,0.0,2.0,1.0,1.0,4.0,2.0
3939989,2024-07-02,3564,798,0,0,0.0,3.5,0.0,1.0,3.0,0.2,0,0,0.0,0.0,Away Win,0.10022659245,2.36282304175,5.0,2.0,40.07923207269613,0.787039116668961,2.0,2.5,0.0,0.0,0.0,0.0,2.0,0.0,0.0,0.0,4.0,2.0,0.73357200706,1.9017100944000005,9.4,3.0,45.381938878990894,0.7859705557908054,2.2,2.6,0.2,0.0,0.8,1.0,0.0,1.0,0.5,0.0,5.0,2.0
3939990,2024-07-02,1839,783,0,0,1.0,1.0,0.4,2.0,0.6,0.6,0,0,0.0,0.0,Away Win,1.3310002988,0.74876995568,13.2,4.4,47.89937705936789,0.7751186225312614,4.8,0.8,0.2,3.0,0.4,0.0,1.0,0.0,0.5,0.25,5.0,2.0,1.3905873750200002,0.73821423922,14.2,5.2,51.893601184334536,0.7989116203783233,4.2,1.6,0.0,3.0,0.2,3.0,0.0,3.0,0.7142857142857143,0.5,4.0,2.0
3939992,2024-07-03,795,3567,0,0,0.6,2.8,0.2,1.0,3.0,0.0,0,0,0.0,0.0,Home Win,0.2872281986,2.4750140388,3.6,1.2,31.54881989234891,0.7478549564626762,0.8,1.8,0.0,2.0,0.2,0.0,1.0,0.0,0.0,0.1666666666666666,5.0,2.0,0.75963626795,2.184805345,13.0,4.5,39.96249732669335,0.727940098695461,3.5,2.0,0.5,0.0,1.0,0.0,2.0,0.0,0.0,0.0,4.0,2.0
3939991,2024-07-03,781,769,0,0,1.8,0.8,0.4,2.0,0.4,0.8,0,0,0.0,0.0,Draw,3.1917711003,1.04469666846,20.0,8.2,59.25209254079864,0.872315860188895,7.6,1.8,0.0,1.0,0.6,1.0,0.0,4.0,0.7777777777777778,0.4,4.0,2.0,1.98893807536,1.7259494658,13.0,4.2,58.05283343633622,0.8030650683819791,3.4,2.0,0.0,3.0,0.4,2.0,0.0,5.0,0.5,1.0,5.0,2.0
3942228,2024-07-05,779,3565,0,0,2.2,0.6,0.8,1.2,1.2,0.2,0,0,0.0,0.0,Draw,3.2369595274000007,1.4183163301,17.2,8.6,58.54096782056056,0.8609619954643157,6.4,2.0,0.0,4.0,0.2,3.0,0.0,9.0,0.6666666666666666,0.5714285714285714,5.0,3.0,1.2119965667000003,1.0538641576,13.0,3.6,45.493594489318056,0.7366569753460352,4.0,1.0,0.2,1.0,0.8,0.0,0.0,2.0,0.3333333333333333,0.3333333333333333,4.0,3.0
3942229,2024-07-06,3563,1833,0,0,2.0,0.3333333333333333,1.0,0.6,1.6,0.2,0,0,0.0,0.0,Draw,1.479356439,1.2624996752333333,13.666666666666666,3.333333333333333,52.63264919681048,0.7887340967364477,5.333333333333333,1.6666666666666667,0.0,2.0,0.3333333333333333,3.0,0.0,3.0,1.0,1.0,5.0,3.0,0.7936509476000001,1.52107097396,7.4,1.8,50.296803897819714,0.812413466249677,4.2,2.8,0.0,2.0,0.4,0.0,0.0,2.0,0.0,0.25,6.0,2.0
3942416,2024-07-06,769,798,0,0,1.6,0.6,0.6,1.6,2.6,0.4,0,0,0.0,0.0,Home Win,2.0121501272,1.5642734222,13.0,4.8,57.07118873673242,0.8115113666092993,3.4,2.4,0.0,2.0,0.6,0.0,0.0,6.0,0.5,0.6666666666666666,3.0,3.0,0.8766129533200001,1.8179854304,10.6,3.8,47.66108961704416,0.7908057206259704,1.8,1.8,0.2,0.0,1.0,2.0,0.0,2.0,0.5,0.25,4.0,3.0
3942415,2024-07-07,783,781,0,0,2.2,0.6,0.8,2.0,0.8,0.4,0,1,4.0,2.2592903076,Draw,1.56143273626,0.73381512482,14.6,6.0,50.52811284885588,0.7759949537116567,4.0,1.6,0.0,3.0,0.2,4.0,0.0,4.0,0.7142857142857143,0.6,5.0,3.0,2.7772908515,1.26862512136,17.2,7.2,56.42194579817563,0.8610695561484831,6.6,2.0,0.0,1.0,0.8,0.0,0.0,5.0,0.7368421052631579,0.4,4.0,3.0
3942785,2024-07-10,779,1833,0,0,1.8,0.8,0.6,0.6,1.0,0.2,1,0,2.0,4.515590786,Home Win,3.8193004724000006,2.24081112504,18.0,8.4,60.6544608848733,0.8563185115814305,6.4,2.0,0.0,3.0,0.4,0.0,0.0,10.0,0.6153846153846154,0.5714285714285714,5.0,3.0,1.9467114886,2.1236404565,10.2,3.4,49.01468124360403,0.7945919082786626,4.4,2.8,0.0,2.0,0.4,0.0,0.0,3.0,0.0,0.2,4.0,2.0
3942852,2024-07-11,783,769,0,0,2.2,0.2,0.8,2.4,0.6,0.6,0,0,0.0,0.0,Away Win,2.22756378186,1.2530432743,15.8,6.6,50.26113183700422,0.7698937198634103,4.8,1.6,0.2,4.0,0.2,0.0,0.0,5.0,0.625,0.6,4.0,3.0,2.391258654,1.6140907241999998,13.6,5.4,55.87023787122579,0.8199992202698685,3.6,2.4,0.0,2.0,0.6,1.0,0.0,7.0,0.6,0.6666666666666666,5.0,3.0
3943076,2024-07-14,1833,783,0,0,0.4,1.0,0.2,1.8,0.4,0.6,0,0,0.0,0.0,Draw,1.8711012362,2.38919850438,11.0,3.8,46.95003247634067,0.7961004469657416,3.6,2.6,0.0,2.0,0.2,0.0,1.0,0.0,0.0,0.1666666666666666,4.0,3.0,2.05116480454,1.2088965774999998,15.6,5.8,52.55277282429738,0.7783459880628942,5.2,1.2,0.2,3.0,0.2,0.0,1.0,0.0,0.5555555555555556,0.6,3.0,3.0
3943077,2024-07-15,779,769,0,0,1.6,0.2,0.8,2.4,0.4,0.8,0,0,0.0,0.0,Home Win,2.99167810008,1.30300088524,15.4,6.2,59.97560441031652,0.8654533381075613,5.6,1.2,0.0,4.0,0.2,1.0,0.0,11.0,0.6428571428571429,0.5714285714285714,5.0,2.0,1.6759207423,0.5326454674000001,12.0,4.4,54.25012709034655,0.8120402894013182,3.8,2.0,0.0,3.0,0.4,2.0,0.0,8.0,0.6,0.75,4.0,3.0
