match_id,team_id,xg,shots,shots_on_target,total_passes,completed_passes,pass_accuracy,yellow_cards,red_cards,corners
9880,217,1.631784803,12,7,722,637,0.8822714681440443,2,0,6
9880,207,2.2189510705999997,17,5,440,366,0.8318181818181818,2,0,5
9912,219,2.2408726459999997,17,5,451,369,0.8181818181818182,1,0,6
9912,217,3.196088814,21,9,736,651,0.8845108695652174,1,0,7
9924,217,1.013568059,11,4,581,503,0.8657487091222031,3,1,6
9924,220,1.7654616890000001,17,5,580,518,0.8931034482758621,5,0,5
9855,217,1.527211485,17,9,629,536,0.8521462639109698,2,0,6
9855,215,0.634935711,10,3,446,335,0.7511210762331838,2,0,5
9827,208,1.2387656795,12,1,336,253,0.7529761904761905,6,0,6
9827,217,1.045022334,10,4,590,505,0.8559322033898306,3,0,6
9799,322,0.6787358600000001,14,3,509,390,0.7662082514734774,2,0,6
9799,217,2.810077197,10,6,581,476,0.8192771084337349,1,0,0
9636,217,3.100964786,22,10,538,464,0.862453531598513,5,0,8
9636,208,0.568182815,11,1,588,512,0.8707482993197279,1,0,3
9609,217,2.001458215,11,10,639,552,0.863849765258216,0,0,7
9609,322,1.032137608,13,4,424,324,0.7641509433962265,2,0,7
9575,217,1.1637680150000003,15,2,685,600,0.8759124087591241,2,0,8
9575,218,0.19116502200000002,3,0,450,372,0.8266666666666667,1,0,0
9928,217,2.9111367,13,6,666,587,0.8813813813813813,0,0,4
9928,222,1.2547959039999999,20,7,514,440,0.8560311284046692,3,0,4
9736,220,0.9102945754,13,5,495,405,0.8181818181818182,2,1,7
9736,217,3.343821991,18,11,597,525,0.8793969849246231,2,0,7
9742,217,2.366960571,16,8,723,658,0.9100968188105117,0,0,3
9742,221,0.6839044459999999,9,2,303,223,0.735973597359736,4,0,6
9765,218,0.348158176,7,2,517,426,0.8239845261121856,2,0,4
9765,217,2.218575591,14,9,571,478,0.8371278458844134,2,0,2
9661,215,1.310543534,17,5,396,289,0.7297979797979798,1,0,6
9661,217,2.6556588420000002,17,5,600,488,0.8133333333333334,4,0,4
9592,217,3.0948081069999995,20,9,766,681,0.8890339425587467,1,0,8
9592,214,0.46805163099999997,9,1,253,156,0.616600790513834,5,0,7
9870,217,2.2368968849999997,12,6,743,647,0.8707940780619112,2,0,5
9870,205,0.65573611,11,1,342,248,0.7251461988304093,4,0,3
9783,214,0.5659254220000001,7,2,254,155,0.610236220472441,5,0,0
9783,217,0.827279913,13,3,653,540,0.8269525267993875,3,0,7
9700,217,3.29798127,22,7,775,671,0.8658064516129033,3,0,4
9700,209,1.673003012,10,5,425,331,0.7788235294117647,6,0,1
9860,213,2.6078045822999996,21,5,444,359,0.8085585585585585,2,0,5
9860,217,2.052047065,20,9,648,558,0.8611111111111112,0,0,9
9695,207,1.100298345,9,1,356,269,0.7556179775280899,4,0,3
9695,217,0.9133596747,12,8,798,684,0.8571428571428571,0,0,9
9794,217,0.953258331,13,6,827,711,0.8597339782345829,2,0,9
9794,216,0.3945332575,10,2,230,129,0.5608695652173913,3,0,3
9717,222,0.566564353,9,5,382,298,0.7801047120418848,2,1,2
9717,217,3.222045162,16,6,809,719,0.8887515451174289,1,0,4
9673,217,1.8726843870000003,18,5,615,522,0.848780487804878,1,0,3
9673,213,0.480070253,8,3,569,479,0.8418277680140598,0,0,3
9650,217,1.817342279,12,4,746,665,0.8914209115281502,1,0,4
9650,223,0.719506983,13,5,418,330,0.7894736842105263,4,0,3
9620,211,1.0864782077,14,2,389,287,0.7377892030848329,3,0,9
9620,217,0.98248872,10,5,593,496,0.836424957841484,0,0,3
9837,217,1.0886138697,17,5,640,539,0.8421875,2,0,12
9837,212,0.1949915093,5,1,474,368,0.7763713080168776,2,0,1
9811,217,2.643734277,21,12,634,551,0.8690851735015773,1,0,5
9811,211,0.765066592,10,4,380,296,0.7789473684210526,1,0,3
9642,212,0.397746746,5,4,363,269,0.7410468319559229,3,0,2
9642,217,1.313994053,15,7,773,673,0.8706338939197931,2,0,1
9774,217,2.2385854243,18,11,767,662,0.863102998696219,0,0,8
9774,206,0.7808859424,7,4,243,146,0.6008230452674898,2,0,1
9602,216,0.6546389126000001,13,4,309,209,0.6763754045307443,2,0,3
9602,217,0.555728866,7,5,709,627,0.8843441466854725,4,0,4
9948,217,1.26810036,12,4,642,571,0.8894080996884736,3,0,3
9948,210,0.685541521,13,2,402,329,0.818407960199005,2,0,8
9682,205,1.2832229555,18,7,319,218,0.6833855799373041,1,0,6
9682,217,1.76472795,11,6,653,555,0.8499234303215927,2,0,3
9581,206,0.655419891,11,2,291,207,0.711340206185567,2,0,1
9581,217,2.21300036,23,12,785,701,0.8929936305732484,3,0,14
9726,217,6.151456335000001,23,11,687,607,0.883551673944687,0,0,6
9726,219,0.310851873,10,3,451,351,0.7782705099778271,1,0,3
9754,210,0.8557110539999999,13,6,501,410,0.8183632734530938,2,0,7
9754,217,1.1561278670000001,11,5,500,424,0.848,2,0,3
9889,209,2.4107103050000003,18,7,494,390,0.7894736842105263,3,0,6
9889,217,2.129271155,14,6,537,429,0.7988826815642458,0,1,3
267569,220,2.682824919,22,14,444,362,0.8153153153153153,3,1,7
267569,217,1.7836646185,16,9,581,509,0.8760757314974182,2,0,4
266989,213,1.4141421990000003,15,5,477,383,0.8029350104821803,4,0,3
266989,217,1.845216515,14,7,519,444,0.8554913294797688,6,0,5
266357,422,0.08841607500000001,4,1,234,151,0.6452991452991453,3,0,2
266357,217,3.285924586,17,6,906,819,0.9039735099337748,0,0,5
267212,205,1.08660309,15,5,342,243,0.7105263157894737,4,0,2
267212,217,3.351669018,10,6,536,455,0.8488805970149254,2,0,5
266669,217,1.6494365015,17,2,746,651,0.8726541554959786,1,0,13
266669,206,0.3989895712,5,4,258,172,0.6666666666666666,1,0,0
266892,215,0.5485051495000001,9,4,376,278,0.7393617021276596,5,0,4
266892,217,1.8103361649999998,11,2,648,540,0.8333333333333334,4,0,4
267220,217,1.034596479,19,7,775,690,0.8903225806451613,2,0,8
267220,212,0.58063407,9,4,326,251,0.7699386503067485,4,0,2
267670,217,3.5265039949999992,29,12,723,631,0.8727524204702628,1,0,10
267670,218,0.226682301,4,2,278,197,0.7086330935251799,3,0,2
266516,218,1.2892952456,17,7,297,211,0.7104377104377104,2,0,8
266516,217,0.9203046699999999,10,4,587,489,0.8330494037478705,3,0,2
267039,208,0.7161056769999999,11,5,430,347,0.8069767441860465,0,0,3
267039,217,1.867076193,11,5,671,592,0.8822652757078987,1,0,6
266477,222,0.321088464,5,3,326,239,0.7331288343558282,2,0,2
266477,217,1.3762888489999998,20,8,720,632,0.8777777777777778,2,0,4
267101,217,3.6614756589999997,19,10,846,749,0.8853427895981087,0,0,10
267101,422,0.0792398336,3,2,266,186,0.6992481203007519,0,0,1
266440,217,3.7157748149999996,28,11,670,588,0.8776119402985074,3,0,7
266440,207,0.9828353220000001,6,5,261,179,0.685823754789272,4,1,3
266033,207,1.036052236,7,4,306,212,0.6928104575163399,5,0,3
266033,217,1.9746321939999998,15,8,682,593,0.8695014662756598,4,0,1
267660,219,1.5689476622,14,8,314,219,0.697452229299363,2,0,4
267660,217,1.3406854929999998,15,5,747,635,0.8500669344042838,0,0,8
266273,206,1.423346245,9,4,316,237,0.75,1,0,3
266273,217,2.8813263105999996,22,9,734,648,0.8828337874659401,3,0,9
267395,217,3.381129192,23,10,595,524,0.880672268907563,3,0,5
267395,208,0.567579244,7,1,397,321,0.8085642317380353,4,0,1
266874,217,0.9673181532999999,16,6,539,443,0.8218923933209648,1,0,7
266874,215,0.822713319,10,3,457,366,0.8008752735229759,3,0,2
266731,322,0.6091129503,14,6,401,268,0.6683291770573566,3,0,8
266731,217,1.835845714,14,7,617,499,0.8087520259319287,1,0,5
266528,217,2.022003635,14,7,645,567,0.8790697674418605,0,0,5
266528,214,0.24533895300000003,3,1,326,235,0.7208588957055214,3,0,2
266280,217,1.1674662530000002,13,7,628,547,0.8710191082802548,4,0,4
266280,213,0.6094724097,7,3,478,394,0.8242677824267782,2,0,4
267432,217,5.021651123,17,10,642,552,0.8598130841121495,1,0,10
267432,322,1.07911865,9,4,251,156,0.6215139442231076,3,0,4
267076,217,1.2154033359999998,12,2,594,506,0.8518518518518519,4,0,5
267076,220,1.109905212,14,5,476,388,0.8151260504201681,2,0,7
267590,223,0.868959974,8,4,320,212,0.6625,4,0,2
267590,217,1.324152049,12,3,669,569,0.8505231689088192,4,0,3
267373,217,2.5430759320000003,15,9,545,463,0.8495412844036697,3,0,5
267373,210,0.7613255396,14,7,489,399,0.8159509202453987,2,0,4
267077,214,0.411480748,6,2,358,237,0.6620111731843575,3,0,4
267077,217,1.672483668,16,10,671,560,0.834575260804769,0,0,5
266952,217,2.538688421,20,8,746,669,0.8967828418230563,2,0,4
266952,222,0.7587652090000001,8,4,383,298,0.7780678851174935,4,0,3
267464,212,1.0228339810000002,13,4,318,216,0.6792452830188679,4,0,6
267464,217,1.8263464329999999,15,6,528,407,0.7708333333333334,2,0,5
266299,217,2.633343392,19,9,670,572,0.8537313432835821,1,0,10
266299,209,0.4944295873999999,7,2,388,288,0.7422680412371134,3,0,1
266191,210,1.7695519344,18,6,497,401,0.806841046277666,2,0,8
266191,217,0.5694381310000001,10,2,476,358,0.7521008403361344,4,0,6
265952,217,1.7943247666000002,22,10,748,663,0.8863636363636364,1,0,10
265952,1041,1.262595044,5,2,257,183,0.7120622568093385,3,0,3
267492,217,3.752909775,25,8,698,614,0.8796561604584527,1,0,8
267492,219,0.279366298,7,0,299,228,0.7625418060200669,2,1,2
267596,217,2.1399577867,13,6,780,688,0.882051282051282,1,0,4
267596,205,1.101014622,12,6,328,239,0.7286585365853658,3,0,4
267058,217,1.6633421530000003,15,5,733,651,0.888130968622101,1,0,8
267058,1049,0.014366697,1,0,299,211,0.705685618729097,4,0,1
3825739,220,2.220954735,17,9,786,701,0.8918575063613231,1,0,4
3825739,1041,0.657441291,9,2,391,307,0.7851662404092071,1,0,4
3825848,221,0.7354492116000001,12,2,524,395,0.7538167938931297,2,0,4
3825848,322,0.985705701,10,4,386,236,0.6113989637305699,5,0,7
3825895,208,1.075593643,12,4,401,268,0.6683291770573566,3,0,4
3825895,213,1.782801611,16,3,496,358,0.7217741935483871,4,0,5
3825894,219,0.660836973,15,5,456,341,0.7478070175438597,2,0,8
3825894,216,0.851913966,9,5,397,294,0.7405541561712846,6,0,5
3825855,223,2.4141460930000003,24,9,515,378,0.7339805825242719,2,0,13
3825855,221,1.800679954,11,4,379,261,0.6886543535620053,4,0,7
3825908,214,2.167300407,10,7,485,347,0.7154639175257732,4,0,3
3825908,322,2.112536163,13,8,474,326,0.6877637130801688,3,0,4
3825883,223,2.1733854778,14,8,353,258,0.7308781869688386,1,0,3
3825883,208,1.6789813585,12,7,617,525,0.8508914100486223,1,0,6
3825900,1041,1.7171238039999999,16,6,573,476,0.8307155322862129,1,0,4
3825900,222,0.70345226,11,5,521,441,0.8464491362763915,2,0,1
3825902,360,1.8556902090000003,19,9,572,465,0.8129370629370629,1,0,9
3825902,221,1.6027164194,11,2,466,349,0.7489270386266095,3,0,3
3825876,218,1.704117186,7,5,550,451,0.82,1,0,3
3825876,216,1.3897388,14,5,378,284,0.7513227513227513,8,1,2
3825846,219,0.812190933,10,2,489,401,0.820040899795501,1,0,4
3825846,220,1.834950117,16,5,698,615,0.8810888252148997,3,0,8
3825869,215,1.8295469860000004,14,7,569,459,0.8066783831282952,1,1,7
3825869,213,1.235118731,8,4,437,329,0.7528604118993135,3,2,6
3825882,212,1.368404885,11,5,501,377,0.7524950099800399,4,0,4
3825882,209,0.455120064,7,4,584,484,0.8287671232876712,5,0,4
3825849,207,0.807045349,8,0,489,367,0.7505112474437627,2,0,4
3825849,210,1.0395006574,15,6,475,352,0.7410526315789474,2,0,6
3825860,221,0.825110904,11,5,618,504,0.8155339805825242,1,0,4
3825860,212,1.487192419,17,5,516,404,0.7829457364341085,1,0,5
3825847,322,0.559321064,9,2,449,298,0.6636971046770601,0,0,11
3825847,219,0.391367896,9,1,489,337,0.689161554192229,1,0,7
3825817,216,0.6729239929999999,8,4,334,206,0.6167664670658682,2,0,3
3825817,322,2.755793431,20,6,496,359,0.7237903225806451,2,0,3
3825778,218,1.5816308129999999,18,5,498,369,0.7409638554216867,2,0,10
3825778,1041,0.233383578,5,3,388,277,0.7139175257731959,3,0,4
3825777,221,1.8737793189999996,12,6,369,262,0.7100271002710027,2,0,6
3825777,216,1.741446856,14,6,449,319,0.7104677060133631,2,0,8
3825740,322,1.714239506,12,7,443,312,0.7042889390519187,1,0,3
3825740,1049,0.9642138057,4,1,360,231,0.6416666666666667,4,0,2
3825875,222,0.49724234000000006,8,3,437,313,0.7162471395881007,4,0,3
3825875,210,0.6385188930000001,7,2,600,475,0.7916666666666666,1,0,5
3825884,213,1.053605788,13,3,415,307,0.7397590361445783,5,0,8
3825884,218,0.2960170765,8,1,337,224,0.6646884272997032,4,0,5
3825842,221,0.7405703977,10,5,338,215,0.636094674556213,2,0,4
3825842,215,1.1565945803999997,19,8,590,452,0.7661016949152543,1,0,9
3825890,212,1.321953714,14,4,432,292,0.6759259259259259,3,0,10
3825890,223,0.16321027800000001,7,4,483,352,0.7287784679089027,3,0,4
3825871,208,1.1327808119999998,15,9,637,543,0.8524332810047096,4,0,5
3825871,214,1.888067782,12,5,391,303,0.7749360613810742,4,0,5
3825896,1049,3.092966799,13,6,399,299,0.7493734335839599,6,0,3
3825896,221,1.0397063579999999,14,5,421,326,0.7743467933491687,6,0,4
3825841,210,0.945617087,15,5,552,437,0.7916666666666666,2,0,8
3825841,216,1.30853976,7,3,395,297,0.7518987341772152,4,0,2
3825843,223,0.988143201,12,4,434,314,0.7235023041474654,1,0,7
3825843,360,0.7130141261,11,4,390,287,0.735897435897436,3,0,7
3825839,1041,1.564057362,14,2,460,339,0.7369565217391304,2,0,5
3825839,213,1.802238372,18,8,520,406,0.7807692307692308,1,0,7
3825838,215,0.606769013,13,6,745,615,0.825503355704698,0,0,8
3825838,212,0.9091936089999999,8,2,394,277,0.7030456852791879,0,0,4
3825840,207,2.6551859540000002,9,6,549,446,0.8123861566484517,1,0,6
3825840,322,0.873957829,9,2,516,400,0.7751937984496124,2,0,3
15978,210,0.914412035,8,4,365,276,0.7561643835616438,1,0,1
15978,217,1.398165227,12,6,783,681,0.8697318007662835,1,0,6
15998,205,1.070911462,9,6,267,184,0.6891385767790262,4,0,4
15998,217,0.552077237,9,5,855,758,0.8865497076023392,2,0,5
16029,217,2.3974202783,23,9,520,448,0.8615384615384616,0,0,5
16029,213,1.688973094,19,6,456,364,0.7982456140350878,1,0,7
16073,212,0.141969905,3,1,354,271,0.7655367231638418,5,0,2
16073,217,0.296478192,7,2,758,680,0.8970976253298153,3,0,8
16086,214,1.224688889,15,3,503,412,0.8190854870775348,1,0,11
16086,217,2.3132187269999998,17,9,617,535,0.86709886547812,0,0,4
16190,213,1.122434296,14,4,401,295,0.7356608478802993,6,0,3
16190,217,1.6004439970000002,17,7,602,508,0.8438538205980066,1,0,8
16109,217,1.134397363,9,4,584,504,0.863013698630137,0,0,4
16109,209,0.899607741,11,3,536,451,0.8414179104477612,1,0,6
16120,216,1.5908359879999998,10,2,244,165,0.6762295081967213,4,0,4
16120,217,1.7478493249999998,13,8,765,693,0.9058823529411765,3,0,4
16182,217,3.661527874,20,8,742,662,0.8921832884097035,1,0,3
16182,901,0.44353789800000004,11,0,484,377,0.7789256198347108,3,0,5
16215,218,1.007864181,13,3,620,531,0.8564516129032258,1,0,3
16215,217,2.050660124,16,9,487,424,0.8706365503080082,2,0,7
16173,215,1.35796548,14,5,377,286,0.7586206896551724,3,0,6
16173,217,0.49470533400000005,10,2,727,635,0.8734525447042641,2,0,4
16265,217,1.245622556,11,4,567,468,0.8253968253968254,0,0,4
16265,210,0.8769487859999999,9,3,555,453,0.8162162162162162,1,0,2
15946,217,2.6599242,25,9,917,820,0.8942202835332607,0,0,7
15946,206,0.292109614,3,0,246,164,0.6666666666666666,2,0,1
16157,217,1.6903835109999998,20,8,807,721,0.8934324659231723,3,0,9
16157,207,2.4418723389999997,13,7,388,306,0.788659793814433,0,0,1
16136,217,1.74555982,15,7,831,723,0.8700361010830325,3,0,5
16136,205,0.6695991617,5,2,315,212,0.6730158730158731,3,0,1
16248,217,1.9246822670000001,20,11,760,686,0.9026315789473685,3,0,5
16248,212,0.5219108577,9,2,436,356,0.8165137614678899,4,1,1
16056,217,4.172701369,20,5,537,452,0.8417132216014898,3,0,10
16056,218,2.0215838760000002,15,8,448,376,0.8392857142857143,3,0,5
16289,217,1.7492327289999998,23,12,650,561,0.8630769230769231,4,0,6
16289,221,0.7343230099999999,7,2,396,309,0.7803030303030303,3,0,3
16079,217,1.0838477350000002,15,7,721,645,0.8945908460471568,2,0,11
16079,222,0.8975263569999998,12,2,434,370,0.8525345622119815,4,0,1
16149,211,1.212639442,13,4,374,287,0.767379679144385,4,0,3
16149,217,1.906738469,15,6,675,583,0.8637037037037038,3,0,8
16275,206,0.41362018800000006,6,1,259,178,0.6872586872586872,3,0,1
16275,217,2.2655810069999998,16,5,811,719,0.8865598027127004,1,0,4
15973,217,4.513569743,30,15,701,636,0.9072753209700428,1,0,9
15973,902,1.264742864,7,4,336,257,0.7648809523809523,2,0,4
16317,322,1.477804292,18,8,433,316,0.7297921478060047,4,0,5
16317,217,0.7572143847999999,8,3,656,567,0.864329268292683,2,0,2
16131,217,1.16775373,7,6,654,551,0.8425076452599388,2,0,2
16131,322,0.9653471839999999,16,2,468,357,0.7628205128205128,1,0,3
16205,217,2.619028352,12,6,732,657,0.8975409836065574,1,0,10
16205,360,0.3626478485,8,1,340,271,0.7970588235294118,2,0,4
16095,221,1.164957094,20,6,426,338,0.7934272300469484,2,1,15
16095,217,2.9769174072,16,9,556,492,0.8848920863309353,3,0,3
16306,217,2.040483553,13,8,929,829,0.8923573735199138,1,0,4
16306,216,0.9995465319999999,11,0,267,154,0.5767790262172284,3,0,3
16010,217,2.7532440959999995,20,7,692,587,0.8482658959537572,3,0,4
16010,215,0.48522814999999997,8,2,295,186,0.6305084745762712,3,0,3
15986,217,1.502485224,21,10,765,696,0.9098039215686274,3,1,8
15986,211,1.069202315,7,5,376,299,0.7952127659574468,5,0,2
16240,222,2.572822366,16,9,348,281,0.8074712643678161,3,0,5
16240,217,2.2952025089999997,15,9,713,636,0.8920056100981767,7,0,3
16023,207,1.376319467,10,3,346,260,0.7514450867052023,2,0,5
16023,217,0.3969471124999999,10,5,1035,935,0.9033816425120773,2,0,2
16196,220,1.0888610150000002,18,3,513,424,0.8265107212475633,3,0,8
16196,217,1.2611960085,10,4,543,459,0.8453038674033149,2,0,6
15956,901,0.33820088000000004,7,4,368,272,0.7391304347826086,1,0,6
15956,217,0.7582223709999999,11,5,628,525,0.8359872611464968,1,0,10
16231,217,1.059880911,13,3,725,628,0.8662068965517241,0,0,5
16231,214,0.179885682,3,2,336,241,0.7172619047619048,4,0,2
303731,217,3.976931951,13,10,746,638,0.8552278820375335,0,0,5
303731,322,0.6710336225000001,12,5,328,237,0.7225609756097561,2,0,5
303532,217,1.5943270349999996,10,5,899,819,0.9110122358175751,5,0,3
303532,205,0.756958526,6,1,306,229,0.7483660130718954,3,0,2
303516,209,2.589303723,10,5,335,260,0.7761194029850746,3,0,3
303516,217,1.8170789179999998,18,2,685,600,0.8759124087591241,4,0,8
303596,217,0.719925322,9,1,609,533,0.8752052545155994,3,0,2
303596,220,0.9542925624999999,17,3,576,486,0.84375,5,0,6
303430,217,0.612086894,9,4,679,597,0.8792341678939617,4,0,6
303430,222,0.543885724,11,3,515,435,0.8446601941747572,2,0,5
303725,222,0.912594162,10,4,404,331,0.8193069306930693,1,0,2
303725,217,2.567198417,18,13,855,785,0.9181286549707602,0,0,6
303504,221,0.8460165719999999,9,3,388,300,0.7731958762886598,1,0,2
303504,217,2.139044643,10,6,693,613,0.8845598845598845,6,0,3
303451,217,3.2707426254999996,25,17,746,674,0.903485254691689,3,0,8
303451,1043,1.050319794,9,3,397,315,0.7934508816120907,0,0,4
303664,210,2.7875779040000004,19,5,605,528,0.8727272727272727,0,0,8
303664,217,1.9130446799999998,9,4,541,461,0.8521256931608133,1,0,5
303682,217,2.9258208420000007,23,8,783,705,0.9003831417624522,2,0,8
303682,221,1.4201925580000003,9,5,384,312,0.8125,0,0,3
303400,207,1.282769674,8,6,325,252,0.7753846153846153,1,0,2
303400,217,1.165431627,14,5,877,814,0.928164196123147,3,0,0
303634,217,1.0125385056,18,2,869,773,0.8895281933256617,4,0,10
303634,422,0.4741186025,9,5,236,147,0.6228813559322034,1,1,2
303421,206,0.406357612,7,0,376,299,0.7952127659574468,0,0,2
303421,217,2.913145846,16,8,792,724,0.9141414141414141,0,0,1
303493,217,1.675432889,18,5,828,715,0.8635265700483091,2,0,6
303493,215,0.688305282,7,0,303,211,0.6963696369636964,1,0,2
303680,901,0.767382524,13,5,420,324,0.7714285714285715,2,0,4
303680,217,1.226690606,10,6,753,664,0.8818061088977424,2,0,5
303479,217,1.9346501790000001,13,6,564,467,0.8280141843971631,4,0,4
303479,210,0.658936379,10,1,478,387,0.8096234309623431,3,0,4
303615,217,1.155459763,9,2,859,769,0.8952270081490105,0,1,6
303615,214,0.7635460445,11,2,295,212,0.7186440677966102,3,1,5
303696,217,1.4776562649999998,12,5,798,731,0.9160401002506265,3,0,3
303696,212,1.9883945813,10,3,305,237,0.7770491803278688,5,0,1
303487,217,1.558700034,9,7,705,634,0.8992907801418439,4,0,2
303487,209,0.26777825549999995,6,5,453,369,0.8145695364238411,1,0,2
303600,217,2.382540813,18,9,671,575,0.856929955290611,0,0,6
303600,901,0.5268658740000001,9,1,427,341,0.7985948477751756,3,0,3
303548,1043,0.771835227,12,3,419,329,0.7852028639618138,1,0,9
303548,217,2.0685232229999997,12,7,738,662,0.8970189701897019,2,0,3
303652,214,0.420332712,8,3,334,247,0.7395209580838323,2,0,3
303652,217,1.4762220425,14,7,750,673,0.8973333333333333,1,0,5
303674,213,0.523757683,8,4,437,344,0.7871853546910755,3,0,2
303674,217,0.5060273670000001,10,3,770,660,0.8571428571428571,2,0,9
303470,220,0.8652740299999999,13,4,536,465,0.8675373134328358,2,0,8
303470,217,1.069344716,9,4,684,604,0.8830409356725146,2,0,2
303700,322,0.327932219,6,0,481,381,0.7920997920997921,5,0,2
303700,217,1.4085941777,9,4,623,529,0.8491171749598716,0,0,2
303707,218,1.0949722132,7,3,308,255,0.827922077922078,4,0,0
303707,217,1.4341765,10,6,746,670,0.8981233243967829,4,0,8
303666,1049,1.8489029273,9,3,250,167,0.668,3,0,4
303666,217,0.5349524370000001,8,1,691,610,0.8827785817655571,2,0,5
303715,205,0.351292322,9,4,237,149,0.6286919831223629,1,0,0
303715,217,1.598676625,11,6,798,685,0.8583959899749374,2,0,6
303377,217,1.6572169519999997,12,5,718,620,0.8635097493036211,3,0,2
303377,216,0.748722662,6,2,243,143,0.588477366255144,2,0,3
303524,212,1.2149636990000001,16,2,381,287,0.7532808398950132,4,0,9
303524,217,0.931063791,13,5,724,634,0.8756906077348067,4,0,5
303517,217,1.5926148169999998,8,4,805,721,0.8956521739130435,2,0,3
303517,206,0.545430767,5,3,358,272,0.7597765363128491,4,0,4
303610,217,1.5407311209999999,18,6,1028,943,0.9173151750972762,0,0,7
303610,1049,0.218909804,5,1,237,151,0.6371308016877637,3,0,0
303473,217,1.4673041635,15,8,591,533,0.9018612521150592,5,2,7
303473,213,1.7253259230000002,16,4,462,381,0.8246753246753247,3,0,11
3773386,206,1.128524181,4,3,238,154,0.6470588235294118,3,0,2
3773386,217,2.0911299490000004,25,8,880,784,0.8909090909090909,3,0,14
3773565,1049,0.450979546,8,4,323,255,0.7894736842105263,2,1,4
3773565,217,1.4928263959999999,14,4,830,765,0.9216867469879518,3,0,1
3773457,217,2.159081824,21,4,761,688,0.9040735873850198,2,0,7
3773457,209,0.729653214,4,4,440,356,0.8090909090909091,2,0,1
3773631,218,1.3950677189999998,8,5,426,349,0.8192488262910798,1,0,3
3773631,217,0.9875746009999999,12,3,758,688,0.9076517150395779,3,0,5
3773665,422,1.2082273140000002,10,3,449,358,0.7973273942093542,0,0,3
3773665,217,1.056926099,13,6,759,674,0.8880105401844532,2,0,4
3773497,220,1.321765321,14,3,355,269,0.7577464788732394,2,0,5
3773497,217,1.494463878,18,4,748,666,0.8903743315508021,4,0,6
3773660,217,2.058993611,24,13,716,636,0.888268156424581,2,0,12
3773660,221,0.736227611,6,3,407,325,0.7985257985257985,1,0,4
3773593,217,2.6873112679999998,17,9,735,651,0.8857142857142857,0,0,8
3773593,222,0.1825146875,5,1,577,480,0.8318890814558059,1,0,4
3773466,209,0.46619188860000005,10,3,460,372,0.808695652173913,5,0,3
3773466,217,0.739652598,7,4,600,504,0.84,4,0,7
3773585,217,1.2488722015,10,4,626,547,0.8738019169329073,3,0,7
3773585,220,2.9000679519999997,16,9,577,501,0.8682842287694974,2,0,7
3773552,902,0.387724143,4,4,375,307,0.8186666666666667,1,0,2
3773552,217,2.508760701,20,6,840,759,0.9035714285714286,0,0,6
3773672,217,1.6534482454000001,11,5,681,594,0.8722466960352423,1,0,6
3773672,213,0.688010283,10,1,575,493,0.8573913043478261,1,0,5
3773587,216,1.652100625,9,3,249,145,0.5823293172690763,4,0,7
3773587,217,0.7843558220000001,7,1,659,569,0.8634294385432474,3,0,2
3773656,212,0.562930227,10,2,570,477,0.8368421052631579,4,0,8
3773656,217,0.954291622,13,4,651,572,0.8786482334869432,0,0,8
3773377,217,2.893558679,24,9,760,667,0.8776315789473684,4,0,8
3773377,207,1.637535147,11,4,309,227,0.7346278317152104,2,0,3
3773586,217,1.233171613,16,4,904,822,0.9092920353982301,0,0,6
3773586,1049,0.535677516,5,2,209,138,0.6602870813397129,4,0,1
3773372,217,0.8648851659999999,12,6,634,571,0.9006309148264984,3,0,5
3773372,212,0.55558012,10,5,445,369,0.8292134831460675,3,0,7
3773387,221,1.017280621,16,6,419,347,0.8281622911694511,2,0,8
3773387,217,2.8138382679999996,17,5,657,577,0.878234398782344,2,0,6
3773695,207,1.301609404,9,4,381,301,0.7900262467191601,2,0,2
3773695,217,3.0856501890000003,14,6,807,725,0.8983890954151177,1,0,1
3773369,217,0.95751025,12,5,938,871,0.9285714285714286,0,0,7
3773369,902,2.101564256,8,4,419,346,0.8257756563245824,2,0,3
3773661,217,1.6198782499999997,9,5,973,885,0.9095580678314491,2,0,3
3773661,216,1.502712756,5,1,229,153,0.6681222707423581,0,0,1
3773597,210,0.6805954160000001,10,5,350,282,0.8057142857142857,3,0,1
3773597,217,2.7190648429999995,14,10,778,710,0.9125964010282777,2,0,1
3773523,217,2.6482608960000005,14,4,536,447,0.8339552238805971,3,0,2
3773523,210,1.9268283419999999,12,5,480,392,0.8166666666666667,3,0,3
3773571,901,0.6726382205,12,5,470,387,0.823404255319149,1,0,4
3773571,217,3.5577344489999994,21,10,717,648,0.9037656903765691,2,0,5
3773428,552,2.2947186696,8,3,198,120,0.6060606060606061,0,0,5
3773428,217,1.528829837,21,8,918,801,0.8725490196078431,2,0,13
3764661,215,0.841487605,8,4,518,437,0.8436293436293436,2,0,3
3764661,217,1.4724851283,13,9,685,610,0.8905109489051095,1,0,4
3773526,217,2.692579604,17,9,899,822,0.914349276974416,0,0,5
3773526,206,0.609192384,6,2,321,236,0.735202492211838,2,0,4
3773474,217,1.8230445149999996,25,9,742,658,0.8867924528301887,3,0,4
3773474,901,0.354709277,7,2,346,255,0.7369942196531792,3,1,1
3773625,213,0.089311511,3,1,516,433,0.8391472868217055,5,0,3
3773625,217,1.92933905,9,5,612,538,0.8790849673202614,2,0,3
3773403,217,1.7285390559999998,12,6,637,559,0.8775510204081632,2,0,7
3773403,215,0.22678602899999997,7,2,458,371,0.8100436681222707,3,0,3
3773547,217,4.178242825000001,20,10,852,766,0.8990610328638498,1,0,5
3773547,422,1.1067934193,10,5,351,264,0.7521367521367521,0,0,3
3773415,217,2.1455778609999996,20,4,956,857,0.8964435146443515,0,0,8
3773415,552,1.0836837049999999,3,1,221,128,0.579185520361991,2,0,0
3764440,217,2.70108426,9,5,787,723,0.9186785260482846,0,0,6
3764440,1042,0.670472064,6,1,428,360,0.8411214953271028,0,0,3
3773689,222,1.3720789489999998,10,4,484,403,0.8326446280991735,2,1,6
3773689,217,3.3227739440000006,15,5,628,556,0.8853503184713376,3,0,1
3773477,217,4.186569146,17,9,653,573,0.877488514548239,2,0,9
3773477,218,1.005236781,12,6,447,370,0.8277404921700223,2,1,5
3827336,7282,2.5789815369999998,30,6,465,356,0.7655913978494624,1,0,13
3827336,7289,0.641592384,10,2,269,169,0.6282527881040892,2,0,2
3813314,7282,2.3310924634999997,10,5,309,216,0.6990291262135923,2,0,4
3813314,7283,0.8617786740000001,14,3,499,374,0.749498997995992,2,0,7
3817877,7285,1.933275306,14,5,303,212,0.6996699669966997,4,0,3
3817877,7284,1.603995894,15,6,550,444,0.8072727272727273,2,0,7
3827767,7289,3.9990886484,18,9,518,369,0.7123552123552124,0,0,5
3827767,7283,4.3190909153,20,8,621,461,0.7423510466988728,3,0,3
3827335,7283,1.4229634847000001,11,4,334,199,0.5958083832335329,4,0,3
3827335,2021,1.093065523,11,5,399,261,0.6541353383458647,1,0,2
3827338,7289,0.9427714730000001,11,3,441,336,0.7619047619047619,0,0,5
3827338,7282,1.7168171233000002,13,4,528,423,0.8011363636363636,0,0,9
3827337,2021,0.580244954,6,1,369,229,0.6205962059620597,1,0,5
3827337,7283,0.5551661544000001,6,3,342,209,0.6111111111111112,2,0,3
3817856,7282,0.865703953,18,2,531,409,0.7702448210922788,1,0,6
3817856,2021,0.5652036869999999,8,3,269,141,0.5241635687732342,4,0,2
3817891,7286,1.551809716,17,5,340,229,0.6735294117647059,1,0,6
3817891,7284,1.1540791799999999,8,3,546,421,0.7710622710622711,0,0,6
3817870,7288,2.3880994540000002,15,7,547,432,0.7897623400365631,2,0,2
3817870,7283,2.9912366340000003,13,8,327,214,0.654434250764526,1,0,6
3817899,2021,3.1450311025000004,21,6,421,315,0.7482185273159145,0,0,5
3817899,7291,0.21991493699999998,4,1,293,192,0.6552901023890785,3,0,2
3817889,7290,0.7136447670000001,16,4,467,375,0.8029978586723768,0,0,3
3817889,7282,0.264724423,8,3,645,550,0.8527131782945736,1,0,8
3817887,7289,1.5677905914999999,14,7,360,250,0.6944444444444444,0,0,3
3817887,7287,0.924180199,16,2,540,419,0.7759259259259259,0,0,6
3817872,7284,1.9445402300000003,11,5,422,303,0.7180094786729858,2,0,2
3817872,7291,1.6911040387000003,14,5,392,289,0.7372448979591837,2,0,2
3817900,7290,0.8750970877,15,4,467,362,0.7751605995717344,4,0,5
3817900,2021,3.413957046,28,12,401,279,0.6957605985037406,1,0,7
3817855,7283,0.8798922105,15,4,328,214,0.6524390243902439,6,1,6
3817855,7282,1.5028308,14,6,487,392,0.8049281314168378,1,1,5
3817863,7289,0.597383488,12,4,321,217,0.67601246105919,3,0,1
3817863,7288,1.0332316733000002,14,7,495,389,0.7858585858585858,2,0,5
3817901,2021,2.667962343,10,5,264,167,0.6325757575757576,2,0,1
3817901,7287,2.5552190605000002,17,8,546,441,0.8076923076923077,2,0,5
3817880,7291,1.9555698390000003,19,6,359,259,0.7214484679665738,2,0,6
3817880,7290,1.5605420540000001,14,3,501,390,0.7784431137724551,1,0,6
3817902,7283,0.6355544451999999,15,5,443,303,0.6839729119638827,2,0,7
3817902,7286,0.451812963,9,1,436,309,0.7087155963302753,2,0,5
3817862,7287,0.9208207466,14,4,539,434,0.8051948051948052,1,0,8
3817862,7291,0.5503975069999999,15,4,385,301,0.7818181818181819,2,0,10
3817873,7282,2.327378607,16,8,502,426,0.848605577689243,0,0,8
3817873,7285,1.2593737215,24,5,392,294,0.75,2,0,10
3817869,7284,0.992279277,8,1,475,359,0.7557894736842106,3,0,4
3817869,7289,0.5769524988,11,3,333,219,0.6576576576576577,1,0,4
3817881,2021,2.0143007886,12,3,355,216,0.6084507042253521,2,0,2
3817881,7283,0.281247955,10,2,339,216,0.6371681415929203,4,0,3
3817895,7290,0.48352786999999997,7,0,401,301,0.7506234413965087,1,0,1
3817895,7288,1.869754826,18,6,694,600,0.8645533141210374,1,0,4
3817884,7289,1.038915053,15,6,403,283,0.7022332506203474,2,0,11
3817884,7282,2.2775546418999997,17,7,444,337,0.759009009009009,2,0,5
3817896,7286,0.6189376603000001,15,2,459,347,0.7559912854030502,1,0,3
3817896,7291,1.2972221193,8,3,520,402,0.7730769230769231,1,0,4
3817852,7290,0.500258871,9,0,346,240,0.6936416184971098,1,0,1
3817852,7287,1.673692186,14,4,465,349,0.7505376344086021,2,0,5
3817883,7284,1.4108474356000003,11,4,431,327,0.7587006960556845,0,0,4
3817883,2021,1.1547559840000001,13,3,301,191,0.6345514950166113,0,0,7
3817886,7283,1.4166016035,16,4,414,302,0.7294685990338164,2,0,10
3817886,7285,0.4784987785,11,1,374,269,0.7192513368983957,4,0,5
3817864,7287,1.1267125580000001,17,2,402,298,0.7412935323383084,2,0,3
3817864,7282,1.2541934620000001,19,5,459,352,0.7668845315904139,1,0,8
3817882,7286,1.595427366,26,5,446,348,0.7802690582959642,1,0,8
3817882,7290,0.6851272170000001,7,1,487,392,0.8049281314168378,1,0,0
3817894,7288,1.7038635594,24,7,520,421,0.8096153846153846,0,0,4
3817894,7291,1.91635457,11,4,292,185,0.6335616438356164,2,0,6
3817871,7285,0.3039607535,9,3,409,302,0.7383863080684596,5,0,1
3817871,7289,3.0334522425,20,8,385,274,0.7116883116883117,0,0,4
3817861,7283,0.572325257,14,6,361,248,0.6869806094182825,2,0,8
3817861,7284,1.3665623265,18,3,336,202,0.6011904761904762,1,0,3
3817888,7282,3.0929017584,31,5,627,525,0.8373205741626795,2,0,9
3817888,7286,1.0753502355,13,4,254,160,0.6299212598425197,1,0,3
3817875,2021,0.394563515,5,1,247,143,0.5789473684210527,4,0,3
3817875,7288,1.5420202270000003,12,2,557,451,0.8096947935368043,2,0,1
3817868,7284,3.3818453814999994,14,5,454,338,0.7444933920704846,0,0,4
3817868,7290,1.425446278,15,4,520,399,0.7673076923076924,2,0,4
3817867,7287,2.5336299070000003,18,6,385,300,0.7792207792207793,2,0,8
3817867,7285,0.7985759244000001,11,3,412,311,0.7548543689320388,2,0,6
3813313,7282,2.0428309667,17,6,512,419,0.818359375,2,0,7
3813313,7291,0.6441004680000001,13,3,402,313,0.7786069651741293,2,0,6
3817890,7288,2.2241417541,25,8,523,419,0.8011472275334608,1,0,12
3817890,7285,0.5154618674,11,3,254,146,0.5748031496062992,3,0,5
3813302,2021,3.337969532,21,8,420,300,0.7142857142857143,0,0,1
3813302,7285,1.543182008,8,3,479,348,0.7265135699373695,1,0,1
3817857,7289,0.732374168,9,2,433,305,0.7043879907621247,4,0,2
3817857,2021,1.2692107940000001,16,5,306,181,0.5915032679738562,0,1,7
3817898,7288,1.9090928834,16,3,534,421,0.7883895131086143,3,0,10
3817898,7287,0.6448083930000001,15,6,264,168,0.6363636363636364,5,0,5
3817893,7286,1.2729810011,18,6,448,340,0.7589285714285714,0,0,3
3817893,7285,0.8710930040000001,10,3,417,304,0.7290167865707434,2,0,4
3817854,7282,0.8036303019999999,10,4,384,282,0.734375,0,0,7
3817854,7284,0.8707380026,15,1,471,376,0.7983014861995754,3,0,5
3817892,7291,1.5513457952999998,13,2,332,245,0.7379518072289156,2,0,7
3817892,7282,1.5756372490000001,17,4,528,436,0.8257575757575758,4,0,8
3817859,7285,1.788059931,11,4,426,324,0.7605633802816901,5,0,6
3817859,2021,1.593110034,15,6,327,218,0.6666666666666666,2,0,3
3817858,7283,2.6212669379999998,16,3,536,440,0.8208955223880597,2,0,6
3817858,7290,1.321756181,8,0,396,301,0.76010101010101,2,0,1
3817897,7289,1.420572194,9,6,358,255,0.7122905027932961,2,0,4
3817897,7283,1.3841952135,18,6,446,324,0.726457399103139,2,0,10
3817885,7287,1.288960797,12,3,458,355,0.7751091703056768,0,0,3
3817885,7286,1.018564461,13,5,369,274,0.7425474254742548,0,0,6
3817878,7286,1.243590206,12,4,447,318,0.7114093959731543,1,0,2
3817878,7289,2.9277315704999998,21,9,412,302,0.7330097087378641,1,0,5
3817876,7290,0.7160403729999999,11,4,453,347,0.7660044150110376,4,0,2
3817876,7285,3.241692509,28,6,432,306,0.7083333333333334,2,0,12
3813305,7283,0.8572790215000001,12,5,322,193,0.5993788819875776,4,0,3
3813305,7289,1.238625855,15,3,435,300,0.6896551724137931,5,0,4
3813266,7288,1.4266413619999998,17,5,566,456,0.8056537102473498,2,0,10
3813266,7290,0.140748264,4,1,278,174,0.6258992805755396,2,0,0
3813271,7283,1.4080179757,10,2,298,191,0.6409395973154363,2,0,2
3813271,7288,1.0124208717,22,7,522,416,0.7969348659003831,3,0,3
3813311,2021,1.3085566784999998,20,4,475,361,0.76,3,0,5
3813311,7290,0.5061417676,7,2,334,226,0.6766467065868264,1,0,6
3813303,7282,0.2457468427,7,3,439,349,0.7949886104783599,1,0,6
3813303,7288,0.9229192069999999,15,4,514,424,0.8249027237354085,1,0,3
3813304,7289,0.752695115,13,6,532,401,0.7537593984962406,1,0,7
3813304,7286,0.6350326140000001,7,1,281,154,0.5480427046263345,1,0,1
3813306,7285,1.4177418212000001,18,5,372,244,0.6559139784946236,0,0,5
3813306,7282,3.4171702130000003,26,8,506,398,0.7865612648221344,0,0,4
3813283,7290,0.6843915334,10,5,418,309,0.7392344497607656,0,0,1
3813283,7284,1.9848564319999997,14,6,425,319,0.7505882352941177,4,0,8
3813275,7283,0.8749588075000001,7,2,384,259,0.6744791666666666,2,0,4
3813275,2021,1.193239818,18,4,375,237,0.632,1,0,6
3813278,7290,0.6507972579999999,9,1,440,317,0.7204545454545455,0,0,6
3813278,7283,1.485466891,12,4,469,339,0.7228144989339019,1,0,4
3813295,7289,1.9944206843,11,6,466,363,0.778969957081545,1,0,4
3813295,7291,0.878551015,10,5,364,264,0.7252747252747253,3,0,2
3813296,7285,0.34367648149999996,7,0,354,243,0.6864406779661016,2,0,3
3813296,7283,1.5857595080000002,13,3,417,300,0.7194244604316546,1,0,4
3813282,7287,1.405550582,13,3,478,349,0.7301255230125523,1,0,7
3813282,7283,1.45861545,14,5,313,211,0.6741214057507987,1,0,7
3813269,7291,0.5713093424,10,2,466,359,0.7703862660944206,2,0,2
3813269,2021,1.5091523940000002,19,5,319,215,0.6739811912225705,2,0,5
3817879,7290,0.9098908900000001,11,3,355,258,0.7267605633802817,1,0,6
3817879,7289,1.211728161,25,10,448,344,0.7678571428571429,2,0,9
3817874,7284,0.6885039630000002,12,3,298,175,0.587248322147651,6,0,5
3817874,7288,1.2941624520000001,11,2,399,285,0.7142857142857143,0,0,3
3817865,7285,0.9533285076000001,14,2,445,364,0.8179775280898877,1,0,3
3817865,7291,1.952608302,16,7,392,301,0.7678571428571429,0,0,8
3817860,7291,0.47136313789999995,6,2,442,301,0.6809954751131222,2,0,0
3817860,7289,1.898778047,20,7,446,308,0.6905829596412556,2,0,7
3817853,7288,1.148652381,19,4,643,525,0.8164852255054432,1,0,9
3817853,7286,0.6369196410000001,4,2,263,150,0.5703422053231939,1,0,0
3817851,7291,0.6623378259999999,10,4,454,332,0.7312775330396476,2,0,1
3817851,7283,0.9342839779999998,16,5,493,383,0.7768762677484787,3,0,5
3817850,2021,1.252599232,14,5,445,292,0.6561797752808989,0,0,11
3817850,7286,0.307031085,7,1,278,135,0.4856115107913669,0,0,0
3817849,7287,0.973305468,12,4,456,358,0.7850877192982456,3,0,8
3817849,7284,1.8377451456,19,7,381,263,0.6902887139107612,2,0,5
3817848,7288,0.924291314,16,3,621,502,0.8083735909822867,1,0,7
3817848,7282,2.1126044815,15,5,277,182,0.6570397111913358,2,0,6
3813318,7285,2.540213161,16,9,282,192,0.6808510638297872,2,0,5
3813318,7287,2.4993065220000004,20,6,522,410,0.7854406130268199,1,0,6
3813287,7284,2.317888415,17,6,275,172,0.6254545454545455,3,0,9
3813287,7282,1.9903078355,16,5,285,183,0.6421052631578947,1,0,11
3813270,7287,2.0075733199999997,11,6,351,259,0.7378917378917379,0,0,4
3813270,7288,0.349259805,8,1,465,383,0.8236559139784946,3,0,5
3813307,2021,0.7743322599999999,13,4,263,143,0.5437262357414449,1,0,6
3813307,7284,0.650886048,8,1,425,298,0.7011764705882353,0,0,7
3813279,7290,2.0382585864,20,7,522,425,0.814176245210728,3,0,7
3813279,7291,0.34046923399999995,9,4,369,266,0.7208672086720868,4,0,6
3813281,7282,0.774960862,9,2,381,283,0.7427821522309711,1,0,3
3813281,7290,0.757628166,14,1,477,348,0.7295597484276729,1,0,9
3813274,7284,1.2932473820000001,12,4,300,177,0.59,3,0,6
3813274,7287,1.0706465239999998,9,5,363,253,0.696969696969697,2,0,6
3813285,7288,0.7902083389999999,9,4,310,209,0.6741935483870968,1,1,1
3813285,7284,1.1416075233,15,4,338,225,0.665680473372781,6,0,9
3813317,7291,1.5248890255,13,7,450,367,0.8155555555555556,0,0,2
3813317,7286,1.4979186252999999,16,4,400,295,0.7375,1,0,6
3813316,7285,1.3206240643,10,4,296,182,0.6148648648648649,3,0,2
3813316,7288,2.5579896090000003,21,8,586,458,0.7815699658703071,0,0,4
3813315,7288,0.7674580139999999,10,2,553,467,0.8444846292947559,1,0,5
3813315,2021,2.0217102750000002,15,7,189,104,0.5502645502645502,2,0,6
3813312,7282,0.5317676284999999,10,1,325,239,0.7353846153846154,2,1,2
3813312,7287,3.1152505354,18,10,523,436,0.8336520076481836,2,0,4
3813310,7286,0.6937297656,12,4,252,147,0.5833333333333334,3,0,5
3813310,7283,0.41647796029999995,10,2,558,441,0.7903225806451613,0,0,5
3813309,7289,0.8255059210000001,14,4,528,416,0.7878787878787878,0,0,11
3813309,7290,0.9333219889999999,7,2,290,183,0.6310344827586207,2,0,7
3813308,7291,1.242760985,13,3,404,281,0.6955445544554455,3,0,5
3813308,7288,1.270510199,11,4,548,434,0.791970802919708,1,0,4
3813301,7291,0.7258270074000001,9,3,518,388,0.749034749034749,2,0,3
3813301,7285,1.3655431643999998,21,2,327,210,0.6422018348623854,0,0,3
3813300,7283,2.3054045949999997,11,6,471,341,0.7239915074309978,2,0,3
3813300,7291,2.4369295784,18,5,396,279,0.7045454545454546,2,0,3
3813299,7289,0.30529145559999993,10,2,351,209,0.5954415954415955,1,0,0
3813299,7284,0.560359048,9,3,437,284,0.6498855835240275,2,0,6
3813298,7286,0.5835507465000002,11,3,275,169,0.6145454545454545,1,0,5
3813298,2021,1.3163038880000002,18,3,473,349,0.7378435517970402,1,0,5
3813297,7284,0.940674824,11,6,560,455,0.8125,1,0,2
3813297,7285,1.451274269,12,4,270,160,0.5925925925925926,1,0,1
3813294,7285,0.5919700443,12,3,443,327,0.7381489841986456,3,0,2
3813294,7290,1.2155934311,11,4,465,356,0.7655913978494624,1,0,6
3813293,7284,0.882960716,11,1,616,500,0.8116883116883117,1,0,3
3813293,7286,0.330591711,5,1,235,125,0.5319148936170213,2,0,2
3813292,7284,1.038154996,11,3,561,425,0.7575757575757576,1,0,4
3813292,7283,0.29153113799999997,9,1,325,186,0.5723076923076923,1,0,5
3813291,7286,0.733051143,7,0,518,409,0.7895752895752896,3,0,4
3813291,7282,0.9669864739999999,12,5,426,348,0.8169014084507042,0,0,2
3813290,7289,2.0685811007000003,16,6,435,307,0.7057471264367816,2,0,4
3813290,7285,1.4159217900000003,11,4,391,258,0.659846547314578,3,0,0
3813289,7291,0.6367929076,6,5,274,187,0.6824817518248175,1,0,2
3813289,7284,2.2679509179999995,18,4,536,435,0.8115671641791045,2,0,7
3813288,2021,0.9891531140000002,11,1,259,142,0.5482625482625483,2,0,5
3813288,7289,0.488024891,7,1,370,252,0.6810810810810811,1,0,5
3813286,7287,0.6793500757,15,5,651,541,0.8310291858678955,0,0,8
3813286,7290,0.7084324902,8,2,299,194,0.6488294314381271,3,0,4
3813284,7287,1.670543812,12,8,458,345,0.7532751091703057,1,0,4
3813284,2021,1.6718944750000002,12,5,349,248,0.7106017191977078,1,0,4
3813280,7290,2.746079656,24,4,489,386,0.7893660531697342,2,0,12
3813280,7286,1.048977083,11,1,352,247,0.7017045454545454,1,0,5
3813277,7287,1.2964845980000002,12,4,466,358,0.7682403433476395,2,0,5
3813277,7289,1.2899563416,7,4,283,177,0.6254416961130742,2,0,2
3813276,7285,1.630359222,19,7,439,339,0.7722095671981777,3,0,5
3813276,7286,0.639644459,8,3,373,253,0.67828418230563,1,1,6
3813273,7291,1.589911622,9,4,322,243,0.7546583850931677,2,0,3
3813273,7287,1.1653353479999997,16,7,495,417,0.8424242424242424,2,0,4
3813272,7288,1.433875911,11,4,493,373,0.7565922920892495,3,0,4
3813272,7289,1.4238906390000001,19,5,296,192,0.6486486486486487,5,0,3
3813268,2021,0.773467009,13,4,282,170,0.6028368794326241,4,0,6
3813268,7282,1.3470252523,11,3,439,329,0.7494305239179955,2,0,6
3813267,7286,0.6501293434,10,4,271,161,0.5940959409594095,2,0,2
3813267,7288,2.991310808,18,5,610,507,0.8311475409836065,2,0,6
3813265,7286,0.38291343699999997,5,1,236,127,0.538135593220339,1,0,1
3813265,7287,0.556595132,15,2,554,427,0.7707581227436823,1,0,8
3813264,7282,0.727560838,12,1,466,366,0.7854077253218884,3,0,4
3813264,7289,1.3953872070000002,18,7,413,292,0.7070217917675545,2,0,7
3922240,774,8.424148152999999,20,11,583,469,0.8044596912521441,3,0,2
3922240,4881,8.626787165,21,9,453,338,0.7461368653421634,3,0,4
3920399,4924,0.5990378949,11,5,458,388,0.8471615720524017,1,0,1
3920399,4978,0.3310106096,8,2,471,390,0.8280254777070064,0,0,6
3920413,4934,1.296466914,15,7,317,227,0.7160883280757098,4,0,7
3920413,2722,1.367199652,13,3,384,295,0.7682291666666666,0,0,5
3920400,787,1.2311799,5,3,378,278,0.7354497354497355,1,0,8
3920400,2722,0.248547065,5,1,424,331,0.7806603773584906,3,0,9
3920409,4894,0.3514627777,12,5,451,386,0.8558758314855875,0,0,3
3920409,775,0.970812034,11,1,455,380,0.8351648351648352,3,0,2
3920417,4980,0.656155824,5,0,263,151,0.5741444866920152,1,0,9
3920417,4930,0.681213131,11,2,485,406,0.8371134020618557,0,0,3
3920395,4881,2.6822564570000007,27,7,499,432,0.8657314629258517,1,0,7
3920395,4963,0.096432803,3,1,409,339,0.8288508557457213,1,0,0
3920407,4976,2.2156721920000004,12,8,403,285,0.707196029776675,1,0,6
3920407,4980,0.5685470403999999,4,1,382,256,0.6701570680628273,0,0,2
3920412,4892,0.553162426,4,1,425,340,0.8,2,0,0
3920412,787,0.9427711889999999,12,2,412,333,0.808252427184466,2,0,6
3920415,4932,1.3282860823,17,7,203,118,0.5812807881773399,3,0,5
3920415,4898,1.1864072147,16,5,618,515,0.8333333333333334,3,0,6
3920404,777,0.5300487537,5,1,340,248,0.7294117647058823,2,0,3
3920404,4930,0.845760372,12,1,518,437,0.8436293436293436,0,0,4
3920389,2722,0.8791735999999998,13,2,510,420,0.8235294117647058,2,0,5
3920389,4892,0.7102196794,6,2,231,146,0.6320346320346321,1,1,0
3920393,777,0.8706826864999999,9,3,490,389,0.7938775510204081,0,0,8
3920393,4980,1.6100867956999996,13,4,325,223,0.6861538461538461,0,0,7
3920403,4932,1.1113399407999998,14,5,415,328,0.7903614457831325,2,0,6
3920403,4901,2.0439582,20,6,344,253,0.7354651162790697,1,0,11
3920394,788,2.3002813489999996,15,7,520,452,0.8692307692307693,2,0,5
3920394,4953,0.011926915,2,0,470,392,0.8340425531914893,4,0,2
3920402,4898,1.9980459710000003,15,5,458,396,0.8646288209606987,2,0,4
3920402,4921,1.258992304,7,3,266,191,0.7180451127819549,5,0,1
3920414,4901,0.8842662024999999,6,5,405,330,0.8148148148148148,3,0,1
3920414,4921,0.9952471892000001,20,3,465,369,0.7935483870967742,1,0,6
3920405,788,1.0546321737000002,11,4,416,341,0.8197115384615384,3,0,3
3920405,4881,2.31023671,11,2,343,262,0.7638483965014577,1,0,5
3920416,4976,0.5204111787,11,2,418,328,0.784688995215311,0,0,5
3920416,777,1.0176946654,11,2,511,407,0.7964774951076321,0,0,6
3922658,4924,5.4274397822000005,30,6,540,414,0.7666666666666667,1,0,10
3922658,4976,4.2306515743,20,9,536,406,0.7574626865671642,0,0,4
3920386,775,2.6872513775,19,6,380,290,0.7631578947368421,1,0,2
3920386,4992,0.33208500900000004,8,1,365,275,0.7534246575342466,2,0,3
3920408,4992,1.092679292,10,7,209,134,0.6411483253588517,3,0,1
3920408,3374,2.0694979545,22,3,464,368,0.7931034482758621,2,0,11
3920397,4992,1.777497407,8,6,405,333,0.8222222222222222,2,0,2
3920397,4894,1.0344140439999998,12,3,387,299,0.772609819121447,0,0,7
3920410,4978,1.5396220109,14,4,413,320,0.774818401937046,4,0,6
3920410,4885,1.8431652509999998,8,4,269,193,0.7174721189591078,5,0,3
3923881,775,0.25819266500000004,5,1,272,189,0.6948529411764706,2,0,4
3923881,3374,1.4139358625,18,7,464,388,0.8362068965517241,3,0,5
3923880,4976,5.750652511,13,9,524,454,0.8664122137404581,0,0,2
3923880,4881,7.166134682000001,20,10,412,351,0.8519417475728155,1,0,1
3922838,3374,0.8495611759999999,14,2,410,336,0.8195121951219512,0,0,6
3922838,4881,0.826083473,7,1,323,231,0.7151702786377709,0,0,6
3922837,775,5.4088133766999995,19,10,428,330,0.7710280373831776,2,0,5
3922837,4976,4.8924694970000004,18,9,660,570,0.8636363636363636,0,1,4
3922242,787,5.235410052300001,18,8,475,373,0.7852631578947369,4,0,6
3922242,3374,5.038094957,13,9,645,531,0.8232558139534883,3,0,2
3922239,4992,0.956068984,5,0,398,311,0.7814070351758794,0,1,2
3922239,4892,0.5573152885,10,4,379,298,0.7862796833773087,1,0,2
3922659,4930,1.317118139,11,4,679,579,0.8527245949926362,3,1,10
3922659,3374,0.8373889089999998,11,3,427,328,0.7681498829039812,5,0,2
3922244,4930,0.6657573702999999,14,4,466,385,0.8261802575107297,1,0,1
3922244,4921,1.4600063336,8,4,349,266,0.7621776504297995,3,0,2
3922356,4881,1.652631181,13,3,287,210,0.7317073170731707,1,0,3
3922356,4892,1.1352217789999999,7,3,462,374,0.8095238095238095,2,0,4
3922321,775,1.4616966710000001,13,3,373,283,0.7587131367292225,1,0,4
3922321,4901,0.954992671,10,2,438,360,0.821917808219178,3,0,7
3922237,4901,1.5854788395,11,4,383,293,0.7650130548302873,0,1,6
3922237,4980,0.8707519355,12,4,387,297,0.7674418604651163,2,0,3
3922243,788,2.090429641,13,2,489,411,0.8404907975460123,1,1,6
3922243,4976,0.240658424,5,3,407,347,0.8525798525798526,3,0,2
3922241,4924,1.5715358579,18,4,523,420,0.8030592734225621,1,0,11
3922241,4932,0.776972687,11,0,235,150,0.6382978723404256,1,0,1
3922238,775,1.3096963099999999,8,4,314,213,0.678343949044586,2,0,3
3922238,2722,0.300622834,6,0,426,325,0.7629107981220657,2,0,1
3920396,774,1.2035801499999998,11,5,479,404,0.8434237995824635,0,0,3
3920396,4885,0.425947081,6,3,355,279,0.7859154929577464,1,0,4
3920385,774,1.9291997944000001,22,5,589,512,0.8692699490662139,1,0,7
3920385,4978,0.728198501,6,2,373,309,0.8284182305630027,3,0,2
3920387,4885,1.437942942,11,1,386,304,0.7875647668393783,3,0,2
3920387,4924,2.720214145,15,5,417,341,0.8177458033573142,3,0,5
3920419,4963,0.4399758278,11,2,381,309,0.8110236220472441,0,0,3
3920419,788,2.421491488,19,7,520,455,0.875,1,0,7
3920418,4953,0.0585539966,4,0,516,412,0.7984496124031008,0,0,1
3920418,4881,0.6590665210000001,9,3,496,403,0.8125,1,0,4
3920411,4924,0.406963733,6,3,426,351,0.823943661971831,1,0,4
3920411,774,1.7644844204999999,27,7,483,417,0.8633540372670807,2,0,8
3920406,4963,0.7971692891,11,4,467,390,0.8351177730192719,2,0,5
3920406,4953,0.390369424,6,2,550,472,0.8581818181818182,0,0,3
3920401,4892,2.438514768,16,5,488,388,0.7950819672131147,2,0,7
3920401,4934,0.254498846,7,0,390,305,0.782051282051282,2,0,5
3920398,3374,0.6072311182,14,3,460,376,0.8173913043478261,0,0,5
3920398,775,1.575570081,11,1,268,199,0.7425373134328358,1,0,6
3920392,4921,1.1366585009999999,11,5,457,375,0.8205689277899344,3,0,3
3920392,4932,0.515656181,9,4,269,180,0.6691449814126395,2,0,4
3920391,4930,2.3419830654,16,6,438,346,0.7899543378995434,3,0,2
3920391,4976,1.3898648276,12,5,531,441,0.8305084745762712,2,0,3
3920390,4898,0.696929411,16,3,589,489,0.830220713073005,4,0,14
3920390,4901,1.197465477,7,1,296,214,0.722972972972973,1,0,2
3920388,787,1.7206512,14,6,594,512,0.8619528619528619,2,0,6
3920388,4934,1.008395458,12,2,291,218,0.7491408934707904,0,1,4
3920384,3374,0.706896166,10,3,598,517,0.8645484949832776,2,0,6
3920384,4894,0.5296147163,10,3,394,328,0.8324873096446701,1,0,2
3911779,3169,1.489457135,15,5,595,455,0.7647058823529411,0,0,7
3911779,3165,1.466993817,9,4,424,287,0.6768867924528302,2,0,2
3912217,3169,1.8976454839999999,18,5,580,477,0.8224137931034483,1,0,10
3912217,19106,1.226857367,12,3,295,208,0.7050847457627119,1,0,1
3912219,3169,1.140521561,8,4,332,221,0.6656626506024096,2,0,2
3912219,929,3.0328740649999997,34,8,503,379,0.7534791252485089,3,0,7
3911780,3168,0.124846064,3,2,397,294,0.7405541561712846,4,0,5
3911780,3170,2.0831054250000003,16,7,559,439,0.7853309481216458,0,0,2
3911802,3170,2.934576605,24,9,610,480,0.7868852459016393,2,0,6
3911802,3169,0.754900048,6,2,385,271,0.7038961038961039,0,0,1
3911778,19107,0.24145375000000002,3,0,351,238,0.6780626780626781,1,0,3
3911778,1069,2.8114268119999997,16,6,676,555,0.8210059171597633,1,0,5
3912190,1069,1.3806198079999996,14,3,485,373,0.7690721649484537,1,0,2
3912190,3169,0.35534243699999996,4,3,428,312,0.7289719626168224,2,0,7
3911800,1069,0.930187034,9,6,689,607,0.8809869375907112,0,0,5
3911800,3166,0.3624438136,7,3,374,281,0.7513368983957219,2,0,2
3911768,1069,0.7867098039999998,14,6,600,499,0.8316666666666667,0,0,6
3911768,3170,0.2496816395,7,2,442,334,0.755656108597285,1,0,6
3912203,6602,0.131005995,4,0,358,258,0.7206703910614525,1,0,3
3912203,1069,3.235370951,21,10,682,573,0.8401759530791789,2,0,4
3912215,3170,1.444394612,16,3,523,409,0.7820267686424475,1,0,8
3912215,1069,1.314740632,11,5,412,307,0.7451456310679612,1,0,1
3911795,3168,0.051970081999999994,3,0,386,272,0.7046632124352331,4,0,2
3911795,1069,1.388039645,9,5,511,404,0.7906066536203522,2,0,7
3911788,1069,3.4933230590000006,23,7,801,699,0.8726591760299626,0,0,6
3911788,924,0.02147512,1,0,273,181,0.663003663003663,2,0,0
3911783,1069,2.4706875979999996,13,6,403,280,0.6947890818858561,1,0,10
3911783,929,0.57870171,7,1,425,291,0.6847058823529412,6,0,1
3912218,1069,4.505774065,23,10,688,580,0.8430232558139535,2,0,2
3912218,19107,0.5511438546,10,1,348,228,0.6551724137931034,2,0,4
3911760,1069,1.632769894,16,10,709,587,0.8279266572637518,1,0,9
3911760,6602,0.221732893,4,1,287,177,0.6167247386759582,4,0,3
3912187,19106,1.054414647,8,3,289,181,0.6262975778546713,2,0,1
3912187,1069,3.253004311,23,6,674,555,0.8234421364985163,2,0,5
3911764,3164,0.217136736,5,3,362,257,0.7099447513812155,1,0,1
3911764,1069,2.3436778049999996,15,6,732,635,0.8674863387978142,4,0,5
3912197,3166,0.7660307376000001,9,4,326,205,0.6288343558282209,0,0,2
3912197,929,2.2711571990000006,19,5,563,429,0.7619893428063943,2,0,11
3912209,3166,0.6053397409999999,9,2,582,470,0.8075601374570447,0,0,4
3912209,3169,1.0976895425,12,5,446,342,0.7668161434977578,3,0,1
3912201,3169,2.4815579173,17,8,430,303,0.7046511627906977,1,0,7
3912201,3168,0.773085982,11,4,388,251,0.6469072164948454,2,0,4
3912207,19106,0.6653919610000001,6,4,253,170,0.6719367588932806,4,0,1
3912207,929,6.014574177,24,13,532,435,0.8176691729323309,2,0,9
3912254,3166,2.5763523399999992,14,6,391,276,0.7058823529411765,4,0,5
3912254,3168,1.7952163955,11,6,431,335,0.777262180974478,2,0,3
3912257,6602,0.8550999915999999,10,4,415,325,0.7831325301204819,3,0,1
3912257,3170,1.456365659,14,4,572,459,0.8024475524475524,0,0,4
3912259,929,4.856035166,24,9,552,436,0.7898550724637681,1,0,7
3912259,3164,0.5857302654000001,7,2,261,156,0.5977011494252874,0,1,0
3912255,19106,1.3310962346,16,5,384,275,0.7161458333333334,1,0,6
3912255,924,1.204646688,15,1,387,276,0.7131782945736435,3,0,4
3912252,1069,2.286326056,18,5,750,656,0.8746666666666667,0,0,4
3912252,19106,0.047759965999999994,2,1,286,202,0.7062937062937062,3,0,1
3912246,3168,3.9089864185,24,12,554,435,0.7851985559566786,0,0,10
3912246,924,0.7586241060000001,8,3,306,182,0.5947712418300654,2,0,3
3912244,3165,0.870457584,13,4,513,353,0.6881091617933723,2,0,3
3912244,3164,1.351065789,9,4,376,238,0.6329787234042553,3,0,3
3912238,6602,1.7045387229999998,14,7,342,228,0.6666666666666666,2,0,4
3912238,3165,0.454427405,11,3,479,364,0.7599164926931107,2,0,2
3912200,929,0.94770739,14,5,464,351,0.7564655172413793,2,0,3
3912200,3170,0.547336049,7,2,451,342,0.7583148558758315,1,0,6
3912239,1069,1.8877327650000002,17,8,583,468,0.8027444253859348,0,0,7
3912239,3168,1.103950143,5,1,387,261,0.6744186046511628,0,0,5
3912240,19107,0.295399078,6,2,462,338,0.7316017316017316,1,0,2
3912240,3166,0.513601035,8,2,480,362,0.7541666666666667,2,0,5
3912232,3169,0.927952065,14,6,613,469,0.765089722675367,0,0,6
3912232,6602,0.786273907,12,3,336,211,0.6279761904761905,2,0,4
3912233,924,0.4358685347,9,4,307,179,0.5830618892508144,2,0,1
3912233,1069,5.064784023,32,11,688,561,0.815406976744186,1,0,6
3912242,19106,0.5713396735,11,3,381,258,0.6771653543307087,2,0,4
3912242,19107,2.375825529300001,21,5,448,314,0.7008928571428571,3,0,6
3912235,3166,1.47321537,9,4,382,270,0.7068062827225131,1,0,5
3912235,3170,1.5609126121999999,11,1,509,391,0.768172888015717,1,0,6
3912249,3164,0.712522319,14,5,413,296,0.7167070217917676,2,0,7
3912249,6602,0.9374703444000001,8,3,514,403,0.7840466926070039,4,0,2
3912253,3170,1.9201497535999998,20,8,574,459,0.7996515679442509,1,0,9
3912253,3165,1.7917406269999998,15,4,367,255,0.6948228882833788,0,0,4
3912251,924,0.35241370800000005,6,1,295,187,0.6338983050847458,0,0,1
3912251,3166,3.345709722,26,10,548,439,0.801094890510949,0,0,10
3912224,929,1.6318928958,17,4,476,374,0.7857142857142857,0,0,5
3912224,1069,1.283076583,13,6,367,254,0.6920980926430518,3,0,5
3912241,3170,2.7736947519999995,20,8,581,441,0.7590361445783133,2,0,6
3912241,19106,0.9210864946999999,7,2,309,197,0.6375404530744336,3,0,2
3912234,3168,0.820919324,11,2,527,405,0.7685009487666035,2,0,8
3912234,19107,0.15492207,4,1,393,255,0.648854961832061,2,0,2
3912231,3165,1.958074662,10,4,402,282,0.7014925373134329,0,0,4
3912231,929,2.929660786,22,11,480,372,0.775,2,0,7
3912222,19106,0.14127784699999998,3,3,259,129,0.4980694980694981,3,0,0
3912222,3165,1.9427116342999997,19,5,568,398,0.7007042253521126,2,0,8
3912223,924,0.009285761,2,1,316,204,0.6455696202531646,0,0,1
3912223,3170,1.9573032540000002,20,4,816,699,0.8566176470588235,1,0,6
3912214,3164,2.308025357,12,7,525,402,0.7657142857142857,1,0,3
3912214,924,1.0939573253000001,17,6,362,242,0.6685082872928176,1,0,5
3912210,19107,1.144150757,8,5,353,228,0.6458923512747875,0,0,2
3912210,3170,2.468180856,17,8,630,481,0.7634920634920634,1,0,5
3912221,3168,0.6363409449999999,7,4,431,307,0.7122969837587007,1,0,3
3912221,3164,2.008351696,12,1,357,229,0.6414565826330533,2,0,6
3912189,3168,1.2412419270000001,14,1,446,328,0.7354260089686099,1,0,9
3912189,3166,0.309798247,4,2,412,307,0.7451456310679612,4,0,2
3912196,1069,1.563171745,19,7,695,594,0.8546762589928057,0,0,7
3912196,3165,0.0,0,0,377,273,0.7241379310344828,0,0,0
3912199,3168,2.758824067,24,7,401,289,0.7206982543640897,5,0,10
3912199,19106,1.106403214,6,2,299,214,0.7157190635451505,1,0,1
3911785,929,2.9884573419999994,28,11,561,429,0.7647058823529411,0,0,11
3911785,3165,0.2744705337,6,1,358,218,0.6089385474860335,2,0,3
3911801,19107,0.7487972780000001,12,2,367,240,0.6539509536784741,2,0,6
3911801,19106,1.11117814,8,3,339,195,0.5752212389380531,4,0,5
3912186,929,1.0555438437999998,12,6,623,481,0.7720706260032103,1,0,4
3912186,3168,0.25410523,4,0,287,138,0.4808362369337979,3,0,1
3912184,3165,0.714800393,12,2,489,375,0.7668711656441718,2,0,4
3912184,3170,1.6232527749999999,13,5,563,453,0.8046181172291297,0,0,7
3912185,6602,0.4292911847,8,3,480,351,0.73125,2,0,6
3912185,3164,0.687743544,14,7,484,342,0.7066115702479339,0,0,10
3911798,6602,1.465948867,12,4,329,201,0.6109422492401215,0,0,3
3911798,929,2.11623281,11,6,601,484,0.8053244592346089,1,0,3
3911787,3164,2.8054414960000003,26,10,473,371,0.7843551797040169,4,0,7
3911787,19106,0.222478697,4,3,396,299,0.7550505050505051,3,0,2
3911784,19106,0.7721810383000001,12,4,426,303,0.7112676056338029,1,0,2
3911784,6602,2.6076774189999994,23,8,447,315,0.7046979865771812,1,0,9
3911786,3170,1.246886685,11,5,538,409,0.7602230483271375,1,0,3
3911786,3166,0.548074449,9,4,413,304,0.7360774818401937,2,0,2
3911796,19106,0.5392290264999999,13,2,310,189,0.6096774193548387,3,0,2
3911796,3170,2.2715000564000003,21,8,528,407,0.7708333333333334,2,0,11
3911789,6602,0.8083131117,12,2,342,233,0.6812865497076024,0,0,6
3911789,3169,1.1362221524999998,16,3,550,433,0.7872727272727272,1,0,7
3911769,3168,1.378460579,14,5,413,266,0.6440677966101694,0,0,5
3911769,6602,0.170590665,3,1,387,253,0.6537467700258398,1,0,4
3911774,3164,0.5240744435,10,3,454,307,0.6762114537444934,1,0,5
3911774,3168,0.341497033,2,1,476,339,0.7121848739495799,4,0,2
3911777,3170,4.820515686000001,20,10,523,421,0.8049713193116634,1,0,6
3911777,924,1.1823988255,9,3,412,304,0.7378640776699029,1,0,3
3911776,929,2.613002628,25,6,512,383,0.748046875,2,0,9
3911776,3169,0.584061233,5,1,384,252,0.65625,2,0,2
3911775,3165,2.4176338183,33,4,573,427,0.7452006980802792,0,0,9
3911775,19106,1.350818372,11,6,309,180,0.5825242718446602,5,0,3
3911767,19106,0.1166977,5,1,363,241,0.6639118457300276,1,0,3
3911767,3169,3.1690811674999995,23,9,532,434,0.8157894736842105,0,0,8
3911765,3165,0.6739350744,14,4,421,294,0.6983372921615202,1,0,4
3911765,3168,1.260658555,16,4,382,236,0.6178010471204188,3,0,4
3913800,3166,1.8365946535000002,19,8,564,443,0.7854609929078015,0,0,8
3913800,924,1.220261421,10,4,335,203,0.6059701492537314,4,0,8
3911762,3170,2.7629263692,13,5,568,425,0.7482394366197183,1,0,7
3911762,19107,0.909600206,8,1,343,223,0.6501457725947521,4,0,4
3911763,6602,2.2570042690000003,13,6,593,464,0.7824620573355818,2,0,2
3911763,924,0.9945804729999999,8,4,378,225,0.5952380952380952,1,0,6
3911758,924,0.19815268020000001,7,3,332,204,0.6144578313253012,4,0,4
3911758,3165,0.929579154,14,4,739,622,0.8416779431664412,0,0,4
3911757,3168,1.4878009140000001,12,5,420,268,0.638095238095238,3,0,12
3911757,3169,3.901194346,21,9,355,232,0.6535211267605634,2,0,5
3911759,3170,1.2835507084,7,5,466,308,0.6609442060085837,0,0,2
3911759,929,2.1819016970000003,20,8,487,358,0.7351129363449692,1,0,2
3912258,3165,1.7567741759999997,13,4,449,319,0.7104677060133631,3,0,7
3912258,19107,1.6577047900000002,15,5,444,322,0.7252252252252253,0,0,6
3912256,3169,0.562598206,7,2,399,310,0.7769423558897243,3,0,5
3912256,1069,4.110711296000001,19,9,559,475,0.8497316636851521,1,0,2
3912250,3168,0.8683920740000001,12,3,365,245,0.6712328767123288,2,0,7
3912250,929,2.523018698,13,5,412,307,0.7451456310679612,0,0,6
3912248,19107,1.4275255645,13,6,391,269,0.6879795396419437,0,0,5
3912248,3169,0.766451184,6,0,562,463,0.8238434163701067,2,0,1
3912247,3166,0.683451438,4,2,328,241,0.7347560975609756,1,0,0
3912247,1069,1.7542749200000003,8,5,772,675,0.8743523316062176,2,0,6
3912245,929,3.507478437,18,7,607,499,0.8220757825370676,2,0,7
3912245,6602,0.9183332830000001,6,2,367,272,0.7411444141689373,4,0,0
3912243,3169,0.677697072,8,1,407,317,0.7788697788697788,1,0,2
3912243,3170,1.5895913219999998,14,5,634,519,0.8186119873817035,0,0,3
3912237,924,0.39330041199999993,3,2,247,140,0.5668016194331984,2,0,0
3912237,929,5.667927116999999,35,11,647,518,0.8006182380216383,1,0,8
3912236,3164,1.806085542,16,7,387,295,0.7622739018087855,2,0,5
3912236,3169,2.8275755890000003,16,5,454,338,0.7444933920704846,4,0,6
3912230,19106,0.096591201,4,0,331,241,0.7280966767371602,2,0,0
3912230,3164,1.866289683,24,10,427,333,0.7798594847775175,4,0,9
3912229,3170,1.1512741896,14,7,575,455,0.7913043478260869,0,0,10
3912229,3168,0.424897684,4,2,326,218,0.6687116564417178,1,0,2
3912228,19107,2.234916251,14,8,495,371,0.7494949494949495,2,0,5
3912228,924,1.8972374490000001,15,5,454,316,0.6960352422907489,1,0,2
3912227,3165,1.855500584,10,5,519,414,0.7976878612716763,1,0,3
3912227,3169,2.370812278,19,7,467,351,0.7516059957173448,2,0,8
3912226,6602,2.7464749599999996,23,11,451,321,0.7117516629711752,4,0,11
3912226,19106,2.3900263693999997,15,7,255,131,0.5137254901960784,3,0,3
3912225,3164,0.8157988,8,1,378,256,0.6772486772486772,2,0,6
3912225,3166,0.768872918,12,1,459,337,0.7342047930283224,3,0,4
3912220,3166,1.357538163,16,7,496,367,0.7399193548387096,0,0,9
3912220,6602,1.4501808229999997,15,8,469,341,0.7270788912579957,1,0,3
3912216,929,4.491163056,19,6,601,461,0.7670549084858569,1,0,6
3912216,19107,0.132205654,4,1,396,251,0.6338383838383839,1,0,3
3912213,6602,2.394896572,17,5,306,220,0.7189542483660131,1,0,9
3912213,3168,2.2878330767,15,5,377,255,0.6763925729442971,3,0,11
3912212,3165,0.8373823575,13,0,558,413,0.7401433691756273,1,0,5
3912212,3166,0.771268046,12,5,465,349,0.7505376344086021,0,0,4
3912211,1069,2.5056057050000002,12,4,516,401,0.7771317829457365,0,0,2
3912211,3164,0.45119788899999996,10,5,410,273,0.6658536585365854,1,0,6
3912208,924,0.076924402,3,1,415,299,0.7204819277108434,1,0,2
3912208,6602,1.4340233447,17,7,585,465,0.7948717948717948,2,0,6
3912206,3168,0.571652067,7,2,409,253,0.6185819070904646,1,0,6
3912206,3165,1.344583716,14,7,500,356,0.712,2,0,8
3912205,19106,0.5431174729999999,7,1,404,289,0.7153465346534653,4,0,3
3912205,3166,0.609924079,11,4,436,333,0.7637614678899083,2,0,3
3912204,3164,3.820051374,19,9,453,314,0.6931567328918322,1,0,12
3912204,19107,0.851092133,9,6,342,204,0.5964912280701754,4,0,7
3912202,3165,1.8812043690000002,20,6,607,473,0.7792421746293245,1,0,8
3912202,924,0.4274013926,9,4,341,235,0.6891495601173021,3,0,0
3912198,924,0.3174084526,7,3,316,210,0.6645569620253164,0,0,1
3912198,3169,1.5356906996,18,3,651,544,0.8356374807987711,1,0,8
3912195,19107,1.2326777910000002,13,4,406,275,0.6773399014778325,4,0,3
3912195,6602,1.627004938,12,3,537,397,0.7392923649906891,1,0,11
3912194,3170,1.232873342,12,5,560,450,0.8035714285714286,3,0,3
3912194,3164,0.2975998043,7,1,327,204,0.6238532110091743,1,0,7
3912193,3170,1.3006427623999999,17,4,631,507,0.803486529318542,3,0,5
3912193,6602,0.212358324,6,1,349,221,0.6332378223495702,0,0,6
3912192,3164,0.395340629,5,1,287,173,0.6027874564459931,2,0,3
3912192,929,1.310519703,14,5,690,547,0.7927536231884058,0,0,10
3912191,19107,0.26905931850000003,7,4,463,313,0.6760259179265659,1,0,2
3912191,3165,1.9253665064,9,4,457,295,0.6455142231947484,1,0,2
3912188,924,0.7235097079999999,13,2,375,263,0.7013333333333334,2,0,5
3912188,19106,1.2187439605000001,10,4,451,340,0.753880266075388,5,0,3
3912183,3169,1.164598209,12,8,586,471,0.8037542662116041,1,0,9
3912183,19107,0.704604196,15,5,355,245,0.6901408450704225,1,0,1
3911799,924,0.594117029,5,0,327,197,0.6024464831804281,1,0,2
3911799,3168,1.5984818305,13,5,558,425,0.7616487455197133,1,0,8
3911797,3164,1.035419306,14,2,410,276,0.6731707317073171,1,0,8
3911797,3165,1.2803138100000002,10,2,474,353,0.7447257383966245,4,0,3
3911794,3166,1.120620534,12,3,580,430,0.7413793103448276,1,0,7
3911794,19107,0.955079397,10,3,329,179,0.5440729483282675,2,0,3
3911793,3169,1.1398084110000002,6,2,737,618,0.8385345997286295,1,0,4
3911793,3164,1.5925260156,13,5,330,228,0.6909090909090909,1,0,6
3911792,3165,1.8344711860000003,14,5,517,371,0.7176015473887815,0,0,5
3911792,6602,1.6615889080000001,13,6,396,281,0.7095959595959596,3,0,3
3911791,929,2.3098775049999998,24,8,785,664,0.845859872611465,1,0,3
3911791,924,0.240968335,2,0,289,171,0.5916955017301038,1,0,0
3911790,19107,0.7879705699999999,10,0,377,252,0.6684350132625995,3,0,4
3911790,3168,2.757513641,13,7,491,345,0.7026476578411406,0,0,2
3911782,3166,0.5470698323000001,8,3,539,414,0.7680890538033395,1,0,0
3911782,3164,1.4550146005000002,17,5,351,221,0.6296296296296297,2,0,3
3911781,924,0.6717633949999999,17,4,515,379,0.7359223300970874,2,0,2
3911781,19107,0.5999476963999999,12,2,467,341,0.7301927194860813,2,0,6
3911773,6602,0.2204071843,9,2,486,359,0.7386831275720165,1,0,4
3911773,3166,0.802713353,12,5,474,344,0.7257383966244726,1,0,6
3911772,924,0.38269211150000004,8,3,349,228,0.6532951289398281,3,0,4
3911772,3164,1.204255665,15,5,566,454,0.8021201413427562,0,0,10
3911771,3166,1.020763554,11,6,473,360,0.7610993657505285,2,0,4
3911771,3165,0.4047212815,8,2,528,400,0.7575757575757576,1,0,2
3911770,19107,1.0849013675999999,9,3,418,279,0.6674641148325359,0,0,2
3911770,929,1.757539177,11,6,636,465,0.7311320754716981,0,0,5
3911766,3169,1.7422540169999998,19,3,608,500,0.8223684210526315,1,0,7
3911766,3166,1.6226619690000001,14,6,344,230,0.6686046511627907,0,0,3
3911761,929,1.188090712,17,6,605,480,0.7933884297520661,0,0,7
3911761,19106,0.2604302349,4,2,322,211,0.65527950310559,2,0,1
3911756,3166,3.1382173689999995,23,11,517,437,0.8452611218568665,1,0,11
3911756,19106,0.30942181950000003,3,1,305,219,0.7180327868852459,2,0,0
3911755,19107,0.277461613,8,5,369,251,0.6802168021680217,4,0,3
3911755,3164,0.9402772995,13,5,502,385,0.7669322709163346,1,0,7
3910735,3164,0.653636129,9,4,268,150,0.5597014925373134,1,0,9
3910735,3170,0.957036298,9,2,650,529,0.8138461538461539,2,0,7
3910734,929,2.4200557030000005,22,10,610,499,0.8180327868852459,0,0,11
3910734,3166,0.643837459,7,1,324,229,0.7067901234567902,2,0,2
3910733,6602,0.997471898,17,5,383,256,0.6684073107049608,1,0,9
3910733,19107,0.39860321869999993,9,3,375,257,0.6853333333333333,4,0,3
3910732,19106,0.124074629,3,3,332,237,0.713855421686747,0,0,1
3910732,3168,3.4675824869999996,22,8,525,422,0.8038095238095239,2,0,8
3910731,3169,3.1572271633,26,9,528,418,0.7916666666666666,0,0,6
3910731,924,0.252321703,4,2,270,163,0.6037037037037037,4,0,1
3910730,3165,1.8218231818000004,10,3,457,343,0.75054704595186,1,0,0
3910730,1069,2.1186128400000004,21,3,606,480,0.7920792079207921,2,0,7
3888787,9763,1.7264877721,19,8,525,451,0.8590476190476191,0,0,8
3888787,17403,0.44686036800000006,11,4,303,216,0.7128712871287128,0,0,2
18245,220,1.6771192527000003,14,6,673,596,0.8855869242199108,0,0,9
18245,24,1.427066907,14,3,360,266,0.7388888888888889,1,0,5
18244,224,0.419174436,9,4,442,345,0.7805429864253394,4,1,1
18244,220,1.571721539,18,5,559,481,0.8604651162790697,3,0,1
18235,169,1.0990973026000004,22,3,635,535,0.84251968503937,2,0,6
18235,238,1.1474298763,12,7,298,206,0.6912751677852349,1,0,2
18236,217,1.9315356259999998,22,11,827,731,0.8839177750906893,2,0,6
18236,39,0.302758088,4,1,395,302,0.7645569620253164,1,0,0
18237,169,7.4038602468,45,12,706,578,0.8186968838526912,1,0,20
18237,33,4.2093518415,14,8,559,441,0.7889087656529516,4,0,1
18240,180,1.5169214700000002,13,7,411,268,0.6520681265206812,1,0,6
18240,169,3.076197259,17,9,589,437,0.7419354838709677,2,0,8
18241,220,2.6064781434,20,9,779,623,0.7997432605905006,5,0,9
18241,212,1.0645477276,12,4,472,297,0.6292372881355932,7,0,9
18242,224,1.3841882210000003,15,6,377,295,0.7824933687002652,2,0,8
18242,217,2.2706584710000004,17,8,600,515,0.8583333333333333,1,0,6
18243,220,6.5008142376,31,12,640,527,0.8234375,6,0,7
18243,212,5.672406926,22,7,718,579,0.8064066852367688,2,0,6
3888711,806,2.084321901,20,8,442,317,0.7171945701357466,0,0,7
3888711,952,0.7718429139999999,14,3,485,359,0.7402061855670103,0,0,4
3888706,806,2.4362320436,31,6,452,352,0.7787610619469026,0,0,4
3888706,224,0.758452447,11,5,366,253,0.6912568306010929,1,0,4
2302764,243,6.2895763215,28,10,684,538,0.7865497076023392,0,0,10
2302764,24,4.930631157500001,21,11,611,471,0.7708674304418985,2,0,4
3750200,243,0.459324784,6,3,452,330,0.7300884955752213,2,0,4
3750200,24,0.9253098710000001,14,4,405,284,0.7012345679012346,2,0,6
22912,38,0.9242636489999999,16,8,564,447,0.7925531914893617,0,0,8
22912,24,1.2031476561,14,3,326,202,0.6196319018404908,0,0,9
3750201,217,1.1987444355,11,7,518,434,0.8378378378378378,1,0,4
3750201,39,1.1492295620000001,12,2,485,389,0.8020618556701031,3,0,7
3752619,129,0.6826936379999999,9,0,511,365,0.7142857142857143,0,0,6
3752619,256,0.499919897,4,3,427,276,0.6463700234192038,3,0,2
3750235,806,1.6360968415,25,12,471,364,0.772823779193206,0,0,9
3750235,238,0.436679478,10,0,344,238,0.6918604651162791,2,0,3
3750240,239,0.9177297355,14,6,353,256,0.7252124645892352,4,0,4
3750240,39,0.961947799,13,2,682,544,0.7976539589442815,3,0,2
3939991,781,0.30581762,7,3,446,360,0.8071748878923767,3,0,6
3939991,769,1.5030030165000001,13,6,448,368,0.8214285714285714,2,0,5
3939987,2305,0.667584843,8,1,392,312,0.7959183673469388,1,0,6
3939987,3563,1.714409986,17,3,436,356,0.8165137614678899,1,0,9
3939982,783,2.3209622755,18,9,531,447,0.8418079096045198,0,0,4
3939982,3564,0.0507624025,4,1,353,283,0.8016997167138811,1,0,3
3939970,784,0.6772752089999999,7,4,322,216,0.6708074534161491,1,0,1
3939970,3562,1.024763887,11,1,557,454,0.8150807899461401,3,0,3
3939980,3565,2.3658249157999998,23,3,315,240,0.7619047619047619,0,0,7
3939980,2305,0.934746927,7,4,377,282,0.7480106100795756,4,0,8
3939977,3562,0.1309882215,3,3,393,306,0.7786259541984732,2,0,0
3939977,779,2.784060325,22,8,595,521,0.8756302521008403,0,0,11
3939975,769,0.621920841,11,3,561,461,0.82174688057041,1,0,3
3939975,3567,0.8275965940000001,11,3,291,183,0.6288659793814433,2,0,3
3939974,1839,2.4046838079999997,20,8,581,477,0.8209982788296041,1,0,7
3939974,3564,0.1496907824,6,3,391,302,0.7723785166240409,4,0,1
3939986,779,2.1057768130000003,12,6,667,594,0.8905547226386806,1,0,6
3939986,784,0.1666223537,7,1,250,176,0.704,5,0,3
3939971,794,1.136080327,20,9,565,456,0.8070796460176991,0,0,7
3939971,2305,0.5061592739999999,13,4,375,266,0.7093333333333334,0,0,6
3939979,3563,1.138640792,10,2,359,260,0.724233983286908,2,0,2
3939979,794,2.384322616,18,5,530,423,0.7981132075471699,2,0,7
3939988,794,0.937626587,20,4,454,357,0.7863436123348018,5,0,5
3939988,3565,0.30584925900000004,9,3,319,220,0.6896551724137931,2,0,2
3939990,1839,0.470996951,8,2,376,272,0.723404255319149,2,0,2
3939990,783,1.2715211382000002,12,5,352,253,0.71875,1,0,3
3939983,3567,0.6916759419,15,6,422,349,0.8270142180094787,2,1,4
3939983,781,3.747689849,17,6,500,430,0.86,3,0,6
3939972,3565,0.7355915667,9,4,298,202,0.6778523489932886,2,1,3
3939972,3563,1.5850185390000002,14,5,550,454,0.8254545454545454,2,0,5
3939978,784,0.5764393578000001,9,4,406,287,0.7068965517241379,0,1,2
3939978,1833,0.909048214,5,2,405,310,0.7654320987654321,1,0,1
3939976,781,1.621192136,20,3,748,660,0.8823529411764706,1,0,9
3939976,795,0.036730567000000006,2,0,262,191,0.7290076335877863,2,0,1
3939992,795,0.27205455,2,2,304,203,0.6677631578947368,3,0,1
3939992,3567,1.440062704,17,6,569,481,0.8453427065026362,3,0,6
3942416,769,2.180404504,7,5,412,334,0.8106796116504854,1,0,4
3942416,798,0.609951584,14,2,370,299,0.8081081081081081,3,0,2
3943077,779,1.0827015698,11,5,537,436,0.8119180633147114,2,0,4
3943077,769,0.9722537356,19,4,660,556,0.8424242424242424,2,0,7
3943076,1833,6.205309528,19,9,379,272,0.7176781002638523,4,0,7
3943076,783,4.650426863,16,9,364,273,0.75,2,0,6
3942852,783,0.754563564,11,2,457,374,0.8183807439824945,3,0,4
3942852,769,1.171960657,11,3,302,221,0.7317880794701986,4,0,3
3942785,779,1.7541940644,11,3,506,432,0.8537549407114624,1,0,2
3942785,1833,0.7175667499999999,9,2,477,411,0.8616352201257862,3,0,2
3942415,783,4.547336302,17,6,282,200,0.7092198581560284,2,1,6
3942415,781,3.8098747530000003,11,6,426,341,0.8004694835680751,2,0,2
3939973,783,1.3614407430000004,20,7,448,360,0.8035714285714286,0,0,9
3939973,798,0.540888124,10,3,377,286,0.7586206896551724,1,0,3
3942229,3563,5.6230584957,21,7,476,346,0.726890756302521,1,0,7
3942229,1833,6.052097886,22,10,384,283,0.7369791666666666,2,0,3
3942228,779,4.776067997,13,6,401,323,0.8054862842892768,2,0,2
3942228,3565,4.522527616,13,6,392,314,0.8010204081632653,2,0,5
3939985,1833,0.699493846,9,3,473,376,0.7949260042283298,5,0,8
3939985,3562,0.454009303,8,4,364,257,0.7060439560439561,1,0,4
3939984,769,2.902314693,18,5,566,495,0.8745583038869258,2,0,4
3939984,795,0.165297975,5,0,335,257,0.7671641791044777,1,0,2
3939981,798,0.730782593,13,4,596,499,0.837248322147651,3,1,3
3939981,1839,0.914278539,6,2,223,133,0.5964125560538116,2,1,0
3939989,3564,0.793431835,7,3,478,393,0.8221757322175732,2,0,2
3939989,798,1.3405597112999998,13,6,455,366,0.8043956043956044,1,0,1
3939969,779,3.538291301,19,8,652,588,0.901840490797546,2,0,7
3939969,1833,0.9772994850000001,10,2,353,290,0.8215297450424929,2,0,4
3749493,1,2.121151807,14,4,422,325,0.7701421800947867,1,1,6
3749493,29,1.2674833119999998,15,5,381,253,0.6640419947506562,3,0,8
3749448,1,2.006133213,15,6,516,416,0.8062015503875969,3,0,2
3749448,24,1.9407602953,13,4,381,262,0.6876640419947506,1,0,8
3749196,1,1.728183535,14,5,470,330,0.7021276595744681,1,0,8
3749196,38,0.839651094,7,2,293,168,0.5733788395904437,4,0,5
3749454,36,0.6670564635,12,6,450,277,0.6155555555555555,4,0,5
3749454,1,1.3439964649999998,11,5,554,416,0.7509025270758123,3,0,5
3749603,55,1.4042848144999998,17,2,491,345,0.7026476578411406,1,0,6
3749603,1,1.198621473,9,5,498,367,0.7369477911646586,3,0,7
3749052,46,0.7016806623999999,13,2,364,226,0.6208791208791209,3,0,6
3749052,1,1.862381166,11,7,590,454,0.7694915254237288,1,0,4
3749296,1,2.2960953522999996,17,7,511,396,0.7749510763209393,2,0,8
3749296,105,1.2770132078,10,3,345,220,0.6376811594202898,2,0,1
3749522,1,1.012276184,16,8,642,532,0.8286604361370716,2,0,14
3749522,46,0.6062305450000001,7,2,366,257,0.7021857923497268,5,0,3
3749246,1,1.5364516472999998,20,8,364,261,0.717032967032967,1,0,8
3749246,39,1.119947224,12,4,465,343,0.7376344086021506,1,0,7
3749257,1,2.536226873,23,9,648,570,0.8796296296296297,0,0,7
3749257,22,0.110298596,2,1,341,236,0.6920821114369502,1,0,5
3749642,1,2.028118924,21,7,620,488,0.7870967741935484,0,0,12
3749642,75,0.6017388877,12,1,419,289,0.6897374701670644,0,0,4
3749358,47,0.37543659020000003,9,4,498,387,0.7771084337349398,1,0,3
3749358,1,2.764292172,14,9,642,543,0.8457943925233645,0,0,5
3749346,101,0.6309059149999999,11,3,515,373,0.7242718446601941,2,0,4
3749346,1,2.3561225739999996,13,6,444,327,0.7364864864864865,0,0,3
3749253,24,1.3149204426,14,4,490,364,0.7428571428571429,2,0,11
3749253,1,0.6353242397,12,6,461,352,0.7635574837310195,2,0,3
3749079,1,1.866726251,15,6,510,405,0.7941176470588235,1,0,6
3749079,33,0.26322938799999995,8,3,479,371,0.7745302713987474,2,0,3
3749465,98,0.35194604,9,1,477,335,0.7023060796645703,1,0,8
3749465,1,1.009079916,13,5,609,496,0.8144499178981938,1,0,3
3749133,59,0.6503369605,13,2,439,304,0.6924829157175398,4,0,3
3749133,1,1.5202849585,14,8,510,371,0.7274509803921568,1,0,2
3749528,1,2.2249199645999997,16,5,481,352,0.7318087318087318,0,0,3
3749528,37,0.962907407,7,3,446,303,0.679372197309417,1,0,4
3749233,1,1.6159708160000001,14,6,582,469,0.8058419243986255,3,0,5
3749233,36,1.2989333757,15,7,387,255,0.6589147286821705,2,1,4
3749462,1,0.4411926540000001,10,2,669,569,0.8505231689088192,0,0,2
3749462,54,0.115187054,3,1,416,296,0.7115384615384616,2,0,3
3749552,39,1.058185237,8,4,519,392,0.7552986512524085,4,0,4
3749552,1,0.208258514,7,1,490,386,0.7877551020408163,3,0,3
3749276,33,1.5106605429999997,15,3,484,356,0.7355371900826446,4,0,11
3749276,1,1.112413512,12,5,422,325,0.7701421800947867,2,0,5
3749068,38,1.2690792419999999,14,7,428,333,0.7780373831775701,2,0,7
3749068,1,2.2112091439999997,9,5,451,362,0.802660753880266,1,0,4
3749310,25,0.1321921804,5,1,400,257,0.6425,1,0,2
3749310,1,0.838234107,17,7,554,436,0.7870036101083032,0,0,3
3749434,54,0.673920983,8,1,506,343,0.6778656126482213,1,0,8
3749434,1,2.065925048,8,5,466,354,0.759656652360515,2,0,6
3749192,1,2.178201292,25,12,632,514,0.8132911392405063,1,0,9
3749192,55,0.331041728,7,0,401,281,0.7007481296758105,1,0,0
3749360,1,1.979926658,15,7,531,408,0.768361581920904,1,0,5
3749360,98,0.807258125,8,3,537,382,0.7113594040968343,4,0,6
3749453,1,3.5858954350000003,17,7,531,420,0.7909604519774012,0,0,3
3749453,101,0.149725731,5,1,453,328,0.7240618101545254,0,0,8
3749278,328,1.206280118,19,6,397,255,0.6423173803526449,2,0,8
3749278,1,0.8115808489999999,8,4,444,337,0.759009009009009,2,0,1
3749274,105,1.1419585047,13,4,295,190,0.6440677966101694,0,0,5
3749274,1,1.6675710625000002,20,3,692,593,0.8569364161849711,2,0,12
3749590,22,0.35287644500000004,6,1,355,223,0.6281690140845071,1,0,7
3749590,1,0.891442901,13,3,551,428,0.7767695099818511,1,1,5
3749631,1,1.5454866319999998,15,5,556,404,0.7266187050359713,2,0,5
3749631,25,0.8817558427000001,13,3,354,202,0.5706214689265536,3,0,9
3749117,29,0.9617854979999999,12,4,428,278,0.6495327102803738,0,0,5
3749117,1,1.0562246990000002,11,3,459,335,0.7298474945533769,3,0,4
3749108,1,2.054274786,20,5,529,419,0.7920604914933838,3,0,2
3749108,59,0.293031591,8,3,375,256,0.6826666666666666,4,0,6
3749153,1,2.0639901166,22,9,577,470,0.8145580589254766,1,0,7
3749153,47,0.9489428525,6,3,368,263,0.7146739130434783,1,0,3
3749403,1,0.809159371,11,7,574,458,0.7979094076655052,1,0,6
3749403,328,1.1223681113,12,2,352,220,0.625,2,0,1
3749526,75,1.091213276,7,3,421,293,0.6959619952494062,1,0,7
3749526,1,0.3239041774,11,3,541,406,0.7504621072088724,1,0,5
3749431,37,0.4526846792,10,4,398,262,0.6582914572864321,0,0,6
3749431,1,1.3653032493,11,1,509,360,0.7072691552062869,1,0,4
3913082,965,1.233259925,11,6,328,204,0.6219512195121951,1,0,7
3913082,1475,3.0433443099999997,22,6,570,457,0.8017543859649123,3,0,8
3913155,746,2.125410338,15,5,517,429,0.8297872340425532,0,0,5
3913155,1475,1.1338319890000002,15,4,462,368,0.7965367965367965,2,0,9
3913167,1475,1.705602832,17,4,669,568,0.8490284005979073,1,0,6
3913167,749,1.068587813,6,2,389,301,0.7737789203084833,4,0,1
3913175,2647,1.249961446,10,4,607,517,0.8517298187808896,3,0,3
3913175,972,1.201910764,11,4,376,273,0.726063829787234,1,0,8
3913107,746,2.01496512,20,6,605,510,0.8429752066115702,0,0,10
3913107,2647,0.466475521,7,3,460,363,0.7891304347826087,2,0,3
3913165,971,2.8317325700000002,22,8,604,484,0.8013245033112583,2,0,13
3913165,2647,0.356309373,5,1,377,270,0.7161803713527851,2,1,1
3913115,2647,2.2348132420000004,22,7,547,449,0.8208409506398537,2,0,7
3913115,965,0.396865825,7,1,358,253,0.7067039106145251,2,0,5
3913147,967,0.839279331,10,1,481,389,0.8087318087318087,1,0,3
3913147,2647,0.7441605379999999,8,4,563,462,0.8206039076376554,1,0,2
3913129,2647,3.5998323285000002,36,13,739,620,0.8389715832205683,0,0,11
3913129,973,0.446594396,4,3,296,187,0.6317567567567568,3,0,0
3912603,966,0.648984774,10,5,452,349,0.7721238938053098,3,0,4
3912603,2647,0.9634537792999999,12,3,601,498,0.8286189683860233,0,0,6
3913134,971,3.076768683,16,6,564,457,0.8102836879432624,1,0,10
3913134,967,0.557231841,3,0,499,389,0.779559118236473,2,0,4
3913069,971,2.4138843359999997,20,7,803,705,0.8779576587795765,1,0,9
3913069,972,0.8588322571999998,13,2,319,228,0.7147335423197492,1,0,3
3912599,965,0.9687726800000002,14,3,457,343,0.75054704595186,2,0,7
3912599,972,1.4776748119999998,10,4,448,343,0.765625,5,0,2
3913131,966,0.6861916220000001,10,3,510,365,0.7156862745098039,0,0,5
3913131,749,1.1310992500000001,6,4,517,398,0.769825918762089,5,0,3
3913137,965,0.33869556349999996,10,3,514,393,0.7645914396887159,0,0,5
3913137,966,1.498097983,9,4,403,289,0.71712158808933,3,0,7
3913174,973,0.45772279000000005,4,1,249,163,0.6546184738955824,0,0,1
3913174,746,2.648667373,31,14,785,713,0.9082802547770701,0,0,7
3913186,2652,0.842837246,12,4,447,337,0.7539149888143176,0,0,2
3913186,966,1.2461353555,18,6,471,355,0.7537154989384289,1,0,6
3913185,968,3.4237248719999998,15,6,659,566,0.858877086494689,0,0,7
3913185,965,0.941037774,7,3,441,350,0.7936507936507936,1,0,3
3913180,971,4.558273796000001,29,12,727,613,0.8431911966987621,0,0,7
3913180,973,1.4089972379999998,11,3,309,207,0.6699029126213593,1,0,0
3913181,967,1.0648814573,9,3,480,385,0.8020833333333334,2,0,4
3913181,749,4.382781989,26,13,554,470,0.8483754512635379,2,0,6
3913171,2652,1.19320089,12,5,418,301,0.7200956937799043,1,0,4
3913171,1475,1.6337495319999997,20,9,636,520,0.8176100628930818,0,0,8
3913168,746,2.642202062,18,13,775,684,0.8825806451612903,1,0,8
3913168,972,1.2384697379999998,11,2,348,270,0.7758620689655172,2,0,0
3913169,968,3.058857196,25,10,610,516,0.8459016393442623,2,0,11
3913169,2652,0.5422538219999999,6,3,403,320,0.794044665012407,0,0,4
3913182,965,0.554174165,10,3,488,376,0.7704918032786885,1,0,2
3913182,2647,1.136486693,14,3,558,444,0.7956989247311828,2,0,2
3913173,966,1.683613099,14,8,370,250,0.6756756756756757,1,0,4
3913173,971,1.840051586,17,5,569,430,0.7557117750439367,1,0,8
3913166,965,1.6064376980000004,15,4,551,431,0.7822141560798548,1,0,10
3913166,967,0.5234926070000001,4,4,499,392,0.7855711422845691,2,0,1
3913157,2652,1.5547835100000003,19,8,516,390,0.7558139534883721,0,0,9
3913157,965,2.310373365,12,7,365,236,0.6465753424657534,4,0,6
3913161,1475,2.328754822,24,8,605,501,0.828099173553719,1,0,13
3913161,967,0.902082934,7,2,428,326,0.7616822429906542,1,0,4
3913162,966,0.48959521100000003,10,5,382,273,0.7146596858638743,2,0,3
3913162,746,1.2886799555,16,8,679,571,0.8409425625920471,0,0,4
3913153,967,0.536780956,8,1,483,358,0.7412008281573499,0,0,4
3913153,966,0.824372244,9,4,518,387,0.747104247104247,1,0,4
3913160,968,3.4479434039999997,32,12,939,847,0.9020234291799787,0,0,8
3913160,973,0.337248785,3,1,331,229,0.6918429003021148,0,0,3
3913163,749,0.558771721,7,1,446,342,0.7668161434977578,0,0,3
3913163,971,1.432518681,14,5,585,479,0.8188034188034188,1,0,4
3913150,965,0.3181490387,3,1,355,274,0.7718309859154929,3,0,1
3913150,746,1.8540341439999999,21,8,738,659,0.8929539295392954,0,0,6
3913151,1475,0.7251828470000001,8,2,646,546,0.8452012383900929,0,0,8
3913151,973,0.189149124,3,0,329,234,0.7112462006079028,2,0,4
3913148,966,2.413685193,13,8,585,454,0.7760683760683761,2,0,3
3913148,972,0.6119773500000001,9,3,500,373,0.746,0,0,1
3913156,2647,0.0981094,1,1,393,310,0.7888040712468194,1,0,0
3913156,968,4.11413888,36,13,776,672,0.865979381443299,1,0,11
3913144,972,0.842528741,15,2,425,304,0.7152941176470589,1,0,1
3913144,1475,2.257233832,17,6,588,473,0.8044217687074829,0,0,7
3913146,973,1.693669781,17,5,382,266,0.6963350785340314,1,0,3
3913146,965,4.6335738950000005,19,9,631,534,0.8462757527733756,1,0,5
3913141,2647,1.8153157469999999,12,5,596,461,0.7734899328859061,1,0,7
3913141,966,1.1910585619999996,15,6,459,343,0.7472766884531591,1,0,8
3913152,971,2.4851608089999995,18,7,420,317,0.7547619047619047,1,0,3
3913152,968,0.621055483,11,2,522,425,0.814176245210728,2,0,4
3913130,972,1.11324951,4,2,314,213,0.678343949044586,3,0,0
3913130,968,1.930368347,22,5,649,528,0.8135593220338984,1,0,11
3913135,968,2.725219604,16,5,496,395,0.7963709677419355,3,0,5
3913135,1475,0.930812263,9,3,452,366,0.8097345132743363,2,0,5
3913138,971,1.4653673540000003,17,6,576,474,0.8229166666666666,2,0,10
3913138,746,1.4481137759999998,12,5,377,304,0.8063660477453581,1,0,4
3913128,967,1.197414446,8,0,373,265,0.710455764075067,0,0,1
3913128,2652,1.2310917069999998,14,7,602,476,0.7906976744186046,2,0,5
3913125,966,0.6800863070000001,5,1,327,222,0.6788990825688074,4,0,0
3913125,968,2.149528826,14,7,666,545,0.8183183183183184,1,0,9
3913121,971,1.701670316,20,4,582,468,0.8041237113402062,0,0,7
3913121,1475,0.976724092,9,4,453,329,0.7262693156732892,2,0,2
3913122,965,0.708316711,8,4,504,370,0.7341269841269841,0,0,2
3913122,973,1.3606131240000001,18,4,395,273,0.6911392405063291,1,0,4
3913117,968,2.9949812000000002,19,6,621,512,0.8244766505636071,1,0,8
3913117,967,0.221846527,4,1,413,324,0.784503631961259,3,0,2
3913112,973,1.029723787,8,2,320,215,0.671875,0,0,2
3913112,971,2.805826844,22,11,751,638,0.8495339547270306,1,0,5
3913113,749,0.473685589,5,2,376,279,0.7420212765957447,1,0,0
3913113,968,2.2529878579999996,31,8,598,497,0.8311036789297659,1,0,13
3913110,972,1.702973986,11,4,545,422,0.7743119266055046,1,0,3
3913110,967,0.949657466,12,4,482,359,0.7448132780082988,1,0,4
3913106,965,1.857595955,17,7,353,236,0.6685552407932012,2,0,6
3913106,2652,1.1267596549999999,12,3,632,499,0.7895569620253164,2,0,1
3913105,968,2.707454176,12,5,455,331,0.7274725274725274,5,0,5
3913105,971,0.888888829,12,6,480,372,0.775,1,0,2
3913111,1475,1.214311918,11,2,602,467,0.7757475083056479,1,0,4
3913111,966,1.3005831625,10,3,395,279,0.7063291139240506,2,0,5
3913103,971,2.4878896429999995,17,6,592,466,0.7871621621621622,0,0,7
3913103,2652,1.2510337825,11,6,411,295,0.7177615571776156,3,0,3
3913104,973,0.483300756,6,4,268,155,0.5783582089552238,2,0,2
3913104,1475,2.282215676,24,8,655,547,0.8351145038167939,0,0,9
3912594,973,1.1422068609999998,8,3,272,161,0.5919117647058824,0,0,4
3912594,2652,2.024863362,19,8,500,384,0.768,2,0,7
3913079,973,0.10825147,1,1,210,120,0.5714285714285714,2,0,0
3913079,968,2.2299944480000002,25,8,776,667,0.8595360824742269,2,0,16
3913075,2647,1.872447667,14,7,592,482,0.8141891891891891,1,0,4
3913075,749,1.3710682519999997,18,11,563,474,0.8419182948490231,1,0,6
3913077,971,4.9362175063,30,12,682,566,0.8299120234604106,0,0,8
3913077,965,1.388386981,7,4,379,286,0.7546174142480211,0,0,3
3913081,2647,0.43305201480000005,7,2,519,406,0.7822736030828517,1,0,5
3913081,971,5.1860775299999995,27,12,620,514,0.8290322580645161,0,0,5
3913078,967,0.619717728,10,4,515,420,0.8155339805825242,1,0,6
3913078,1475,2.949086259,18,10,500,417,0.834,1,0,3
3913080,972,1.0492150539999998,6,2,433,315,0.7274826789838337,1,0,4
3913080,966,0.9737825139999998,14,3,612,484,0.7908496732026143,1,0,6
3913076,2652,1.3802435440000003,12,6,461,314,0.6811279826464208,1,0,4
3913076,746,2.509980568,18,8,474,355,0.7489451476793249,1,0,10
3913071,1475,2.7194159140000003,20,8,599,485,0.8096828046744574,1,0,6
3913071,2652,0.34463046399999997,4,2,351,244,0.6951566951566952,5,0,3
3913073,968,2.1282600254000004,29,4,672,555,0.8258928571428571,0,0,8
3913073,2647,0.27601209849999997,5,2,346,253,0.7312138728323699,2,0,3
3913072,746,3.062977931,25,12,868,781,0.8997695852534562,0,0,10
3913072,973,0.086904558,2,1,218,138,0.6330275229357798,1,0,2
3912593,972,0.3388946337,7,2,355,259,0.7295774647887324,1,0,0
3912593,746,2.435730705,19,9,779,680,0.8729139922978177,1,1,3
3913074,965,0.8692457629999999,8,4,503,403,0.8011928429423459,1,0,4
3913074,749,1.717932728,20,5,610,512,0.839344262295082,0,0,8
3912602,2652,1.8776760300000004,15,3,455,351,0.7714285714285715,1,0,3
3912602,967,2.7598961209999997,11,5,469,352,0.7505330490405118,2,0,6
3912600,746,0.670041016,8,5,340,225,0.6617647058823529,5,0,4
3912600,971,2.168773053,21,4,628,483,0.7691082802547771,3,0,9
3912601,749,1.423123302,17,6,655,553,0.8442748091603054,1,0,2
3912601,973,2.0719757635000002,14,3,334,217,0.6497005988023952,2,0,3
3913188,749,1.6878603330000002,14,8,587,481,0.8194207836456558,2,0,10
3913188,972,0.71492317,8,5,440,349,0.7931818181818182,1,0,1
3913187,1475,0.365486239,4,0,504,409,0.8115079365079365,1,0,4
3913187,971,3.301880925,13,9,438,339,0.773972602739726,0,0,7
3913184,2647,0.675198126,6,3,395,297,0.7518987341772152,1,0,1
3913184,746,3.3286783510000006,30,10,607,510,0.8401976935749588,0,0,8
3913183,973,0.19196439499999998,3,2,463,358,0.7732181425485961,0,0,4
3913183,967,2.476256626,18,6,675,592,0.8770370370370371,0,0,4
3913179,966,2.9355434079999996,20,8,421,291,0.6912114014251781,1,0,4
3913179,1475,1.0298669,10,3,506,349,0.6897233201581028,2,0,4
3913178,972,1.1423879190000001,13,4,357,256,0.7170868347338936,1,0,3
3913178,2652,1.235806945,12,6,577,472,0.8180242634315424,2,0,10
3913177,746,1.587938184,16,4,464,389,0.8383620689655172,3,0,3
3913177,968,1.7440687115,15,4,550,458,0.8327272727272728,1,0,8
3913176,967,0.8803229404,12,3,391,310,0.7928388746803069,1,0,5
3913176,968,3.2537939200000006,18,6,598,506,0.8461538461538461,0,0,10
3913172,749,2.4215066614999996,23,6,550,456,0.8290909090909091,1,0,8
3913172,965,1.2980501055,8,3,407,305,0.7493857493857494,3,0,3
3913170,973,0.7429747503,8,2,453,307,0.6777041942604857,1,0,5
3913170,966,0.6365659289999999,10,4,521,399,0.7658349328214972,2,0,2
3913164,972,0.6134126760000002,10,5,368,264,0.717391304347826,1,0,1
3913164,965,0.8386176359999999,10,2,541,411,0.7597042513863216,4,0,5
3913159,2647,1.2918750140000002,13,7,519,416,0.8015414258188824,3,0,5
3913159,2652,0.9876282200000001,11,3,443,355,0.801354401805869,1,0,4
3913158,972,1.0973351889999998,8,0,384,284,0.7395833333333334,1,0,1
3913158,971,1.0081843380000002,18,5,578,468,0.8096885813148789,1,0,7
3913154,973,0.600016334,9,1,350,241,0.6885714285714286,1,0,5
3913154,749,2.0026235245,25,6,637,546,0.8571428571428571,0,0,10
3913149,749,1.1935377029999998,11,3,491,379,0.7718940936863544,3,0,2
3913149,2652,0.9636222879999999,12,4,506,380,0.7509881422924901,2,0,3
3913145,2652,0.49062384400000003,5,4,523,423,0.8087954110898662,1,0,2
3913145,971,2.6964271159999997,20,9,527,432,0.8197343453510436,0,0,9
3913143,746,2.455303644,22,10,752,661,0.8789893617021277,0,0,10
3913143,967,0.788890406,5,2,317,237,0.7476340694006309,0,0,1
3913142,968,1.909676927,14,4,590,493,0.8355932203389831,2,0,12
3913142,749,0.40146924399999995,6,2,416,346,0.8317307692307693,4,0,2
3913140,2652,4.1098988945,31,10,730,599,0.8205479452054795,1,0,15
3913140,973,0.40676717230000004,6,3,262,154,0.5877862595419847,2,0,1
3913139,749,1.151328299,15,4,483,377,0.7805383022774327,1,0,5
3913139,2647,0.982516648,13,4,564,466,0.8262411347517731,4,0,7
3913136,967,0.692923889,7,4,560,446,0.7964285714285714,3,0,3
3913136,972,0.4172759795,6,1,481,376,0.7817047817047817,0,0,4
3913133,1475,0.9937329770000001,12,4,534,430,0.8052434456928839,0,0,11
3913133,965,0.32768026,4,2,464,359,0.7737068965517241,2,0,3
3913132,746,1.7902491205000002,18,9,694,601,0.8659942363112392,0,0,4
3913132,2652,0.08594403,1,0,386,300,0.7772020725388601,4,0,1
3913127,1475,1.3101849989999999,17,8,479,394,0.8225469728601252,1,0,3
3913127,2647,1.2127194940000001,8,3,488,392,0.8032786885245902,3,0,4
3913126,749,0.38322952379999997,5,2,374,306,0.8181818181818182,2,0,0
3913126,746,1.0591210549999999,12,4,775,682,0.88,0,0,10
3913124,973,0.7061174160000001,4,3,433,294,0.6789838337182448,2,0,2
3913124,972,1.9076048580000002,15,6,474,363,0.7658227848101266,3,0,2
3913123,965,0.140125034,5,2,330,226,0.6848484848484848,0,0,1
3913123,971,2.301853364,20,8,659,550,0.834597875569044,0,0,8
3913120,746,3.5019222890000004,22,8,620,503,0.8112903225806452,0,0,9
3913120,966,0.40320555700000005,3,3,479,376,0.7849686847599165,2,0,3
3913119,2652,1.915686442,15,7,462,322,0.696969696969697,1,0,3
3913119,2647,1.5086997983,15,6,543,391,0.7200736648250461,1,0,6
3913118,972,2.031528251,16,5,503,388,0.7713717693836978,4,0,6
3913118,749,1.58651917,16,8,527,422,0.8007590132827325,1,0,5
3913116,967,0.582600682,6,4,346,266,0.7687861271676301,2,0,1
3913116,746,1.9031959419999998,17,8,753,658,0.8738379814077025,1,0,5
3913114,2652,1.7459163119999999,18,3,604,466,0.7715231788079471,2,0,4
3913114,972,1.654488797,14,6,388,262,0.6752577319587629,3,0,2
3913109,749,0.924450319,9,5,401,281,0.7007481296758105,1,0,2
3913109,1475,1.392975954,11,5,689,588,0.8534107402031931,0,0,3
3913108,966,0.915291403,11,3,594,467,0.7861952861952862,3,0,6
3913108,973,1.032890583,10,3,388,245,0.6314432989690721,2,0,5
3913102,746,2.928780428,20,10,634,550,0.8675078864353313,2,0,6
3913102,749,0.6860932519999999,7,4,490,413,0.8428571428571429,1,0,5
3913101,968,1.4569569315,14,6,558,450,0.8064516129032258,0,0,8
3913101,972,1.0081832929999999,13,3,391,301,0.7698209718670077,1,0,3
3913100,2647,1.1401048689999997,14,7,700,589,0.8414285714285714,0,0,4
3913100,967,1.436235295,8,5,444,333,0.75,3,0,5
3913099,966,2.9365598900000003,17,8,594,458,0.7710437710437711,1,0,4
3913099,965,0.680936914,8,2,454,318,0.7004405286343612,1,0,7
3913098,1475,1.5081831686,15,5,462,361,0.7813852813852814,1,0,3
3913098,746,1.6118550839999999,17,8,436,334,0.7660550458715596,2,0,9
3913097,965,0.392471682,7,2,431,298,0.691415313225058,2,0,4
3913097,968,2.2814862559999995,21,4,566,454,0.8021201413427562,1,0,5
3913096,972,1.4431367293,10,4,413,279,0.6755447941888619,3,0,6
3913096,2647,0.997290051,10,5,503,389,0.7733598409542743,3,0,5
3913095,2652,1.102228679,12,3,402,295,0.7338308457711443,0,0,3
3913095,749,1.828705362,19,10,592,473,0.7989864864864865,1,0,13
3913094,967,1.4370018770000001,10,5,561,450,0.8021390374331551,1,0,3
3913094,973,0.7410750124,11,5,435,316,0.7264367816091954,0,0,7
3913093,971,2.910716773,20,10,624,499,0.7996794871794872,1,0,9
3913093,966,0.759513007,10,4,439,305,0.6947608200455581,2,0,2
3913092,749,0.857061995,14,3,569,471,0.827768014059754,0,0,4
3913092,966,0.9248607162999999,15,3,439,321,0.7312072892938497,1,0,6
3913091,2652,0.903185526,8,2,394,304,0.7715736040609137,2,0,5
3913091,968,4.625716126,24,11,487,396,0.813141683778234,1,0,6
3913090,1475,2.3178287479999997,18,9,689,599,0.8693759071117562,0,0,2
3913090,972,0.914131824,8,3,398,300,0.7537688442211056,3,0,2
3913089,967,0.9830583700000001,9,5,428,318,0.7429906542056075,0,0,3
3913089,971,1.1596870890000002,14,5,797,689,0.8644918444165621,2,0,6
3913088,746,3.4222811980000003,36,13,646,545,0.8436532507739938,0,0,11
3913088,965,1.0538950200000001,6,3,337,241,0.7151335311572701,0,0,1
3913087,973,0.328257788,6,2,343,236,0.6880466472303207,1,0,2
3913087,2647,1.4269565389999999,19,6,714,598,0.8375350140056023,1,0,5
3913086,972,1.5273231520000001,14,5,622,515,0.8279742765273312,0,0,6
3913086,973,1.3060379595,9,6,374,254,0.679144385026738,4,0,1
3913085,749,2.467408229,20,11,542,445,0.8210332103321033,2,0,6
3913085,967,1.4735906829999998,6,2,533,440,0.8255159474671669,2,0,1
3913084,966,1.2788293950000003,19,7,463,331,0.714902807775378,3,0,13
3913084,2652,0.3442329595,8,2,451,314,0.6962305986696231,1,0,3
3913083,968,2.1013232386,10,5,384,264,0.6875,5,0,3
3913083,746,1.125236384,17,4,555,461,0.8306306306306306,3,0,2
3913070,966,1.286835881,16,2,561,440,0.7843137254901961,1,0,4
3913070,967,0.664070211,10,2,511,399,0.7808219178082192,3,0,4
3912597,971,2.2825463880000005,21,9,603,516,0.8557213930348259,0,0,4
3912597,749,1.7997631400000003,15,10,495,396,0.8,1,0,3
3912592,2647,0.640319732,9,3,386,285,0.7383419689119171,3,1,5
3912592,1475,1.766832283,25,8,510,417,0.8176470588235294,3,0,7
3912595,968,1.92384879,19,3,531,433,0.815442561205273,1,0,19
3912595,966,0.852191354,8,2,373,273,0.7319034852546917,3,0,1
3912596,967,1.1414083215000002,16,4,531,429,0.807909604519774,0,0,3
3912596,965,1.7145842509999998,13,4,499,383,0.7675350701402806,2,0,2
3912598,1475,1.287259568,9,4,509,410,0.8055009823182712,1,0,3
3912598,968,1.2594069220000002,16,4,448,340,0.7589285714285714,2,0,6
19770,746,0.9942718198000001,10,3,482,372,0.7717842323651453,0,0,2
19770,968,1.228211736,17,4,482,373,0.7738589211618258,5,0,7
19820,974,1.6393578072000001,13,3,417,285,0.6834532374100719,0,0,1
19820,971,2.9027972209999997,19,6,476,354,0.7436974789915967,0,0,6
19772,971,2.0103886726,19,6,515,348,0.6757281553398058,0,0,5
19772,974,0.463081631,7,2,378,222,0.5873015873015873,0,0,4
19769,965,0.7826352270000001,14,1,429,284,0.662004662004662,2,0,3
19769,972,0.8987843806000001,9,5,426,294,0.6901408450704225,1,0,5
19746,967,0.6852590071999999,11,4,462,315,0.6818181818181818,0,0,3
19746,972,2.748781716,16,6,394,238,0.6040609137055838,1,0,5
19778,746,0.7383918604000002,8,3,511,412,0.8062622309197651,2,0,5
19778,969,0.4344604875,14,5,579,491,0.8480138169257341,0,0,4
19771,969,1.357925059,21,10,676,570,0.8431952662721893,2,0,8
19771,970,0.714606092,6,3,261,162,0.6206896551724138,0,0,1
19736,971,0.8518709149999999,13,5,540,401,0.7425925925925926,1,0,3
19736,968,1.9831136460000003,12,8,399,270,0.6766917293233082,0,0,5
19745,965,2.5929720516000003,19,9,402,265,0.6592039800995025,1,0,6
19745,970,1.362188657,7,3,272,125,0.45955882352941174,1,0,3
19730,971,2.2230242066,24,9,643,527,0.8195956454121306,1,0,9
19730,965,0.8336114490000001,14,7,331,214,0.6465256797583081,0,0,6
19794,971,2.746930582,19,10,707,596,0.842998585572843,0,0,2
19794,973,0.14799563,3,1,375,257,0.6853333333333333,2,0,2
19766,968,2.865230117,30,13,635,538,0.8472440944881889,0,0,11
19766,965,1.08212675,4,2,298,202,0.6778523489932886,0,0,2
19734,967,1.000696729,12,5,527,402,0.7628083491461101,1,0,3
19734,965,1.8218273432000003,11,8,530,409,0.7716981132075472,0,0,5
19717,968,3.316440227,21,8,629,512,0.8139904610492846,0,0,9
19717,966,0.5916091880000001,9,3,340,227,0.6676470588235294,1,0,3
19718,969,1.6276351030000002,18,4,580,468,0.8068965517241379,1,0,5
19718,967,0.6330055400000001,6,1,388,271,0.6984536082474226,0,0,2
19810,966,1.911609386,14,9,396,251,0.6338383838383839,0,0,6
19810,973,0.5704161710000001,12,4,393,243,0.6183206106870229,0,0,5
19743,969,0.052880242,2,0,550,429,0.78,2,0,2
19743,971,2.7711120580000004,22,8,412,303,0.7354368932038835,1,0,5
19740,972,0.734988634,9,3,526,376,0.714828897338403,2,0,7
19740,966,2.540729303,11,7,303,166,0.5478547854785478,1,0,2
19716,974,3.1664399679999997,29,7,606,481,0.7937293729372937,0,0,4
19716,970,0.907321075,6,3,293,150,0.5119453924914675,1,0,2
19800,968,2.150793482,13,4,676,562,0.8313609467455622,0,0,9
19800,973,0.888656294,7,1,290,198,0.6827586206896552,1,0,1
19739,965,1.4240956934000002,13,1,335,219,0.6537313432835821,0,0,5
19739,746,3.1836332689999995,22,10,701,587,0.8373751783166904,0,0,3
19748,971,1.85130672,22,6,660,530,0.803030303030303,1,0,9
19748,966,0.355158506,7,4,299,164,0.5484949832775919,1,0,0
19822,970,0.175785462,4,1,299,184,0.6153846153846154,1,0,0
19822,969,2.1282672639999998,20,12,637,511,0.8021978021978022,0,0,7
19785,968,1.31181662,4,3,451,333,0.738359201773836,0,0,6
19785,971,1.5063475089999998,14,5,460,325,0.7065217391304348,2,0,3
19749,968,2.144092725,15,7,456,367,0.8048245614035088,0,0,6
19749,969,0.266117398,5,2,509,411,0.8074656188605108,2,0,2
19751,972,0.44088352499999994,6,0,383,269,0.7023498694516971,2,0,3
19751,971,1.796234234,15,5,515,382,0.7417475728155339,1,0,9
19764,970,1.3260776749999998,11,6,299,170,0.568561872909699,0,0,3
19764,746,4.065870129,35,14,735,606,0.8244897959183674,1,0,12
19773,967,0.9233377719999999,13,6,466,315,0.6759656652360515,0,0,3
19773,966,2.1828300940000003,14,5,498,346,0.6947791164658634,1,0,2
19783,971,2.4991646449999996,23,9,649,522,0.8043143297380585,0,0,13
19783,967,0.6501686794000001,9,3,376,265,0.7047872340425532,0,0,2
19747,746,1.5200539983999999,23,9,514,370,0.7198443579766537,0,0,6
19747,974,1.6635934025,22,4,391,228,0.5831202046035806,1,0,5
19757,973,0.41566338399999997,4,2,338,201,0.5946745562130178,1,0,5
19757,965,1.336967089,14,2,480,326,0.6791666666666667,1,0,10
19742,970,0.5091496289999999,8,5,260,116,0.4461538461538462,0,0,5
19742,973,1.4751481023,15,5,432,302,0.6990740740740741,2,0,2
19777,970,0.44007591129999996,11,5,344,218,0.6337209302325582,0,0,0
19777,972,3.0621848959999998,20,7,502,380,0.7569721115537849,0,0,5
19758,970,1.1015555189,11,4,270,163,0.6037037037037037,1,0,2
19758,974,2.4556196333,18,10,570,462,0.8105263157894737,1,0,6
19802,970,0.885763652,8,2,315,184,0.5841269841269842,1,0,4
19802,965,2.3071666700000004,21,8,371,234,0.6307277628032345,2,0,5
19803,972,0.504754863,7,3,380,251,0.6605263157894737,0,0,6
19803,967,0.757414354,10,2,390,259,0.6641025641025641,0,0,4
19811,968,1.40554348,11,3,551,449,0.8148820326678766,1,0,6
19811,967,0.173612569,3,2,387,283,0.7312661498708011,2,0,7
19805,971,2.6660092449999997,25,8,475,345,0.7263157894736842,1,0,9
19805,972,0.37053425399999995,4,2,386,247,0.6398963730569949,1,0,2
19752,966,0.128974449,5,2,326,209,0.6411042944785276,1,0,0
19752,746,2.271032428,17,5,732,607,0.8292349726775956,1,0,6
19775,974,0.9501061953000001,26,6,602,447,0.7425249169435216,3,0,4
19775,966,1.2878935390000001,7,3,405,225,0.5555555555555556,0,0,2
19760,971,3.8641339705999997,43,16,655,553,0.8442748091603054,1,0,10
19760,970,0.07893251,1,1,269,165,0.6133828996282528,0,1,0
19787,969,0.6263732572,12,3,566,453,0.8003533568904594,1,0,1
19787,973,0.6158582860000001,6,3,231,124,0.5367965367965368,2,0,1
19733,969,0.788523085,9,6,428,292,0.6822429906542056,0,0,1
19733,746,1.5515442045000003,17,7,598,464,0.7759197324414716,1,0,4
19765,966,0.38066462700000003,7,2,347,239,0.6887608069164265,0,0,2
19765,969,1.1205109900000003,14,7,711,618,0.869198312236287,0,0,2
19792,973,1.5328254966,15,9,440,297,0.675,0,0,7
19792,970,0.559755412,5,2,323,192,0.5944272445820433,0,0,1
19732,966,0.17911123499999998,4,2,316,172,0.5443037974683544,1,1,0
19732,974,0.957296007,17,5,629,486,0.7726550079491256,1,0,7
19744,973,0.09798061,4,0,322,198,0.6149068322981367,0,0,0
19744,968,4.0274358249999995,25,15,750,643,0.8573333333333333,0,0,8
19799,966,0.03329184,1,0,310,174,0.5612903225806452,1,0,0
19799,971,2.334387064,18,5,878,732,0.8337129840546698,0,0,3
19753,974,1.24691526,14,8,560,425,0.7589285714285714,0,0,6
19753,973,0.320622882,7,1,347,214,0.6167146974063401,2,0,2
19735,746,2.8294338074,14,10,673,545,0.8098068350668648,0,0,4
19735,972,1.3414481400000002,12,3,529,405,0.7655954631379962,0,0,4
19720,973,0.038344683000000004,2,1,259,117,0.4517374517374517,0,0,0
19720,971,1.9938865049,25,7,732,592,0.8087431693989071,0,0,11
19719,972,0.720819024,9,2,317,153,0.48264984227129337,2,0,3
19719,974,1.037264216,13,6,372,207,0.5564516129032258,1,0,8
19715,965,0.8678992910000001,5,2,417,256,0.6139088729016786,0,0,6
19715,973,0.39479431470000004,8,3,295,143,0.4847457627118644,0,0,3
19723,967,0.6210300073,12,3,394,244,0.6192893401015228,0,0,4
19723,746,1.930110864,27,8,638,509,0.7978056426332288,0,0,8
19722,970,0.817028671,5,2,274,152,0.5547445255474452,0,0,0
19722,968,2.678432741,24,11,715,594,0.8307692307692308,1,0,9
19727,974,1.781456807,16,4,459,297,0.6470588235294118,2,0,6
19727,969,2.0609874635,18,9,324,170,0.5246913580246914,1,0,4
19731,972,2.3587503209999996,19,7,598,447,0.7474916387959866,2,0,12
19731,970,1.6526773765000002,10,2,239,113,0.47280334728033474,1,0,0
19714,971,0.9513358279999998,15,6,431,301,0.6983758700696056,1,0,5
19714,746,1.2317235427000002,16,3,516,381,0.7383720930232558,2,0,8
19728,746,4.2177591341,36,11,696,559,0.8031609195402298,1,0,20
19728,973,1.112701903,6,4,234,120,0.5128205128205128,0,0,0
19726,967,0.5314083835000001,8,3,399,225,0.5639097744360902,0,0,2
19726,971,2.154700379,20,6,589,415,0.7045840407470289,0,0,7
19725,965,0.569484961,8,3,516,357,0.6918604651162791,0,0,5
19725,966,0.4040777403,8,2,389,243,0.6246786632390745,1,0,2
19738,973,0.0,0,0,275,148,0.5381818181818182,0,0,0
19738,969,2.178180537,17,4,763,636,0.8335517693315858,1,0,6
19759,967,1.099531713,8,3,276,146,0.5289855072463768,1,0,1
19759,968,3.674676037,22,12,641,517,0.8065522620904836,0,0,10
19750,970,0.2351919049,7,4,247,126,0.5101214574898786,0,0,0
19750,967,2.3322987129999997,35,13,495,384,0.7757575757575758,0,0,10
19761,973,1.140000204,9,4,303,162,0.5346534653465347,1,0,4
19761,966,1.109433669,12,5,431,283,0.6566125290023201,2,0,4
19762,965,0.2874503965,3,2,326,197,0.6042944785276073,1,0,1
19762,974,1.0216107079999999,17,7,562,423,0.7526690391459074,1,0,7
19763,969,1.87761561,13,6,554,426,0.7689530685920578,0,0,2
19763,972,1.9956306010000002,12,4,353,242,0.6855524079320113,1,0,3
19768,972,1.65059145,14,5,475,337,0.7094736842105264,0,0,1
19768,973,0.348133625,7,5,406,246,0.6059113300492611,1,0,2
19767,974,1.3541333857,14,5,500,346,0.692,0,0,9
19767,967,1.0660822699999999,11,4,380,227,0.5973684210526315,2,0,2
19776,965,0.657682894,9,3,356,235,0.6601123595505618,0,0,2
19776,971,2.5992638749999997,22,11,587,447,0.7614991482112436,1,0,6
19737,966,2.616691723,32,13,532,410,0.7706766917293233,1,0,11
19737,970,0.2969811575,6,4,297,156,0.5252525252525253,0,0,2
19790,746,3.0703759479999997,18,7,667,564,0.8455772113943029,0,0,13
19790,965,0.6163595150000001,6,2,359,258,0.7186629526462396,0,0,2
19793,966,0.8158846695,7,3,390,229,0.5871794871794872,0,0,0
19793,972,0.770876012,15,6,560,402,0.7178571428571429,2,0,9
19789,971,1.1900449499999999,12,4,567,428,0.7548500881834215,1,0,3
19789,969,1.1794361656999999,10,5,462,349,0.7554112554112554,1,0,3
19791,974,0.37431293379999997,10,2,424,312,0.7358490566037735,2,0,3
19791,968,2.020863431,14,6,368,262,0.7119565217391305,2,0,3
19795,974,1.3254508553,9,5,418,275,0.6578947368421053,1,0,3
19795,972,1.1745976249999996,13,3,342,192,0.5614035087719298,0,0,4
19797,968,3.6041206995999993,36,12,695,586,0.8431654676258993,0,0,11
19797,970,0.17058385999999998,2,0,186,96,0.5161290322580645,1,0,0
19780,966,0.39959595359999994,6,0,385,247,0.6415584415584416,0,0,3
19780,965,2.2920227357000003,19,7,481,351,0.7297297297297297,3,0,6
19781,972,0.41220169500000003,7,3,316,209,0.6613924050632911,1,0,1
19781,968,2.1804216060000003,17,7,578,467,0.8079584775086506,1,0,11
19779,973,0.9696828697000001,5,3,240,137,0.5708333333333333,0,0,1
19779,746,2.157944163,23,3,752,620,0.824468085106383,1,0,10
19798,746,2.3512959210000006,17,8,594,473,0.7962962962962963,0,0,11
19798,967,1.701780753,12,3,367,252,0.6866485013623979,0,0,5
19782,969,1.446990664,13,5,360,232,0.6444444444444445,1,0,2
19782,974,1.325234707,15,3,405,241,0.5950617283950618,3,0,2
19784,965,0.26517540900000003,8,3,379,245,0.6464379947229552,1,0,4
19784,967,0.49650472320000005,10,3,392,251,0.6403061224489796,1,0,3
19786,972,1.4328676480000002,13,2,431,309,0.7169373549883991,0,0,4
19786,746,2.941993329,15,5,455,336,0.7384615384615385,1,0,5
19774,967,0.7129671439999999,11,3,476,322,0.6764705882352942,1,0,4
19774,973,0.88637925,15,5,329,205,0.6231003039513677,0,0,4
19755,746,2.1730267595,15,7,371,258,0.6954177897574124,1,0,5
19755,971,2.4992921726,22,9,543,409,0.7532228360957642,2,0,8
19806,973,0.6878790320000001,8,2,321,195,0.6074766355140186,0,0,1
19806,974,1.9612904460000002,13,7,539,395,0.7328385899814471,1,0,7
19807,746,1.7131161030000002,19,6,780,652,0.8358974358974359,2,0,15
19807,966,1.1387334699999998,6,2,275,172,0.6254545454545455,0,0,4
19788,970,0.542955433,6,2,302,183,0.6059602649006622,2,0,2
19788,966,2.0172438345,19,6,475,333,0.7010526315789474,2,0,6
19808,967,0.7532203675,11,3,564,385,0.6826241134751773,0,0,9
19808,970,0.058927929000000004,5,1,276,144,0.5217391304347826,0,0,3
19804,969,0.665320905,9,2,406,300,0.7389162561576355,3,0,4
19804,968,1.8266417852999999,15,9,412,301,0.7305825242718447,1,0,8
19813,972,0.19646836,2,1,322,223,0.6925465838509317,1,1,1
19813,969,1.6959755883999998,19,3,571,454,0.7950963222416813,1,0,5
19816,969,1.2667731271,18,8,621,504,0.8115942028985508,0,0,4
19816,966,0.2799997916,4,1,299,177,0.5919732441471572,1,0,0
19809,974,1.2198003271,19,3,434,336,0.7741935483870968,0,0,6
19809,965,0.8225900853000001,12,2,375,268,0.7146666666666667,0,0,1
19815,965,0.17069558099999999,4,1,268,172,0.6417910447761194,1,0,1
19815,968,2.045093709,25,8,711,607,0.8537271448663853,1,0,15
19817,967,1.4284900365,14,8,380,223,0.5868421052631579,2,0,4
19817,974,1.144057817,9,3,539,376,0.6975881261595547,1,0,3
19818,746,4.52997355,28,15,676,567,0.8387573964497042,0,0,12
19818,970,0.37602058639999997,10,4,271,167,0.6162361623616236,0,0,2
19819,972,0.38381864100000007,5,2,538,408,0.758364312267658,1,0,3
19819,965,1.6341968249999999,14,6,343,211,0.6151603498542274,1,0,5
19821,968,1.0847618209999998,12,6,526,420,0.7984790874524715,1,0,10
19821,746,0.932591856,14,4,500,421,0.842,2,0,8
19801,974,2.6290250829999997,10,6,534,401,0.7509363295880149,0,0,2
19801,746,3.015969268,15,7,422,298,0.7061611374407583,1,0,6
19741,968,4.2991669576,22,8,499,383,0.7675350701402806,0,0,7
19741,974,0.409592696,4,1,384,259,0.6744791666666666,2,0,0
19756,967,2.168486504,18,7,357,204,0.5714285714285714,0,0,3
19756,969,1.183457554,11,5,383,249,0.6501305483028721,0,0,8
19754,966,1.152696777,4,3,288,180,0.625,1,0,0
19754,968,1.394986486,13,6,754,650,0.8620689655172413,0,0,1
19724,968,4.653301396,25,11,544,420,0.7720588235294118,0,0,7
19724,972,0.9098995333,8,4,406,268,0.6600985221674877,0,0,1
19814,973,0.40397112300000004,9,4,380,247,0.65,0,0,1
19814,972,2.265061135,17,5,481,351,0.7297297297297297,0,0,4
19729,973,0.6137079236999999,11,3,317,194,0.61198738170347,0,0,3
19729,967,2.4761836822000003,16,3,501,363,0.7245508982035929,2,0,6
19796,965,1.2872721766000002,9,3,342,183,0.5350877192982456,0,0,6
19796,969,1.2765651940000002,11,4,689,564,0.818577648766328,0,0,2
2275078,746,2.5183509975000002,24,5,618,527,0.8527508090614887,1,0,9
2275078,967,0.338383309,5,1,506,419,0.8280632411067194,2,0,3
2275127,974,1.8369519165,16,5,377,244,0.6472148541114059,1,0,8
2275127,967,2.6587218326,9,3,316,197,0.6234177215189873,3,0,2
2275136,746,0.364264494,10,3,598,502,0.8394648829431438,0,0,4
2275136,1475,0.6087221030000001,8,2,383,279,0.7284595300261096,0,0,3
2275154,971,1.608795056,14,5,451,343,0.7605321507760532,1,0,8
2275154,1475,0.5365048419999999,7,1,401,292,0.7281795511221946,2,0,7
2275150,972,0.538556534,9,4,296,213,0.7195945945945946,4,0,4
2275150,1475,1.191634063,12,5,360,262,0.7277777777777777,3,0,7
2275146,1475,1.865184164,15,8,507,373,0.7357001972386588,1,0,8
2275146,967,0.30066558699999996,9,1,434,300,0.6912442396313364,1,0,2
2275142,1475,2.5576877045999997,25,8,644,519,0.8059006211180124,3,0,9
2275142,973,0.1632819455,4,2,237,128,0.540084388185654,3,0,2
2275137,1475,2.4118262989999995,20,8,549,424,0.7723132969034608,1,1,8
2275137,749,0.785817709,8,2,287,193,0.6724738675958188,2,0,0
2275153,974,2.02229358,6,3,430,295,0.686046511627907,3,0,6
2275153,1475,0.46089295,7,3,326,175,0.5368098159509203,3,0,3
2275151,965,1.4473923595000002,9,4,455,323,0.7098901098901099,0,0,1
2275151,1475,0.541477575,7,4,517,385,0.7446808510638298,0,0,4
2275144,967,1.3038140566,9,5,432,267,0.6180555555555556,0,0,7
2275144,1475,1.0921146034999998,7,3,375,221,0.5893333333333334,3,0,1
2275088,973,0.2639848809,9,4,352,239,0.6789772727272727,2,0,2
2275088,969,0.9886851099999999,16,4,440,317,0.7204545454545455,1,0,6
2275110,969,0.8990494392999999,21,7,548,447,0.8156934306569343,1,0,8
2275110,966,0.501909021,7,3,337,224,0.6646884272997032,0,0,2
2275044,968,1.1118841953,10,3,646,544,0.8421052631578947,1,0,3
2275044,746,0.2761905404,7,2,453,361,0.7969094922737306,1,0,2
2275105,746,2.390646929,13,7,456,355,0.7785087719298246,1,0,5
2275105,971,2.3367517159999998,15,9,557,439,0.7881508078994613,0,0,6
2275063,971,1.4264904980000002,22,6,419,315,0.7517899761336515,1,0,4
2275063,968,0.41049753499999997,7,3,608,497,0.8174342105263158,2,0,3
2275054,965,0.5261885768000001,6,2,296,163,0.5506756756756757,2,0,4
2275054,966,1.8927595529999999,15,2,480,337,0.7020833333333333,2,0,6
2275072,971,4.802666885,29,10,583,437,0.7495711835334476,0,0,7
2275072,974,0.6792828909999999,6,4,281,140,0.498220640569395,1,1,1
2275085,749,1.5005125313999998,9,4,364,270,0.7417582417582418,1,0,0
2275085,746,4.187613223,29,15,633,535,0.8451816745655608,1,0,10
2275113,972,1.454952386,10,4,442,331,0.748868778280543,1,0,2
2275113,965,2.4114400715,15,7,383,251,0.6553524804177546,2,0,7
2275099,966,0.819212318,9,1,404,271,0.6707920792079208,1,0,1
2275099,974,1.166592823,13,4,426,309,0.7253521126760564,1,0,7
2275057,971,4.4886187744,21,12,411,299,0.7274939172749392,0,0,3
2275057,972,0.130375607,3,1,416,310,0.7451923076923077,3,0,3
2275075,974,4.2362857991,24,6,433,296,0.6836027713625866,4,0,8
2275075,749,0.46511407900000007,9,4,352,226,0.6420454545454546,1,0,6
2275077,749,2.1700936157,21,6,335,226,0.6746268656716418,2,0,4
2275077,972,0.73987227,9,2,422,288,0.6824644549763034,3,0,2
2275036,967,1.0133876336,10,4,332,170,0.5120481927710844,1,0,1
2275036,974,1.082195373,7,3,424,280,0.660377358490566,2,0,5
2275117,967,0.745727209,8,3,409,295,0.7212713936430318,1,0,3
2275117,968,3.0783704259999998,15,8,708,584,0.8248587570621468,0,0,5
2275092,969,0.491428186,8,2,441,352,0.7981859410430839,0,0,5
2275092,746,2.2397191600000004,17,4,615,517,0.8406504065040651,0,0,12
2275040,965,0.9499266788,9,1,355,240,0.676056338028169,3,0,3
2275040,972,1.9871623026,10,6,459,329,0.7167755991285403,2,0,5
2275122,974,2.6955019703,21,8,629,485,0.7710651828298887,1,0,6
2275122,973,1.601430779,9,5,284,158,0.5563380281690141,1,0,3
2275045,966,0.47977738700000006,9,7,294,165,0.5612244897959183,3,0,2
2275045,971,3.1536663344999996,18,3,544,397,0.7297794117647058,2,0,3
2275093,969,0.15866767250000002,8,2,422,317,0.7511848341232228,0,0,4
2275093,971,2.6704476449999994,15,10,552,468,0.8478260869565217,0,0,3
2275097,746,3.904355618,26,12,556,457,0.8219424460431655,0,0,12
2275097,965,0.30244669599999996,9,3,401,298,0.743142144638404,1,0,4
2275084,972,1.6885878860000003,14,4,423,301,0.7115839243498818,0,0,5
2275084,971,2.157722691,25,11,485,364,0.7505154639175258,1,0,11
2275089,968,2.605578065,12,7,725,611,0.8427586206896551,0,0,7
2275089,969,0.41633992,6,4,376,273,0.726063829787234,0,0,6
2275116,746,1.1855505870000003,14,5,667,550,0.8245877061469266,0,0,11
2275116,966,0.9188126287,12,3,411,302,0.7347931873479319,0,0,9
2275104,968,5.763380574000001,35,15,788,697,0.8845177664974619,0,0,12
2275104,973,2.087735698,7,2,270,185,0.6851851851851852,0,0,3
2275052,965,0.292810008,9,1,275,174,0.6327272727272727,1,0,5
2275052,971,1.860313265,15,6,574,471,0.8205574912891986,1,0,4
2275037,746,0.6663500520000001,8,2,425,330,0.7764705882352941,1,0,1
2275037,968,1.2274907740000003,15,7,633,521,0.8230647709320695,4,0,5
2275027,965,0.89587065,8,3,353,231,0.6543909348441926,4,0,2
2275027,967,0.4618945420000001,11,3,485,360,0.7422680412371134,2,0,5
2275080,971,4.6934146729999995,28,13,727,607,0.8349381017881705,2,0,11
2275080,973,0.403222319,6,4,263,149,0.5665399239543726,1,0,0
2275098,965,0.182464575,3,0,383,271,0.7075718015665796,0,0,1
2275098,968,2.119645105,14,5,740,640,0.8648648648648649,1,0,3
2275156,1475,0.6781118069999998,7,1,348,243,0.6982758620689655,1,0,3
2275156,968,1.8413457740000003,21,9,664,555,0.8358433734939759,3,0,11
2275139,749,0.8069630608999999,15,5,354,239,0.6751412429378532,2,0,6
2275139,1475,1.969412421,25,9,313,216,0.6900958466453674,2,0,5
2275070,966,1.5690197937,18,7,547,420,0.7678244972577697,0,0,9
2275070,973,0.2741385083,7,2,271,152,0.5608856088560885,1,0,2
2275051,967,0.9086703850000001,12,3,426,310,0.7276995305164319,1,0,4
2275051,965,1.3807387604999997,15,4,348,208,0.5977011494252874,1,0,3
2275050,974,1.1240207354999998,16,8,516,356,0.689922480620155,1,0,5
2275050,969,0.7952491973,11,3,384,230,0.5989583333333334,1,0,3
2275029,973,1.6086072919999999,11,6,353,220,0.623229461756374,1,0,5
2275029,966,1.0476048022,15,7,349,229,0.6561604584527221,1,0,6
2275090,968,0.503075129,9,4,526,404,0.7680608365019012,2,0,4
2275090,971,1.741868021,15,4,420,293,0.6976190476190476,1,0,4
2275042,746,3.0574660929999995,29,10,441,349,0.7913832199546486,1,0,14
2275042,972,0.480502309,10,3,491,398,0.8105906313645621,1,0,3
2275157,1475,0.943839431,7,3,283,166,0.5865724381625441,1,0,2
2275157,974,0.935536414,11,2,396,246,0.6212121212121212,1,0,7
2275108,973,0.008890767,1,0,335,233,0.6955223880597015,1,0,2
2275108,971,3.063596832,26,12,600,493,0.8216666666666667,0,0,14
2275082,749,0.611161885,10,3,319,226,0.7084639498432602,3,0,3
2275082,968,1.9361656900000002,19,3,670,581,0.8671641791044776,0,0,6
2275138,1475,3.260431181,23,9,478,380,0.7949790794979079,1,0,6
2275138,966,0.46936735,7,1,348,240,0.6896551724137931,3,0,4
2275049,972,1.0851395480000001,9,4,388,260,0.6701030927835051,2,0,4
2275049,974,1.6004547750000002,15,4,326,200,0.6134969325153374,3,1,5
2275132,971,1.817601179,21,6,569,476,0.836555360281195,0,0,7
2275132,749,0.3236008797,7,2,346,269,0.7774566473988439,2,0,2
2275061,973,0.3787521352,8,2,370,231,0.6243243243243243,1,0,5
2275061,965,2.1473359065,21,9,438,317,0.723744292237443,1,0,6
2275096,968,1.964409191,17,5,634,538,0.8485804416403786,3,0,5
2275096,972,0.769312692,10,2,361,277,0.7673130193905817,2,0,2
2275033,973,0.450684373,10,2,323,204,0.631578947368421,0,0,3
2275033,749,2.075573078,22,5,505,371,0.7346534653465346,2,0,6
2275107,974,0.2524221706,6,1,449,326,0.7260579064587973,1,0,3
2275107,746,2.078826247,13,5,569,454,0.7978910369068541,0,0,6
2275130,971,2.7122891160000004,27,10,530,407,0.7679245283018868,1,0,9
2275130,746,0.7786608759999999,12,3,439,323,0.7357630979498861,2,0,4
2275034,749,1.2910571232999999,21,7,523,428,0.8183556405353728,1,0,3
2275034,966,0.28481288,6,1,385,281,0.7298701298701299,2,1,3
2275026,973,1.085590023,7,2,279,173,0.6200716845878136,0,0,4
2275026,746,1.654245174,17,6,752,656,0.8723404255319149,0,0,6
2275041,967,1.089999406,18,6,563,438,0.7779751332149201,2,0,13
2275041,973,0.696334508,14,4,391,290,0.7416879795396419,0,0,0
2275094,972,1.006316802,12,4,398,285,0.7160804020100503,1,0,5
2275094,969,0.6597670863,17,7,414,321,0.7753623188405797,2,0,5
2275106,746,1.400627304,16,7,638,557,0.8730407523510971,1,0,12
2275106,973,0.16175051000000001,4,1,437,347,0.7940503432494279,0,0,2
2275073,749,0.6348796290000001,8,2,463,314,0.6781857451403888,1,1,3
2275073,967,2.703705038,19,6,533,371,0.6960600375234521,2,0,1
2275038,974,2.451031701,13,3,459,329,0.7167755991285403,2,0,4
2275038,972,0.0,0,0,297,176,0.5925925925925926,2,0,1
2275131,967,0.908103756,16,3,433,295,0.6812933025404158,0,0,5
2275131,746,2.0880018415,17,7,613,489,0.797716150081566,4,0,2
2275062,966,0.8320393199999999,4,2,333,227,0.6816816816816816,3,0,3
2275062,968,1.404009463,10,5,603,472,0.7827529021558872,2,0,2
2275048,972,1.939897711,15,2,399,291,0.7293233082706767,2,0,5
2275048,749,0.635975907,12,3,313,208,0.6645367412140575,1,0,2
2275121,968,1.585161743,12,5,918,815,0.8877995642701525,0,0,8
2275121,965,0.083038739,3,1,332,233,0.7018072289156626,2,0,1
2275065,965,1.644087216,14,8,380,290,0.7631578947368421,1,0,5
2275065,969,0.5820787716000001,7,0,509,411,0.8074656188605108,0,0,6
2275079,968,1.7815126540000001,18,2,750,637,0.8493333333333334,0,0,8
2275079,966,0.198959115,5,3,315,222,0.7047619047619048,0,0,0
2275103,966,1.9330564268,14,7,369,238,0.6449864498644986,1,0,10
2275103,972,1.1375636290000002,14,3,431,291,0.6751740139211136,3,0,8
2275140,1475,3.0478229270000003,19,10,570,474,0.8315789473684211,1,0,8
2275140,965,0.045471823,2,1,382,287,0.7513089005235603,2,0,2
2275126,967,1.8996967705999996,22,9,425,297,0.6988235294117647,3,0,6
2275126,749,0.9810662604,9,1,413,291,0.7046004842615012,2,0,0
2275102,965,1.2429633189999998,11,7,324,198,0.6111111111111112,0,0,1
2275102,974,2.164963551,20,10,457,330,0.7221006564551422,1,0,10
2275109,969,0.5037273615,12,5,334,228,0.6826347305389222,2,0,5
2275109,749,1.6214613369999997,13,4,475,358,0.7536842105263157,2,0,5
2275091,749,1.652889349,10,4,475,356,0.7494736842105263,2,0,2
2275091,965,0.9894012049999998,18,1,441,292,0.6621315192743764,0,0,5
2275030,965,0.47685592800000004,8,1,335,204,0.608955223880597,3,0,2
2275030,749,1.438875992,10,6,416,289,0.6947115384615384,0,0,5
2275133,972,2.0651221889999998,12,6,482,339,0.7033195020746889,0,0,6
2275133,966,1.2599420830999999,15,5,395,267,0.6759493670886076,1,0,5
2275083,969,0.774213421,8,3,515,392,0.7611650485436893,0,0,5
2275083,973,0.538328301,4,2,355,237,0.6676056338028169,1,0,1
2275120,969,0.8300614755,17,4,527,409,0.7760910815939279,2,0,9
2275120,967,0.906939241,10,5,302,190,0.6291390728476821,1,0,5
2275028,746,2.646003531,13,6,625,536,0.8576,1,0,4
2275028,969,0.34585453,4,0,448,362,0.8080357142857143,0,0,5
2275086,974,1.0677217784000002,19,3,332,206,0.6204819277108434,3,0,6
2275086,968,1.580883068,12,6,563,421,0.7477797513321492,0,0,4
2275056,966,0.9614488529,21,2,509,377,0.7406679764243614,0,0,5
2275056,967,0.327731298,8,3,409,281,0.687041564792176,1,0,3
2275074,971,1.485549796,15,4,642,521,0.8115264797507789,0,0,9
2275074,969,0.23631539000000001,4,0,423,330,0.7801418439716312,0,0,1
3775563,1475,1.3169982230000001,13,4,479,374,0.7807933194154488,0,0,2
3775563,967,1.143805809,13,3,505,396,0.7841584158415842,1,0,6
3775628,1475,2.612245938,18,5,624,526,0.842948717948718,4,0,9
3775628,972,0.5986920410000001,9,6,222,115,0.5180180180180181,1,0,3
3775638,965,0.727058695,7,4,377,265,0.7029177718832891,3,0,2
3775638,749,1.464293755,13,1,532,397,0.7462406015037594,1,0,9
3775568,969,0.35062850840000004,6,1,346,199,0.5751445086705202,2,0,5
3775568,2647,0.8355168920000001,6,1,314,195,0.6210191082802548,2,0,3
3775629,965,0.234217866,4,2,263,178,0.6768060836501901,0,0,0
3775629,746,3.4189266380000003,19,10,928,840,0.9051724137931034,0,0,8
3775648,2647,0.284652541,5,0,221,138,0.6244343891402715,1,0,0
3775648,968,3.3292469142000005,27,10,809,690,0.8529048207663782,0,0,13
3775609,968,2.3910744919999996,15,8,660,539,0.8166666666666667,1,0,6
3775609,972,0.414609262,7,1,313,200,0.6389776357827476,0,0,3
3775633,2647,0.216967472,8,2,259,130,0.5019305019305019,1,0,2
3775633,749,0.448527685,12,2,601,456,0.7587354409317804,2,0,9
3775570,965,0.5641603215,6,3,327,227,0.6941896024464832,1,0,3
3775570,967,3.0969817549999994,15,6,659,526,0.7981790591805766,2,0,3
3775581,971,1.8105247369999997,19,4,669,553,0.8266068759342302,0,0,7
3775581,2647,0.007004283,1,1,311,188,0.6045016077170418,1,0,1
3775579,974,2.3961760896,17,6,428,340,0.794392523364486,0,0,2
3775579,965,0.6439802450000001,9,5,534,404,0.7565543071161048,0,0,1
3775544,2647,1.2055827399999999,7,4,289,157,0.5432525951557093,1,0,4
3775544,972,2.783204588,26,3,498,350,0.7028112449799196,0,0,9
3775622,1475,2.620651556,18,10,432,330,0.7638888888888888,2,0,4
3775622,749,0.13912280999999999,3,1,415,309,0.744578313253012,2,0,1
3775553,969,0.9172970359999999,8,3,387,256,0.661498708010336,1,0,1
3775553,972,1.2774032516999998,13,5,522,397,0.7605363984674329,2,0,2
3775584,968,4.297379127999999,30,12,677,581,0.8581979320531757,0,0,14
3775584,969,0.123861262,4,2,265,161,0.6075471698113207,1,0,1
3775618,974,1.183333674,21,4,514,391,0.7607003891050583,0,0,9
3775618,969,0.305471523,4,1,328,198,0.6036585365853658,2,0,0
3775641,2647,0.8715550940000001,14,1,504,386,0.7658730158730159,1,0,8
3775641,969,0.36099118529999996,8,3,364,258,0.7087912087912088,1,0,3
3775636,973,0.2870614685,8,3,414,312,0.7536231884057971,1,0,4
3775636,969,1.9386177409999998,12,8,492,392,0.7967479674796748,3,0,5
3775653,969,0.462358038,6,0,297,181,0.6094276094276094,1,0,2
3775653,967,0.7526448793,8,5,728,617,0.8475274725274725,1,0,3
3775654,969,0.6603329560000001,15,4,408,283,0.6936274509803921,2,0,7
3775654,973,1.1234619764000002,12,2,389,247,0.6349614395886889,3,0,5
3775643,972,1.300922275,15,7,421,289,0.6864608076009501,1,0,2
3775643,969,0.719243401,8,2,393,216,0.549618320610687,1,0,2
3764237,969,0.571429407,6,3,431,317,0.7354988399071926,0,0,1
3764237,1475,3.004775854,25,12,492,397,0.806910569105691,0,0,6
3775594,1475,3.20264501,23,8,652,554,0.8496932515337423,3,0,8
3775594,969,0.03748088,1,0,245,119,0.4857142857142857,2,0,3
3775560,968,2.115845209,19,5,748,639,0.8542780748663101,0,0,11
3775560,2647,0.081766618,2,0,200,103,0.515,0,0,2
3775624,1475,1.6451984414000003,14,8,394,289,0.733502538071066,1,0,9
3775624,746,2.2465784890000005,20,5,461,363,0.7874186550976139,1,0,4
3764240,973,0.685200515,10,3,326,224,0.6871165644171779,2,0,2
3764240,967,2.483701339,14,7,601,494,0.8219633943427621,1,0,12
3764233,968,4.451305034999999,20,9,524,411,0.7843511450381679,2,0,7
3764233,974,1.019777936,11,3,399,299,0.7493734335839599,3,0,1
3775585,965,1.6893014493,16,4,479,341,0.7118997912317327,2,0,6
3775585,973,0.8698701560000001,9,2,260,129,0.49615384615384617,1,0,2
3775593,971,2.330755275,16,9,605,504,0.8330578512396695,0,0,5
3775593,974,0.5643405635,7,1,418,327,0.7822966507177034,0,0,3
3775602,972,1.7958199909999997,11,4,433,285,0.6581986143187067,0,0,5
3775602,974,1.0840650235,10,6,442,296,0.669683257918552,1,0,6
3775620,967,2.191244031,16,7,446,322,0.7219730941704036,1,0,6
3775620,972,0.9782128999999998,9,5,487,349,0.7166324435318275,1,0,4
3764232,1475,1.2584715419999999,12,2,552,432,0.782608695652174,2,0,5
3764232,971,2.739734262,16,5,511,406,0.7945205479452054,0,0,5
3775559,968,2.990310034,17,7,660,564,0.8545454545454545,0,0,6
3775559,967,0.277327833,4,1,425,333,0.7835294117647059,0,0,2
3775606,974,0.1087011844,6,0,438,306,0.6986301369863014,2,0,3
3775606,971,2.822025119,17,7,515,401,0.7786407766990291,0,0,8
3775567,971,2.2244874420000005,18,6,445,323,0.7258426966292135,1,0,3
3775567,1475,0.307653723,5,1,450,309,0.6866666666666666,1,0,4
3775607,973,0.9990110729999999,11,4,294,179,0.608843537414966,1,0,5
3775607,974,2.0662802879999997,19,6,488,369,0.7561475409836066,1,0,5
3764230,749,0.793853057,12,6,503,381,0.757455268389662,0,0,4
3764230,972,0.779882997,8,4,464,321,0.6918103448275862,1,0,1
3764241,746,1.9036923552000002,15,4,690,559,0.8101449275362319,0,0,7
3764241,965,0.322644333,7,2,348,224,0.6436781609195402,1,0,1
3764235,971,6.113784206,36,19,770,662,0.8597402597402597,0,0,8
3764235,973,0.05846139,1,0,270,175,0.6481481481481481,1,0,0
3764239,967,1.320194248,8,3,461,322,0.6984815618221258,3,0,5
3764239,749,0.362227538,9,4,450,312,0.6933333333333334,2,0,5
3764236,974,3.1748980581999997,25,13,383,275,0.7180156657963447,2,0,4
3764236,2647,1.2332779189999998,8,2,335,223,0.6656716417910448,2,0,3
3764231,965,1.6522350929999998,17,4,476,362,0.7605042016806722,0,0,2
3764231,969,0.317775043,4,1,408,272,0.6666666666666666,4,0,0
3764234,2647,0.6288805719999999,7,2,380,290,0.7631578947368421,0,0,2
3764234,746,4.002514137,17,6,646,547,0.846749226006192,0,0,8
3775543,965,0.615871469,8,5,390,295,0.7564102564102564,0,0,0
3775543,968,2.3236310575,15,7,748,633,0.8462566844919787,0,0,10
3775551,1475,1.7195489890000002,24,5,441,318,0.7210884353741497,0,0,4
3775551,968,0.35310083600000003,9,1,515,372,0.7223300970873786,1,0,6
3775540,2647,1.1252363739999998,13,5,363,215,0.5922865013774105,2,0,8
3775540,973,0.515257816,11,5,437,279,0.6384439359267735,1,0,4
3775550,967,0.43707727900000004,6,2,561,449,0.8003565062388592,1,0,6
3775550,971,3.9252902969999997,20,8,571,473,0.8283712784588442,1,0,7
3775545,746,3.038886399,24,6,623,534,0.8571428571428571,1,0,8
3775545,749,0.35005636500000004,4,2,295,212,0.7186440677966102,3,0,3
3775556,965,0.48322478449999995,11,4,461,335,0.7266811279826464,4,0,4
3775556,2647,1.034694404,11,5,410,316,0.7707317073170732,1,0,2
3775575,2647,0.6875018669999999,10,2,492,383,0.7784552845528455,0,0,2
3775575,967,2.7308705009999996,18,11,563,450,0.7992895204262878,0,0,6
3775562,1475,3.6344742759999997,22,8,428,324,0.7570093457943925,1,0,5
3775562,965,0.26153648860000006,5,2,409,287,0.7017114914425427,3,0,3
3775561,972,0.547712296,10,4,520,366,0.7038461538461539,3,0,2
3775561,1475,2.645717678,17,9,371,237,0.6388140161725068,0,0,4
3775582,967,1.3849709577000002,18,5,465,334,0.7182795698924731,0,0,7
3775582,965,0.7542921699999999,7,2,366,230,0.6284153005464481,2,0,4
3775558,974,0.5025916690000001,8,1,409,283,0.6919315403422983,2,0,3
3775558,1475,1.8072980739999998,16,4,380,245,0.6447368421052632,2,0,8
3775552,749,1.083335871,10,3,424,292,0.6886792452830188,1,0,6
3775552,967,3.246616757,15,5,502,373,0.7430278884462151,2,0,10
3775557,968,2.109231243,18,6,723,614,0.8492392807745505,2,0,13
3775557,965,0.228723277,3,1,292,199,0.6815068493150684,0,0,0
3775564,746,2.603015344,19,8,615,510,0.8292682926829268,1,0,10
3775564,974,0.240574283,3,2,300,203,0.6766666666666666,5,0,2
3775569,973,0.12728884499999998,4,3,272,174,0.6397058823529411,0,0,0
3775569,968,5.237738053,28,12,701,585,0.8345221112696148,0,0,11
3775548,971,1.253427695,10,5,372,252,0.6774193548387096,2,0,6
3775548,968,0.40432545899999994,7,4,621,490,0.789049919484702,1,0,0
3775555,749,0.25983654500000003,5,4,392,282,0.7193877551020408,1,0,3
3775555,971,3.230951305,21,10,608,478,0.7861842105263158,0,0,6
3775549,969,0.594182812,5,1,268,139,0.5186567164179104,1,0,5
3775549,749,0.51785669,10,2,592,486,0.8209459459459459,0,0,6
3775572,969,0.212206235,4,0,306,210,0.6862745098039216,0,0,1
3775572,971,2.341019751,20,5,675,576,0.8533333333333334,0,0,8
3775577,967,0.27506880499999997,5,1,390,285,0.7307692307692307,2,0,0
3775577,968,1.8834720963999998,11,4,657,551,0.8386605783866058,1,0,4
3775541,1475,1.452543577,15,5,694,579,0.8342939481268011,1,0,6
3775541,2647,0.0,0,0,285,167,0.5859649122807018,1,0,0
3775588,749,3.3690080898000003,17,6,415,286,0.689156626506024,2,0,5
3775588,965,1.7207559255,12,4,391,249,0.6368286445012787,1,0,3
3775586,968,2.571051212,13,10,713,613,0.8597475455820477,1,0,5
3775586,749,1.650048394,9,3,313,223,0.7124600638977636,3,0,3
3775592,749,1.188718419,9,3,404,245,0.6064356435643564,1,0,3
3775592,974,1.169752521,11,3,447,302,0.6756152125279642,1,0,4
3775580,965,0.1751888196,5,0,430,307,0.713953488372093,0,0,0
3775580,971,0.8314799335,14,7,722,601,0.832409972299169,0,0,3
3775591,972,0.591015619,7,0,358,204,0.5698324022346368,0,0,3
3775591,971,2.0890843675,15,8,543,402,0.7403314917127072,0,0,4
3775590,967,0.989859761,13,3,609,490,0.8045977011494253,1,0,9
3775590,969,1.9978616470000001,7,4,260,142,0.5461538461538461,4,0,2
3775571,2647,1.4321790499999998,9,2,308,190,0.6168831168831169,2,0,1
3775571,974,2.393277088,24,8,548,426,0.7773722627737226,0,0,10
3775589,974,0.688897027,5,3,350,216,0.6171428571428571,1,0,4
3775589,968,2.2935373159999997,12,5,478,348,0.7280334728033473,2,0,5
3775578,974,2.1531481400000003,11,4,343,228,0.6647230320699709,1,0,3
3775578,967,0.8493437770000001,13,3,529,386,0.7296786389413988,1,0,8
3775596,973,0.35178060800000005,7,2,299,183,0.6120401337792643,0,0,2
3775596,746,3.69132891,23,11,625,521,0.8336,1,0,5
3775576,746,1.4764792799999997,13,6,565,458,0.8106194690265487,1,0,8
3775576,971,2.1567141850000002,16,3,336,235,0.6994047619047619,0,0,4
3775574,746,4.041054271,26,11,827,739,0.8935912938331319,0,0,15
3775574,969,0.077299304,1,0,179,87,0.4860335195530726,0,0,0
3775573,972,0.151476985,2,0,213,101,0.47417840375586856,1,0,0
3775573,746,4.7783094550000005,25,7,657,540,0.821917808219178,0,0,12
3775597,968,0.5711191800000001,9,3,348,243,0.6982758620689655,3,0,6
3775597,1475,1.214253685,12,3,544,437,0.8033088235294118,0,0,1
3775611,971,3.100614768,18,4,448,306,0.6830357142857143,2,0,5
3775611,746,1.285363087,9,2,557,432,0.7755834829443446,2,0,3
3775612,969,0.725689742,9,2,288,179,0.6215277777777778,1,0,3
3775612,974,1.071954984,17,4,672,570,0.8482142857142857,2,0,5
3775627,968,1.8563929030000001,12,2,510,371,0.7274509803921568,1,0,10
3775627,971,1.381833208,10,0,416,285,0.6850961538461539,1,0,0
3775644,749,0.494652207,4,0,345,232,0.672463768115942,2,0,3
3775644,1475,1.674145984,16,6,395,285,0.7215189873417721,4,0,10
3775637,973,1.0500857700000001,13,4,409,303,0.7408312958435208,1,0,6
3775637,2647,2.116871271,12,6,509,404,0.793713163064833,1,0,3
3775631,973,1.8073668539999999,11,5,239,140,0.5857740585774058,0,0,4
3775631,749,1.1035478695999998,15,5,490,380,0.7755102040816326,1,1,11
3775621,974,3.4064515305000005,33,13,606,484,0.7986798679867987,1,0,7
3775621,973,1.085466554,10,2,250,135,0.54,0,0,4
3775615,749,1.59124037,9,5,521,405,0.7773512476007678,2,0,6
3775615,2647,0.36090528399999994,9,2,433,332,0.766743648960739,1,0,1
3775610,1475,3.0289725475,30,12,682,573,0.8401759530791789,1,0,12
3775610,973,0.8680671573000001,9,4,293,184,0.6279863481228669,1,0,3
3775616,973,0.5876111102999999,8,2,337,217,0.6439169139465876,1,0,3
3775616,972,1.731676854,17,8,537,419,0.7802607076350093,1,0,10
3775632,967,0.42113493999999996,7,3,430,324,0.7534883720930232,3,0,6
3775632,746,1.904112647,21,6,582,476,0.8178694158075601,0,0,9
3775619,965,2.2105315180000003,17,3,449,326,0.7260579064587973,1,0,6
3775619,974,0.96627641,10,3,433,310,0.7159353348729792,3,0,4
3775600,968,0.677266779,6,3,526,418,0.7946768060836502,0,0,1
3775600,746,2.210578082,13,5,463,344,0.7429805615550756,1,0,6
3775605,971,2.58507644,22,6,742,629,0.8477088948787062,0,0,10
3775605,749,0.42880680299999996,8,1,366,263,0.7185792349726776,0,0,1
3775626,746,3.196621951,23,8,691,583,0.8437047756874095,0,0,4
3775626,2647,0.26927889400000005,4,1,394,278,0.7055837563451777,0,0,0
3775614,973,0.164920019,3,1,306,174,0.5686274509803921,0,0,2
3775614,971,3.783944642,25,9,707,565,0.7991513437057991,0,0,8
3775603,965,1.368911029,11,4,416,268,0.6442307692307693,2,0,5
3775603,972,0.7906332739999999,7,0,476,326,0.6848739495798319,2,0,3
3775625,746,3.749365486,24,10,841,744,0.8846611177170036,0,0,12
3775625,973,0.914082746,2,1,165,81,0.4909090909090909,0,0,4
3775613,749,0.8704992296000001,10,5,392,309,0.7882653061224489,1,0,1
3775613,968,1.6534397829999998,23,8,686,608,0.8862973760932945,1,0,6
3775598,974,1.0895000229999998,12,2,491,367,0.7474541751527495,1,0,6
3775598,749,1.5449466580000002,11,7,329,220,0.668693009118541,0,0,4
3775601,973,0.8270283676,10,4,296,166,0.5608108108108109,2,0,4
3775601,1475,1.2857052379999998,17,3,426,308,0.7230046948356808,1,0,4
3775630,969,0.25752044,1,0,272,174,0.6397058823529411,0,0,4
3775630,968,5.163407901,29,10,725,645,0.8896551724137931,1,0,10
3775651,746,2.8648827069999996,24,6,822,731,0.889294403892944,0,0,10
3775651,972,0.039904,1,0,275,180,0.6545454545454545,0,0,3
3775635,972,2.006615321,13,2,325,178,0.5476923076923077,0,0,5
3775635,967,0.8958974839999999,11,4,519,360,0.6936416184971098,1,0,4
3775650,971,3.5262796335999997,25,8,596,494,0.8288590604026845,0,0,9
3775650,972,1.4585063060000003,11,3,365,264,0.7232876712328767,1,0,3
3775647,969,0.22159632799999998,5,1,405,280,0.691358024691358,0,0,4
3775647,965,1.8552457454999995,20,8,459,340,0.7407407407407407,1,0,2
3775659,974,0.226317153,3,1,323,214,0.6625386996904025,1,0,2
3775659,746,2.5446213240000004,26,7,575,454,0.7895652173913044,0,0,10
3775657,968,1.7940624059999999,21,9,930,796,0.8559139784946237,0,0,8
3775657,973,0.19094266,3,2,237,127,0.5358649789029536,0,0,0
3775649,974,0.37802475300000005,12,3,446,312,0.6995515695067265,1,0,3
3775649,972,2.1943350404,14,8,315,183,0.580952380952381,2,0,2
3775645,971,2.6798217779999995,21,9,602,487,0.8089700996677741,1,0,6
3775645,967,0.933902797,12,1,395,276,0.6987341772151898,1,0,5
3775639,746,1.165712353,13,3,681,587,0.8619676945668135,0,0,4
3775639,967,0.067807403,2,0,411,310,0.754257907542579,2,0,4
3775642,2647,0.8252718257,15,3,367,234,0.6376021798365122,3,0,10
3775642,965,1.931656445,12,5,432,297,0.6875,0,0,4
3775646,2647,0.347815372,3,1,318,211,0.6635220125786163,1,0,1
3775646,971,1.324919,16,5,747,638,0.8540829986613119,1,0,12
3775655,972,0.645792079,8,3,397,232,0.5843828715365239,2,0,6
3775655,973,1.1618913845,14,3,375,223,0.5946666666666667,2,0,4
3775640,1475,1.635994919,19,7,421,289,0.6864608076009501,1,0,4
3775640,974,1.348444408,10,4,406,291,0.7167487684729064,1,0,3
3775658,746,1.4848741815000002,17,8,557,449,0.8061041292639138,1,0,4
3775658,1475,0.5200411300000001,9,3,415,310,0.7469879518072289,2,0,4
3775623,972,1.531456723,17,4,488,364,0.7459016393442623,1,0,7
3775623,965,0.9223320619999998,7,3,330,192,0.5818181818181818,1,0,4
3775566,2647,0.982911887,8,3,382,268,0.7015706806282722,1,0,0
3775566,1475,2.556162035,31,10,564,448,0.7943262411347518,0,0,12
3775546,749,1.7556747566,20,3,473,337,0.7124735729386892,3,0,8
3775546,973,0.44233194829999994,11,4,340,204,0.6,1,0,5
3775547,969,0.07968039,1,1,199,95,0.47738693467336685,1,0,2
3775547,746,2.1957515834,22,11,743,649,0.873485868102288,0,0,10
3775587,967,0.355755255,9,2,608,476,0.7828947368421053,2,0,6
3775587,1475,1.593714658,9,7,421,287,0.6817102137767221,0,0,2
3775595,973,1.865401729,12,4,361,203,0.5623268698060941,0,0,3
3775595,965,0.873370073,14,2,492,338,0.6869918699186992,1,1,3
3775604,749,0.168896698,3,0,423,319,0.7541371158392435,0,0,2
3775604,746,2.9014175170000005,15,4,646,566,0.8761609907120743,0,0,7
3775634,967,2.844437817,11,6,612,475,0.7761437908496732,0,0,5
3775634,2647,0.7729623830000001,6,3,275,171,0.6218181818181818,4,0,2
3775617,965,1.2978825537,9,3,303,177,0.5841584158415841,1,0,2
3775617,1475,1.525593373,17,2,542,407,0.7509225092250923,1,0,8
3775565,971,3.9042977540000003,24,11,683,586,0.8579795021961932,1,0,8
3775565,969,0.222903135,3,0,287,165,0.5749128919860628,1,0,1
3775583,746,1.1414491346,17,2,572,481,0.8409090909090909,0,0,7
3775583,968,0.145555682,3,1,409,311,0.7603911980440098,3,0,2
3775542,967,2.6107418449999997,17,6,603,488,0.8092868988391376,1,0,5
3775542,973,1.028051222,9,3,346,245,0.708092485549133,0,0,4
3775608,972,0.944758925,14,9,465,332,0.7139784946236559,2,0,4
3775608,749,0.8180287669999999,6,2,469,348,0.7420042643923241,1,0,3
3775599,972,0.628997095,7,3,421,248,0.5890736342042755,2,0,9
3775599,2647,0.1099724317,2,0,284,137,0.4823943661971831,4,0,2
3775554,967,1.996218709,19,4,426,289,0.6784037558685446,1,0,7
3775554,974,0.827192916,8,2,432,287,0.6643518518518519,0,0,7
3775652,971,2.697117304,31,6,778,669,0.8598971722365039,0,0,12
3775652,965,0.315351515,4,2,245,149,0.6081632653061224,1,0,3
3764238,972,0.161334734,3,2,378,277,0.7328042328042328,4,0,1
3764238,968,5.28509327,25,18,541,458,0.8465804066543438,0,0,3
3857276,1833,1.095618012,5,0,562,480,0.8540925266903915,4,0,6
3857276,788,0.42640382499999996,7,2,393,310,0.7888040712468194,0,0,2
3857271,768,1.987157745,13,7,846,746,0.8817966903073287,0,0,8
3857271,797,1.4556585987,8,2,247,163,0.659919028340081,2,0,0
3857296,785,0.695021896,11,4,609,514,0.8440065681444991,0,0,2
3857296,782,2.3818400918,16,3,630,543,0.861904761904762,1,0,4
3857274,941,0.104464025,2,1,552,457,0.8278985507246377,0,0,2
3857274,3565,1.651054305,15,4,463,359,0.775377969762419,1,0,5
3857255,778,1.157800672,6,3,253,177,0.6996047430830039,3,0,0
3857255,772,0.8577122079999998,12,5,1093,993,0.9085086916742909,0,0,2
3857272,768,0.460638346,8,3,582,500,0.8591065292096219,0,0,3
3857272,1839,0.514287002,10,1,456,377,0.8267543859649122,0,0,7
3857278,797,0.9207899420000001,4,1,515,402,0.7805825242718447,3,0,1
3857278,1839,1.169654601,12,5,517,426,0.8239845261121856,1,0,5
3857277,788,0.362638976,8,2,384,301,0.7838541666666666,1,0,0
3857277,785,0.8498605050000001,5,1,686,577,0.8411078717201166,0,0,5
3857273,907,0.6156351910000001,10,3,559,438,0.7835420393559929,1,1,2
3857273,797,1.4539579476000002,21,6,363,227,0.6253443526170799,2,0,7
3857275,777,0.298346986,5,3,361,275,0.7617728531855956,1,0,7
3857275,771,0.47698937399999997,10,3,661,564,0.8532526475037822,0,0,8
3857261,907,0.208009498,7,1,351,274,0.7806267806267806,2,0,1
3857261,768,2.91548517,18,7,630,553,0.8777777777777778,0,0,6
3857290,773,1.426544536,7,3,549,461,0.8397085610200364,2,0,11
3857290,2722,0.6130733495,8,5,533,440,0.8255159474671669,1,0,5
3857298,780,2.096873393,11,5,665,576,0.8661654135338346,2,0,3
3857298,4885,0.7800233097,9,3,415,336,0.8096385542168675,4,0,3
3857285,787,0.6914927064999999,15,4,430,344,0.8,2,0,6
3857285,941,1.1238838,10,3,491,393,0.8004073319755601,1,0,7
3857282,1839,0.6024987946,6,1,610,520,0.8524590163934426,4,0,5
3857282,907,1.395336012,7,3,443,339,0.7652370203160271,2,0,3
3857297,789,1.7341724849999998,9,3,337,259,0.7685459940652819,3,0,4
3857297,799,1.971976484,17,5,582,489,0.8402061855670103,2,0,5
3857294,941,1.7139532729999998,13,4,832,747,0.8978365384615384,1,0,4
3857294,3566,0.143716575,5,3,486,396,0.8148148148148148,0,0,2
3857266,771,1.9335694290000003,21,6,540,464,0.8592592592592593,1,0,6
3857266,776,0.8885438419999999,10,2,567,479,0.8447971781305115,2,0,4
3857284,770,2.7680194209999995,26,9,826,723,0.8753026634382567,0,0,6
3857284,778,1.249259581,12,4,294,215,0.7312925170068028,0,0,6
3857254,776,1.566558758,11,5,646,544,0.8421052631578947,2,0,11
3857254,777,1.0599351179999998,13,1,417,315,0.7553956834532374,1,0,9
3857265,794,0.5291349314,11,4,544,437,0.8033088235294118,2,0,6
3857265,789,1.137926228,6,2,362,259,0.7154696132596685,1,0,5
3857301,3566,0.9600861730000001,10,3,452,362,0.8008849557522124,3,0,6
3857301,787,0.9029646219999999,12,4,547,462,0.8446069469835467,3,0,6
3857268,782,0.6700408539999999,9,3,534,451,0.8445692883895131,3,0,4
3857268,1833,2.5462123360000004,22,3,480,401,0.8354166666666667,2,0,4
3857269,781,0.922729946,13,5,597,507,0.8492462311557789,1,0,8
3857269,773,0.288629175,6,0,513,428,0.834307992202729,1,0,3
3869321,941,4.487037827,12,7,691,572,0.8277858176555717,7,0,2
3869321,779,5.856697131000001,19,9,640,531,0.8296875,8,0,8
3857292,795,1.0347440669999999,7,5,374,284,0.7593582887700535,1,0,1
3857292,770,4.316106397,31,11,766,669,0.8733681462140992,0,0,14
3857295,778,0.773533495,13,3,619,527,0.851373182552504,3,0,5
3857295,795,0.199368384,4,1,470,374,0.7957446808510639,3,0,0
3869685,779,5.892305926000001,24,14,693,560,0.8080808080808081,5,0,6
3869685,771,5.406617949,14,8,570,434,0.7614035087719299,3,0,5
3869684,785,0.8492689635999999,12,4,528,439,0.8314393939393939,0,0,6
3869684,788,0.9914571200000001,9,2,512,431,0.841796875,2,0,3
3857256,786,1.189003535,12,4,521,407,0.781190019193858,7,0,2
3857256,773,3.1035154719999998,14,7,445,346,0.7775280898876404,4,0,0
3869151,779,1.4815793030000002,14,5,728,646,0.8873626373626373,0,0,1
3869151,792,0.42611782,5,1,478,384,0.803347280334728,2,0,3
3857257,792,0.469723377,8,4,350,219,0.6257142857142857,2,0,2
3857257,776,0.737154632,14,4,715,590,0.8251748251748252,1,0,6
3857258,781,2.1238895187000004,23,9,618,539,0.872168284789644,0,0,5
3857258,786,0.16332714399999998,5,0,446,351,0.7869955156950673,3,0,4
3857288,777,1.052170345,14,4,548,406,0.7408759124087592,3,0,5
3857288,792,0.3590377687,9,2,404,274,0.6782178217821783,0,0,2
3857267,3565,1.001662787,9,4,465,362,0.7784946236559139,0,0,3
3857267,787,1.7074647099999998,13,3,311,213,0.684887459807074,1,0,6
3857287,783,0.417294332,10,1,570,475,0.8333333333333334,1,0,4
3857287,791,0.492992523,7,0,463,351,0.7580993520518359,1,0,3
3869486,788,0.972022875,9,3,249,184,0.7389558232931727,2,0,3
3869486,780,0.7441207567,12,3,731,616,0.8426812585499316,1,0,9
3857260,799,1.076111142,10,2,322,194,0.6024844720496895,6,0,1
3857260,794,2.3221233279,26,10,488,367,0.7520491803278688,1,0,8
3857264,789,0.197595245,4,0,337,267,0.7922848664688428,1,0,1
3857264,779,3.0766596990000004,24,13,909,826,0.9086908690869087,1,0,8
3857289,779,0.325204139,5,2,567,476,0.8395061728395061,1,0,4
3857289,794,0.20639165169999998,4,1,403,304,0.7543424317617866,4,0,2
3869254,780,2.2842600070000003,15,9,488,404,0.8278688524590164,0,0,6
3869254,773,1.271827172,10,3,528,438,0.8295454545454546,2,0,6
3869118,768,1.020023461,8,4,626,536,0.8562300319488818,0,0,3
3869118,787,0.972806433,10,1,408,323,0.7916666666666666,1,0,3
3869519,779,1.8643632719999998,9,7,432,358,0.8287037037037037,2,0,2
3869519,785,0.4100536413,12,2,648,559,0.8626543209876543,2,0,4
3869354,768,2.352551477,16,7,554,465,0.8393501805054152,1,0,5
3869354,771,0.8393620340000001,8,5,412,328,0.7961165048543689,3,0,2
3869552,771,2.002449116,14,2,387,316,0.8165374677002584,0,0,2
3869552,788,1.23036399,13,1,615,529,0.8601626016260162,1,0,3
3869420,785,3.766888804,13,5,737,639,0.8670284938941656,2,0,3
3869420,781,4.9503305555,24,14,747,652,0.8728246318607764,3,0,7
3869220,788,3.704374606,10,6,365,250,0.684931506849315,1,0,0
3869220,772,2.8454908599,15,3,1068,960,0.898876404494382,1,0,8
3869219,778,4.202976766,17,8,582,436,0.7491408934707904,0,0,8
3869219,785,3.988397506,21,7,796,657,0.8253768844221105,2,0,5
3869253,781,3.2614240970000004,18,10,641,566,0.8829953198127926,0,0,5
3869253,791,0.34482727739999997,8,6,555,476,0.8576576576576577,1,0,4
3869152,771,1.1263744930000001,16,8,593,505,0.851602023608769,1,0,7
3869152,789,1.593527124,12,2,488,406,0.8319672131147541,2,0,1
3869117,941,1.481948115,11,6,439,332,0.7562642369020501,2,0,4
3869117,1839,1.652097544,18,6,618,499,0.8074433656957929,0,0,5
3857270,780,1.2137340055999999,15,3,626,525,0.8386581469648562,3,0,6
3857270,783,1.216681074,11,3,438,324,0.7397260273972602,2,0,2
3857263,772,0.6395007165,7,2,663,578,0.8717948717948718,1,0,6
3857263,770,1.1469521137,11,4,371,291,0.784366576819407,3,0,5
3857259,2722,2.0703093487,13,8,395,276,0.6987341772151898,2,0,4
3857259,786,1.738067283,15,5,536,428,0.7985074626865671,2,0,3
3857283,782,0.642612082,10,4,703,604,0.8591749644381224,1,0,9
3857283,788,0.99110855,10,4,347,287,0.8270893371757925,1,0,1
3857286,3566,0.30418895050000005,5,0,468,382,0.8162393162393162,4,0,1
3857286,3565,1.1540112984,6,3,519,432,0.8323699421965318,2,0,3
3857300,779,2.491633446,15,6,646,542,0.8390092879256966,0,0,9
3857300,799,0.153461642,3,2,286,197,0.6888111888111889,6,0,2
3857299,791,1.3677928149999996,21,6,605,499,0.824793388429752,2,0,12
3857299,4885,1.1805358279999998,7,3,340,266,0.7823529411764706,2,0,5
3857293,4885,1.3926941409999998,9,4,493,384,0.7789046653144016,2,0,5
3857293,783,1.6365584506000002,12,6,469,364,0.7761194029850746,5,0,2
3857291,772,2.761923473,17,8,1090,1009,0.9256880733944954,0,0,5
3857291,795,0.0,0,0,250,172,0.688,2,0,0
3857281,785,2.6102110830000003,13,10,507,411,0.8106508875739645,2,0,5
3857281,1833,0.286795181,8,2,529,437,0.8260869565217391,2,0,2
3857280,2722,0.38336075199999997,7,3,333,254,0.7627627627627628,4,0,3
3857280,781,2.378218864,21,8,593,512,0.863406408094435,2,0,11
3857279,771,3.170495788,23,6,763,680,0.891218872870249,0,0,8
3857279,792,0.32329254,4,1,475,394,0.8294736842105264,3,0,1
3857262,791,1.398982474,12,6,388,309,0.7963917525773195,2,0,5
3857262,780,0.973722266,13,6,619,534,0.8626817447495961,0,0,4
3888705,781,3.3412576326,26,11,508,376,0.7401574803149606,0,0,13
3888705,790,0.784290558,6,3,422,282,0.6682464454976303,0,0,8
3888704,781,4.8153258679999995,41,16,474,360,0.759493670886076,0,0,8
3888704,771,1.4712429085,15,7,390,262,0.6717948717948717,0,0,5
3888854,781,2.359789981,34,12,509,409,0.8035363457760314,0,0,7
3888854,794,0.8955184839999999,9,4,432,322,0.7453703703703703,1,0,2
3888700,781,0.8668929515000001,20,6,491,423,0.8615071283095723,0,0,6
3888700,768,1.53755906,21,5,476,392,0.8235294117647058,1,0,4
3889218,781,3.6555787996000007,30,12,502,430,0.8565737051792829,0,0,8
3889218,784,0.9219819954,19,8,471,397,0.8428874734607219,0,0,6
3889217,781,2.2186872282000003,22,7,479,418,0.872651356993737,0,0,8
3889217,905,1.1669383839999998,18,4,381,307,0.8057742782152231,2,0,4
3888702,781,2.7683219039,27,8,471,400,0.8492569002123143,1,0,4
3888702,914,1.6352145005,26,9,309,243,0.7864077669902912,1,0,6
3888701,781,1.4168333882999997,23,8,478,413,0.8640167364016736,1,0,5
3888701,783,0.8424569193,18,5,359,273,0.7604456824512534,3,0,2
3888699,781,3.8133128680999997,29,11,487,406,0.8336755646817249,2,0,3
3888699,17469,2.4175017337,32,6,433,359,0.8290993071593533,1,0,6
8650,781,2.6091956661999998,25,9,532,459,0.8627819548872181,2,0,8
8650,782,0.40525613299999996,8,3,385,310,0.8051948051948052,2,0,4
7584,782,2.9178317195,28,7,618,524,0.8478964401294499,0,0,8
7584,778,0.6937694522000001,12,4,457,363,0.7943107221006565,1,0,4
7554,768,3.168321031,11,7,607,552,0.9093904448105437,1,0,3
7554,798,1.0800387518,8,2,406,349,0.8596059113300493,3,0,2
7539,789,1.042323384,10,3,585,482,0.8239316239316239,1,0,3
7539,787,1.4277506340000001,7,1,382,286,0.7486910994764397,1,0,3
7550,786,1.153485278,12,3,347,263,0.7579250720461095,4,0,3
7550,773,1.5573086895,19,5,554,467,0.8429602888086642,1,0,7
7538,790,2.015124456,16,4,477,371,0.7777777777777778,1,0,6
7538,791,0.414372021,5,0,382,289,0.756544502617801,2,0,5
7534,770,2.2992588492,26,9,619,521,0.8416801292407108,2,0,6
7534,794,0.9932887669999999,12,4,324,247,0.7623456790123457,2,0,1
7543,797,0.426459236,6,0,262,158,0.6030534351145038,2,0,2
7543,772,2.1969543835000005,18,3,816,719,0.8811274509803921,0,0,6
7544,783,1.8073869310000001,14,3,511,429,0.8395303326810176,0,0,3
7544,799,0.2734858323,8,2,584,499,0.8544520547945206,0,0,2
7546,771,1.862419556,12,4,435,332,0.7632183908045977,2,0,5
7546,784,0.625221235,12,2,548,436,0.7956204379562044,2,0,2
7545,779,1.2180579430000003,10,3,535,413,0.77196261682243,4,0,5
7545,785,1.8317100519999998,14,5,382,274,0.7172774869109948,4,0,2
7585,769,4.7486502155000005,19,8,556,429,0.7715827338129496,6,0,2
7585,768,6.161789848,22,7,605,477,0.7884297520661157,2,0,7
7569,798,0.6907955865,9,4,291,202,0.6941580756013745,1,0,0
7569,777,2.852455004,15,6,648,547,0.8441358024691358,3,0,6
7572,778,0.8906295785,11,3,587,491,0.8364565587734242,1,0,5
7572,789,1.040714051,11,2,499,400,0.8016032064128257,0,0,7
7561,793,2.1326869014999996,17,6,331,224,0.676737160120846,3,0,10
7561,785,0.6739287970000001,13,2,535,451,0.8429906542056075,1,0,5
7540,796,0.9811507970000001,12,4,467,321,0.6873661670235546,2,0,7
7540,774,1.697518253,15,2,484,360,0.743801652892562,1,0,4
7531,779,2.0805182487,28,7,796,694,0.871859296482412,0,0,10
7531,793,1.0321244945,9,2,224,137,0.6116071428571429,0,0,2
7570,768,1.2006863693,12,1,514,432,0.8404669260700389,0,0,7
7570,782,0.965334323,14,3,569,487,0.8558875219683656,2,0,2
7586,790,0.910466011,12,3,304,202,0.6644736842105263,1,0,3
7586,773,0.5329880485,16,3,615,510,0.8292682926829268,2,1,11
7557,797,1.5769696039999999,9,2,239,154,0.6443514644351465,1,0,0
7557,780,1.5224178248,15,4,630,534,0.8476190476190476,2,0,5
7542,780,0.8849862430000001,12,2,397,281,0.707808564231738,1,0,5
7542,788,1.4551028735,17,4,519,382,0.7360308285163777,1,0,7
8656,785,2.1413194335,22,7,656,492,0.75,2,0,8
8656,768,0.5466641000000001,11,1,537,403,0.750465549348231,1,0,4
7548,781,3.0963627985,23,9,750,661,0.8813333333333333,2,0,10
7548,795,0.158693415,4,0,294,205,0.6972789115646258,1,0,1
7578,774,0.36448845500000004,8,3,469,344,0.7334754797441365,1,0,0
7578,783,1.9408185930000001,16,4,623,513,0.8234349919743178,0,0,5
7553,791,0.821793252,17,6,360,279,0.775,3,0,7
7553,794,1.8775517199999998,14,5,495,422,0.8525252525252526,0,0,4
7536,782,1.212055155,15,6,610,513,0.840983606557377,3,0,9
7536,798,0.62535498,7,2,364,284,0.7802197802197802,5,0,3
7555,789,1.1141978379999997,11,2,448,340,0.7589285714285714,2,0,7
7555,769,1.3869427573000002,13,3,548,427,0.7791970802919708,0,0,5
7576,780,1.4345957890000003,10,3,388,318,0.8195876288659794,1,0,3
7576,772,1.6609466704999998,12,5,780,714,0.9153846153846154,1,0,5
7565,786,0.9483194610000001,11,1,447,337,0.7539149888143176,3,0,5
7565,781,1.419809182,15,7,653,553,0.8468606431852986,0,0,8
7551,770,1.318084832,18,5,718,619,0.862116991643454,1,0,5
7551,790,0.8151666949999999,7,6,234,164,0.7008547008547008,2,0,3
7537,777,0.945653212,6,1,368,285,0.7744565217391305,0,0,2
7537,768,2.6264497449999995,18,7,570,484,0.8491228070175438,1,0,7
7580,771,1.6380270319999999,9,4,350,283,0.8085714285714286,2,0,0
7580,779,1.446559447,12,4,535,448,0.8373831775700935,4,0,4
7581,785,6.087735598,26,11,665,517,0.7774436090225564,0,0,5
7581,776,4.613994755,19,8,581,445,0.76592082616179,1,0,4
7549,775,1.312159326,17,4,529,413,0.780718336483932,1,0,6
7549,793,1.552161967,10,3,339,224,0.6607669616519174,0,0,5
7529,785,1.6944666339999999,11,2,503,389,0.7733598409542743,2,0,6
7529,775,0.7623215977000002,13,2,425,319,0.7505882352941177,1,0,4
7562,792,1.629269625,16,2,575,489,0.8504347826086956,3,0,8
7562,784,0.3363750876,4,3,431,341,0.7911832946635731,2,0,3
7571,787,0.360865074,7,3,328,234,0.7134146341463414,1,0,1
7571,769,0.28486186999999996,4,2,466,358,0.7682403433476395,1,0,3
7568,773,1.2196792517,13,3,595,502,0.8436974789915966,2,0,6
7568,795,1.576212685,14,6,362,280,0.7734806629834254,2,0,3
7530,771,1.561557064,12,4,549,445,0.8105646630236795,1,0,5
7530,792,0.980031062,5,2,444,342,0.7702702702702703,3,0,1
7558,783,2.4825809298,16,6,526,436,0.8288973384030418,1,0,4
7558,796,0.180184531,3,1,380,290,0.7631578947368421,1,0,2
7583,781,3.320421268,19,10,410,330,0.8048780487804879,2,0,8
7583,794,0.58279982,14,1,429,353,0.8228438228438228,4,0,7
7547,776,1.014444774,10,5,478,396,0.8284518828451883,2,0,3
7547,792,1.412191891,13,5,533,442,0.8292682926829268,0,0,5
7535,795,0.5960217237,10,3,481,376,0.7817047817047817,2,0,5
7535,786,1.9925690040000001,12,2,439,335,0.7630979498861048,2,0,4
8649,783,0.693195278,10,4,352,217,0.6164772727272727,2,0,4
8649,771,0.5387829577000001,11,2,567,445,0.7848324514991182,2,0,3
8658,771,1.097963608,8,6,292,202,0.6917808219178082,1,0,2
8658,785,1.4802876897,15,3,554,448,0.8086642599277978,1,0,6
7582,772,5.358603154,29,14,1157,1026,0.8867761452031115,1,0,6
7582,796,4.5404268089999995,12,5,326,215,0.6595092024539877,2,0,5
7552,782,5.336422204999999,23,11,475,392,0.8252631578947368,0,0,3
7552,777,1.1881780826,17,5,467,374,0.8008565310492506,1,0,2
7532,784,1.926378192,17,6,435,347,0.7977011494252874,1,0,3
7532,776,1.1215676380000001,11,3,402,302,0.7512437810945274,2,0,7
7560,772,2.6044931,18,3,753,675,0.896414342629482,0,0,7
7560,788,1.0717606750000002,8,3,251,187,0.7450199203187251,6,0,1
7533,781,1.8665897939999998,21,4,555,473,0.8522522522522522,1,0,7
7533,773,0.4721066513,7,2,458,363,0.7925764192139738,2,0,2
7564,775,1.305345181,9,3,322,210,0.6521739130434783,2,0,3
7564,779,0.8505598590000001,8,3,595,479,0.8050420168067227,3,0,5
7579,783,0.47600794099999993,7,3,291,190,0.6529209621993127,0,0,2
7579,780,0.9955767281,21,4,593,486,0.8195615514333895,1,0,9
7577,788,1.0591950264999999,14,3,492,397,0.806910569105691,1,0,5
7577,797,0.6975558776999999,8,2,267,144,0.5393258426966292,3,0,2
7525,796,1.2816009420000003,14,7,388,272,0.7010309278350515,1,0,6
7525,799,0.24880649999999999,6,0,572,458,0.8006993006993007,1,0,2
7566,794,1.6107035277000001,22,3,508,404,0.7952755905511811,3,0,7
7566,790,2.7904868150000004,15,5,254,152,0.5984251968503937,2,0,3
8651,790,0.834186639,8,3,400,291,0.7275,2,0,1
8651,768,0.75823599,12,2,563,426,0.7566607460035524,1,0,6
7567,791,1.774630282,12,5,259,184,0.7104247104247104,4,0,3
7567,770,2.7064005620000002,29,6,734,631,0.8596730245231607,0,0,8
7541,769,0.8062560289999999,10,3,422,314,0.7440758293838863,2,1,3
7541,778,2.3206739599999997,14,6,630,530,0.8412698412698413,0,0,6
8655,771,1.681686764,19,5,367,301,0.8201634877384196,2,0,4
8655,782,0.5668682939999999,9,2,623,549,0.8812199036918138,3,0,5
8657,782,1.32065846,11,4,499,427,0.8557114228456913,1,0,4
8657,768,1.335356625,15,5,685,619,0.9036496350364963,2,0,5
8652,796,4.988439122,18,10,417,266,0.6378896882494005,1,0,6
8652,785,5.567974576,23,9,771,607,0.7872892347600519,4,0,8
7563,776,0.13895808480000002,5,1,342,236,0.6900584795321637,1,0,4
7563,771,0.41814049500000006,11,4,699,592,0.8469241773962805,0,0,2
7556,778,0.982192996,7,3,476,368,0.773109243697479,2,0,2
7556,787,1.8782642930000002,15,7,392,285,0.7270408163265306,3,0,5
7559,799,2.545815476,21,7,674,589,0.8738872403560831,0,0,6
7559,774,0.92372594,8,1,379,292,0.7704485488126649,2,0,1
3888718,2721,0.2054398838,11,2,347,245,0.7060518731988472,0,0,4
3888718,941,0.831800125,14,3,560,453,0.8089285714285714,0,0,6
3888720,941,2.0294978199999996,16,7,471,373,0.7919320594479831,3,0,10
3888720,770,1.4096343580000001,10,4,359,268,0.7465181058495822,1,0,10
3888719,941,0.753889324,12,6,473,366,0.773784355179704,2,0,3
3888719,781,0.9625694706000001,14,1,447,346,0.7740492170022372,3,1,1
3888717,941,2.4672334126,18,8,539,449,0.8330241187384044,2,0,5
3888717,779,0.13200836,3,1,391,300,0.7672634271099744,1,0,1
3888716,941,2.572981466,30,7,492,378,0.7682926829268293,1,0,5
3888716,790,0.686347812,8,3,307,201,0.6547231270358306,4,0,2
3750180,2721,1.067245984,13,4,311,232,0.7459807073954984,3,0,3
3750180,770,1.790322849,28,5,497,405,0.8148893360160966,0,0,10
3889148,779,1.8216716500000003,18,6,452,380,0.8407079646017699,1,0,6
3889148,782,1.0339213911999998,21,3,395,305,0.7721518987341772,1,0,5
3889149,779,1.311530699,10,5,325,244,0.7507692307692307,4,0,8
3889149,770,1.4609628710000002,12,2,368,259,0.7038043478260869,2,0,6
3750191,779,1.61461724,15,3,368,291,0.7907608695652174,1,0,4
3750191,768,0.8854242549,12,4,353,250,0.7082152974504249,1,0,6
3793185,781,1.7768976516000001,17,2,492,405,0.823170731707317,2,1,11
3793185,779,1.0229263789999998,6,4,319,237,0.7429467084639498,3,0,4
3888721,217,1.8508403467,15,8,302,232,0.7682119205298014,2,0,6
3888721,220,1.1985407940000004,10,3,352,290,0.8238636363636364,1,0,1
3888754,217,1.4074092677999999,13,5,348,250,0.7183908045977011,2,0,1
3888754,208,0.5440168902000001,14,4,378,265,0.701058201058201,3,0,2
3750248,215,0.616020179,8,4,230,134,0.5826086956521739,3,0,4
3750248,217,0.910174906,14,5,438,360,0.821917808219178,4,0,9
3890563,904,3.4965765648000002,10,5,345,215,0.6231884057971014,1,0,2
3890563,189,3.2418109805000004,21,4,438,313,0.7146118721461188,1,0,4
3890550,185,0.8709105839999999,14,6,586,475,0.810580204778157,2,0,6
3890550,904,2.0131110667000005,16,7,405,282,0.6962962962962963,2,0,3
3890540,904,1.710586608,19,7,505,384,0.7603960396039604,1,0,6
3890540,173,0.49794047399999997,8,3,454,337,0.7422907488986784,6,0,4
3890534,181,2.6342572890000002,20,8,565,457,0.8088495575221238,3,0,6
3890534,904,1.631818309,17,5,425,313,0.7364705882352941,3,0,4
3890521,904,1.106188017,12,6,526,411,0.7813688212927756,4,0,3
3890521,184,1.0195333039999999,10,6,336,212,0.6309523809523809,3,0,2
3890519,186,0.8359122777000001,17,7,548,422,0.7700729927007299,1,1,8
3890519,904,0.9316171873,12,6,501,389,0.7764471057884231,3,0,8
3890502,904,0.7493691390000001,12,5,438,318,0.726027397260274,0,0,6
3890502,179,0.889642625,10,5,515,398,0.7728155339805826,4,0,2
3890500,174,0.9012751960000001,13,5,497,368,0.7404426559356136,3,0,2
3890500,904,2.1270926130000003,15,8,411,275,0.6690997566909975,3,0,9
3890492,904,1.1164172584,13,3,371,219,0.5902964959568733,5,0,5
3890492,171,1.283962289,10,5,424,271,0.6391509433962265,2,0,7
3890477,172,1.088797371,10,5,456,329,0.7214912280701754,2,1,0
3890477,904,1.5692638895000002,20,5,609,477,0.7832512315270936,1,0,5
3890472,904,0.7845957530000001,16,6,555,430,0.7747747747747747,1,0,9
3890472,176,1.8090304264999997,11,4,327,205,0.6269113149847095,1,0,6
3890463,177,2.314230261,14,6,373,230,0.6166219839142091,1,0,1
3890463,904,0.8494687785999999,12,4,507,365,0.7199211045364892,1,0,11
3890456,904,0.6232203735,9,3,462,333,0.7207792207792207,5,0,8
3890456,180,1.644813587,6,2,433,323,0.745958429561201,1,0,1
3890444,872,1.3372974679999998,14,6,278,142,0.5107913669064749,6,0,3
3890444,904,1.433295591,13,2,421,282,0.669833729216152,3,0,6
3890431,904,0.286842782,6,2,316,204,0.6455696202531646,0,0,6
3890431,169,0.8604050019999999,9,1,532,417,0.7838345864661654,1,0,8
3890427,904,1.907045119,14,6,503,378,0.7514910536779325,0,0,6
3890427,178,0.203165896,7,2,363,243,0.6694214876033058,3,0,5
3890415,175,1.155050181,5,3,360,215,0.5972222222222222,2,0,2
3890415,904,2.01279595,17,7,607,473,0.7792421746293245,2,0,9
3890409,189,0.734314387,12,3,427,266,0.6229508196721312,2,0,6
3890409,904,0.76858379,9,2,371,234,0.6307277628032345,3,0,3
3890395,904,2.3223654254,14,6,431,320,0.7424593967517401,0,0,4
3890395,185,0.438206183,6,2,504,375,0.7440476190476191,2,0,2
3890390,173,1.0117748467,10,4,643,524,0.8149300155520995,1,0,8
3890390,904,0.9687379089999999,7,1,455,344,0.756043956043956,3,1,2
3890382,904,1.673915849,18,6,527,409,0.7760910815939279,1,0,9
3890382,181,0.8509998660000001,9,4,419,309,0.7374701670644391,2,0,5
3890370,184,0.8981380320000001,9,1,373,251,0.6729222520107239,2,0,3
3890370,904,2.0467589950000002,16,10,512,407,0.794921875,1,0,8
3890359,904,0.6675840570000001,12,4,413,314,0.7602905569007264,1,1,6
3890359,186,1.8212473279999999,16,6,390,264,0.676923076923077,2,0,9
3890350,179,1.9862431546,13,5,469,348,0.7420042643923241,0,0,5
3890350,904,1.0155034637,14,6,483,351,0.7267080745341615,2,0,5
3890346,904,2.96329161,19,6,541,382,0.7060998151571165,2,0,5
3890346,174,1.790840584,12,6,339,186,0.5486725663716814,4,0,3
3890337,171,0.41532530300000003,8,3,427,276,0.6463700234192038,6,0,3
3890337,904,0.7551200579999999,10,3,478,329,0.6882845188284519,2,0,5
3890330,904,2.551731347,22,7,618,486,0.7864077669902912,2,0,9
3890330,172,0.055498986,2,0,350,207,0.5914285714285714,3,0,1
3890315,176,0.459348833,9,0,326,173,0.5306748466257669,1,0,2
3890315,904,1.0894856128,16,5,570,422,0.7403508771929824,2,0,6
3890312,904,1.4943255796000001,20,5,638,496,0.7774294670846394,3,0,11
3890312,177,0.40785679999999996,3,2,326,200,0.6134969325153374,0,0,3
3890301,180,3.157727622,22,10,572,443,0.7744755244755245,1,0,3
3890301,904,0.7846147424000001,8,3,433,302,0.6974595842956121,3,0,1
3890288,904,1.4332424060000002,16,4,637,496,0.7786499215070644,3,0,10
3890288,872,0.33450799740000003,5,3,248,125,0.5040322580645161,1,0,4
3890278,169,2.923130628,14,6,590,497,0.8423728813559322,2,0,7
3890278,904,0.5519747970000001,10,2,315,221,0.7015873015873015,3,0,5
3890273,178,0.12731890499999998,5,3,386,248,0.6424870466321243,0,0,3
3890273,904,0.922819623,11,4,535,408,0.7626168224299066,0,0,8
3890260,904,3.4393207250000004,25,9,465,328,0.7053763440860215,1,0,13
3890260,175,0.523961415,6,2,331,196,0.5921450151057401,0,0,5
3895292,190,0.5450826365,9,0,372,281,0.7553763440860215,2,0,7
3895292,904,2.5635430059999997,20,8,708,625,0.882768361581921,2,0,10
3895320,904,1.652524151,14,6,530,425,0.8018867924528302,4,0,5
3895320,174,1.799442311,11,3,546,453,0.8296703296703297,3,0,2
3895158,904,2.144726791,24,6,727,608,0.8363136176066025,3,0,16
3895158,180,0.8077303975999999,6,2,339,251,0.7404129793510325,2,0,1
3895107,904,2.9421685534,23,10,775,711,0.9174193548387096,3,0,11
3895107,186,1.190464235,7,3,436,355,0.8142201834862385,0,0,4
3895340,868,0.314100486,3,0,311,228,0.7331189710610932,2,1,2
3895340,904,4.301661423,29,10,645,580,0.8992248062015504,1,0,6
3895286,904,2.7699830179999996,34,11,785,682,0.8687898089171975,0,0,9
3895286,175,0.6492178610000001,6,2,369,284,0.7696476964769647,1,0,2
3895302,904,3.004243277,20,10,651,584,0.8970814132104454,2,0,7
3895302,176,0.683732782,7,3,521,446,0.8560460652591171,1,0,0
3895333,184,1.4415343669999998,17,5,566,476,0.8409893992932862,0,0,10
3895333,904,2.585808739,9,6,441,373,0.8458049886621315,0,0,5
3895348,904,2.1649204039999996,20,8,771,701,0.9092088197146563,0,0,5
3895348,172,0.780331769,10,2,417,346,0.829736211031175,1,0,4
3895220,872,0.7708953119999999,8,6,391,304,0.7774936061381074,2,0,4
3895220,904,1.9519170070000003,20,7,803,716,0.8916562889165629,2,0,3
3895250,904,1.1127182105,17,5,723,622,0.8603042876901799,3,0,11
3895250,177,1.141172176,13,4,364,274,0.7527472527472527,5,1,2
3895266,904,1.7859470585000001,19,7,940,868,0.9234042553191489,1,0,9
3895266,179,0.226787301,3,1,300,229,0.7633333333333333,2,0,2
3895275,183,0.930620068,11,3,373,293,0.7855227882037533,1,0,2
3895275,904,2.5961762579999994,19,7,764,694,0.9083769633507853,0,0,8
3895180,904,2.7532404139999995,14,6,779,683,0.8767650834403081,1,0,5
3895180,184,0.184912791,4,2,494,403,0.8157894736842105,1,0,5
3895134,175,1.483510532,12,6,540,447,0.8277777777777777,3,0,4
3895134,904,1.274476137,10,5,588,511,0.8690476190476191,2,0,3
3895121,904,1.4253422826,18,2,752,673,0.8949468085106383,0,0,11
3895121,183,0.7682742250000001,10,4,329,245,0.7446808510638298,2,0,4
3895074,169,2.209524405,16,9,637,545,0.8555729984301413,0,0,7
3895074,904,2.218056773,13,5,603,522,0.8656716417910447,3,0,4
3895139,904,1.883218353,18,10,855,783,0.9157894736842105,0,0,10
3895139,190,0.038901003,2,2,402,317,0.7885572139303483,1,0,1
3895086,904,3.7083720540000003,21,10,873,791,0.9060710194730813,1,0,7
3895086,201,0.32678839,2,2,364,276,0.7582417582417582,1,0,2
3895309,180,0.5548352160000001,8,2,520,443,0.8519230769230769,4,0,2
3895309,904,1.3641123442,13,3,564,487,0.8634751773049646,3,0,6
3895258,186,0.68641333,6,0,257,188,0.7315175097276264,2,1,1
3895258,904,1.2933706569999999,17,5,874,792,0.9061784897025171,2,0,9
3895244,201,0.45726218399999996,6,3,422,296,0.7014218009478673,2,0,4
3895244,904,1.8190613249999998,18,3,662,538,0.8126888217522659,1,0,5
3895232,904,1.033846879,14,8,453,372,0.8211920529801324,3,0,4
3895232,169,0.618117409,9,1,713,615,0.8625525946704067,2,0,6
3895210,904,2.5612615059999997,28,9,1002,909,0.907185628742515,3,0,8
3895210,185,0.18367480600000002,4,3,344,264,0.7674418604651163,1,0,2
3895202,182,1.086765495,10,6,455,366,0.8043956043956044,2,0,1
3895202,904,1.8806014,18,5,675,598,0.8859259259259259,3,0,9
3895194,172,0.315864105,4,0,280,209,0.7464285714285714,3,0,0
3895194,904,1.5755370919999998,25,6,852,757,0.8884976525821596,1,0,12
3895182,904,3.400805163,16,8,786,686,0.8727735368956743,0,0,4
3895182,868,0.28767202399999997,6,1,351,249,0.7094017094017094,2,0,3
3895167,174,2.4035395946,22,10,608,528,0.868421052631579,1,0,8
3895167,904,1.532379643,19,5,564,478,0.8475177304964538,1,0,8
3895153,176,0.185946346,2,1,537,429,0.7988826815642458,3,0,1
3895153,904,1.0910592730000002,14,4,772,675,0.8743523316062176,1,0,6
3895113,179,1.1983493379999999,18,7,473,374,0.7906976744186046,3,0,4
3895113,904,1.9626719169999998,13,7,654,567,0.8669724770642202,5,0,3
3895095,177,0.43526502400000006,10,3,527,425,0.8064516129032258,4,0,3
3895095,904,0.7936648450000001,6,3,635,551,0.8677165354330708,1,0,1
3895067,904,3.304641177,25,13,820,739,0.901219512195122,3,0,4
3895067,872,0.5792024480000001,5,1,310,217,0.7,2,0,2
3895060,185,0.7992645627,12,2,502,413,0.8227091633466136,2,0,5
3895060,904,2.719870674,24,11,737,654,0.8873812754409769,3,0,8
3895052,904,1.5233641669999998,11,7,481,396,0.8232848232848233,1,0,4
3895052,182,1.7221100679999999,14,6,600,512,0.8533333333333334,2,0,5
